order_id,customer_id,product_id,order_date,quantity,price,payment_method,city
O000001,C0080,P0056,2026-03-11,2,89.79,Debit Card,West Katherinebury
O000002,C0272,P0012,2025-11-24,4,190.68,Debit Card,Port Crystalhaven
O000003,C0025,P0071,2025-11-08,3,2789.99,Debit Card,Port Anthonychester
O000004,C0106,P0066,2026-01-24,4,2622.96,Debit Card,Comptonburgh
O000005,C0109,P0050,2025-07-07,2,1915.07,Debit Card,Hurleyfort
O000006,C0018,P0078,2026-03-03,5,1746.83,Credit Card,West Troyhaven
O000007,C0245,P0057,2025-10-02,5,866.01,Debit Card,Adamsmouth
O000008,C0215,P0069,2025-10-25,5,1684.9,Debit Card,Graymouth
O000009,C0183,P0064,2025-07-13,1,1822.0,Debit Card,North Thomas
O000010,C0175,P0019,2025-10-21,4,855.47,PayPal,North Shannonstad
O000011,C0090,P0076,2025-06-12,1,2810.95,Credit Card,New Nathan
O000012,C0004,P0055,2026-04-11,3,2802.31,UPI,East Hunterberg
O000013,C0209,P0049,2025-07-12,5,1226.44,Debit Card,West Judy
O000014,C0023,P0022,2026-03-23,4,731.61,Debit Card,Hallview
O000015,C0164,P0010,2025-08-09,2,2645.95,Credit Card,East Sarahview
O000016,C0247,P0049,2025-06-21,3,287.5,PayPal,Lake Jenniferland
O000017,C0247,P0033,2025-11-03,3,472.69,UPI,Lake Jenniferland
O000018,C0090,P0036,2026-03-21,3,2789.76,UPI,New Nathan
O000019,C0073,P0039,2025-05-28,3,2628.7,Debit Card,Lake Lisahaven
O000020,C0104,P0049,2025-05-29,2,1370.23,PayPal,Port Connieview
O000021,C0265,P0038,2026-03-27,4,699.11,PayPal,West Brenda
O000022,C0165,P0008,2025-05-22,2,44.63,Debit Card,Dawnberg
O000023,C0011,P0060,2025-12-20,2,295.6,PayPal,Parsonschester
O000024,C0118,P0033,2025-06-24,2,615.6,Credit Card,Tinaside
O000025,C0111,P0052,2026-03-12,3,476.38,Debit Card,Williamshire
O000026,C0033,P0013,2026-01-03,1,1901.36,PayPal,New Christianshire
O000027,C0063,P0016,2026-01-19,3,1748.85,Debit Card,East Troy
O000028,C0034,P0020,2025-09-08,4,2314.72,Debit Card,West Aaronfort
O000029,C0102,P0051,2026-04-13,5,1680.28,PayPal,Allenville
O000030,C0024,P0032,2026-03-09,3,2526.99,Credit Card,New Ashley
O000031,C0058,P0005,2026-01-15,1,1028.46,UPI,Ruiztown
O000032,C0038,P0076,2025-11-21,1,185.68,Credit Card,Bellville
O000033,C0203,P0052,2025-08-24,5,401.96,UPI,Pierceside
O000034,C0122,P0076,2026-02-23,2,1274.79,Debit Card,Eugeneport
O000035,C0169,P0020,2026-03-18,5,507.64,UPI,Edwardsview
O000036,C0097,P0016,2025-12-15,4,2510.65,UPI,Brianstad
O000037,C0296,P0012,2025-12-07,1,2648.7,UPI,Josephfort
O000038,C0212,P0076,2025-10-04,3,2227.36,PayPal,Ortegaton
O000039,C0034,P0064,2025-12-21,5,1474.6,PayPal,West Aaronfort
O000040,C0195,P0014,2026-03-25,3,1990.54,PayPal,Port Patrickville
O000041,C0276,P0077,2025-05-20,2,575.03,UPI,Lake Jimmy
O000042,C0226,P0010,2026-02-20,3,869.22,PayPal,Theresaview
O000043,C0261,P0032,2025-12-10,2,706.01,Credit Card,Pattersonland
O000044,C0050,P0037,2026-02-12,5,1584.03,PayPal,Patriciaton
O000045,C0237,P0047,2025-05-08,4,1583.8,PayPal,West Amanda
O000046,C0232,P0054,2025-12-17,2,1162.92,UPI,East Gary
O000047,C0257,P0015,2026-04-07,4,1207.9,PayPal,Erinview
O000048,C0258,P0054,2025-10-22,5,580.63,Debit Card,South Elizabeth
O000049,C0014,P0065,2025-10-31,1,348.26,UPI,Lake Robert
O000050,C0054,P0074,2025-11-06,3,500.09,PayPal,Brianland
O000051,C0048,P0031,2025-05-22,3,958.05,Credit Card,Smithview
O000052,C0038,P0053,2025-05-07,5,1905.93,Credit Card,Bellville
O000053,C0148,P0052,2025-05-24,4,2741.08,Credit Card,Lake Megan
O000054,C0206,P0050,2026-04-22,4,1261.94,Credit Card,Christopherberg
O000055,C0158,P0012,2026-03-11,2,2959.23,PayPal,Alecborough
O000056,C0043,P0008,2025-08-14,3,1847.94,UPI,Scottburgh
O000057,C0015,P0057,2025-05-27,4,1938.91,PayPal,East Brandon
O000058,C0089,P0077,2026-03-20,3,2706.38,UPI,Taylorburgh
O000059,C0030,P0078,2025-11-24,4,907.33,Credit Card,Lake Timothy
O000060,C0229,P0029,2025-11-21,1,2219.68,UPI,Smithview
O000061,C0143,P0039,2026-01-07,3,193.22,Credit Card,Collinsborough
O000062,C0289,P0054,2025-07-24,5,1106.76,UPI,Port Juanside
O000063,C0148,P0011,2025-12-22,5,2946.17,PayPal,Lake Megan
O000064,C0272,P0062,2026-04-14,3,2224.87,UPI,Port Crystalhaven
O000065,C0276,P0069,2025-11-29,3,2502.3,Debit Card,Lake Jimmy
O000066,C0260,P0049,2025-10-10,5,274.54,Debit Card,Port Anthonystad
O000067,C0253,P0078,2025-09-24,4,1189.89,Debit Card,Lake Alicialand
O000068,C0277,P0047,2026-04-18,5,308.18,Credit Card,Hurleymouth
O000069,C0182,P0010,2025-07-31,1,2359.78,PayPal,Laurieborough
O000070,C0215,P0028,2025-09-10,4,2477.45,PayPal,Graymouth
O000071,C0189,P0042,2025-08-20,1,526.99,Credit Card,Lake Georgefurt
O000072,C0286,P0019,2025-12-01,4,2743.39,PayPal,Martinezberg
O000073,C0215,P0019,2025-05-19,4,1080.21,Credit Card,Graymouth
O000074,C0277,P0054,2025-08-09,1,1435.88,Debit Card,Hurleymouth
O000075,C0040,P0058,2025-08-15,5,318.49,UPI,North Jacqueline
O000076,C0102,P0008,2025-08-16,4,493.87,Credit Card,Allenville
O000077,C0081,P0078,2026-04-26,1,145.11,Debit Card,North Brucestad
O000078,C0214,P0009,2025-11-17,2,2395.74,Credit Card,Gallegosfurt
O000079,C0043,P0021,2026-01-10,4,1860.36,UPI,Scottburgh
O000080,C0241,P0069,2026-04-28,5,2662.57,PayPal,South Jake
O000081,C0174,P0079,2025-08-17,5,2079.38,Credit Card,Romanport
O000082,C0077,P0054,2025-12-30,1,2987.81,Credit Card,Harringtontown
O000083,C0187,P0017,2026-01-13,4,2396.46,Credit Card,South Tracytown
O000084,C0112,P0011,2026-05-07,3,2752.09,Credit Card,South Jennifer
O000085,C0033,P0060,2025-05-11,5,1031.52,UPI,New Christianshire
O000086,C0246,P0012,2025-06-10,3,1591.62,Credit Card,Lake Jason
O000087,C0003,P0006,2025-07-08,5,2772.43,Credit Card,Michaelland
O000088,C0066,P0053,2026-01-09,4,278.9,PayPal,Jimenezberg
O000089,C0274,P0064,2025-10-06,5,1248.36,Debit Card,Josephberg
O000090,C0264,P0049,2025-05-09,3,160.89,Debit Card,Lake Susanfort
O000091,C0053,P0050,2026-02-19,5,1718.51,PayPal,Jenniferburgh
O000092,C0029,P0064,2025-09-05,1,1102.47,UPI,Michaelview
O000093,C0053,P0005,2025-07-04,2,783.26,Credit Card,Jenniferburgh
O000094,C0211,P0007,2026-02-02,2,1039.52,Credit Card,Crystalburgh
O000095,C0126,P0027,2025-08-30,1,2360.49,UPI,Singletonfurt
O000096,C0144,P0019,2025-06-14,5,270.95,PayPal,South Michelleberg
O000097,C0131,P0024,2026-03-03,5,1558.16,Debit Card,Spencerland
O000098,C0293,P0001,2026-04-16,4,327.52,Credit Card,New Aaronfort
O000099,C0257,P0054,2025-07-04,4,701.53,PayPal,Erinview
O000100,C0063,P0018,2025-06-18,5,798.5,UPI,East Troy
O000101,C0171,P0036,2025-05-13,5,1206.15,UPI,West Kimberly
O000102,C0243,P0080,2026-04-24,4,1210.01,Credit Card,New Randystad
O000103,C0155,P0073,2025-10-05,5,2560.86,Credit Card,Patriciabury
O000104,C0184,P0061,2025-05-07,3,138.8,Debit Card,Danielborough
O000105,C0164,P0063,2026-04-09,5,1204.46,Debit Card,East Sarahview
O000106,C0245,P0048,2026-01-18,4,949.45,PayPal,Adamsmouth
O000107,C0001,P0069,2025-08-23,3,1371.86,PayPal,East Denise
O000108,C0041,P0003,2025-05-31,4,1512.19,UPI,Lake Alishaland
O000109,C0103,P0061,2025-12-12,2,2188.69,PayPal,Hubbardberg
O000110,C0135,P0011,2025-10-28,5,1447.04,Debit Card,South Ryanshire
O000111,C0061,P0018,2026-03-06,4,2368.59,PayPal,West Dennis
O000112,C0116,P0033,2026-04-02,1,822.34,UPI,New Amandamouth
O000113,C0148,P0062,2025-11-30,5,1570.65,Debit Card,Lake Megan
O000114,C0227,P0015,2025-07-05,5,1185.95,Debit Card,Isaacview
O000115,C0233,P0006,2025-07-19,5,1676.02,PayPal,South Jose
O000116,C0113,P0069,2025-07-14,1,1875.17,UPI,North Pamela
O000117,C0159,P0001,2025-11-05,2,795.56,Credit Card,Mullenburgh
O000118,C0127,P0061,2025-09-29,2,2528.24,Credit Card,Deannachester
O000119,C0267,P0052,2025-05-28,2,344.09,Debit Card,Lake Hannahborough
O000120,C0075,P0015,2025-05-25,4,2121.85,Debit Card,Fuentesfurt
O000121,C0196,P0007,2025-05-14,5,430.51,PayPal,Port Andrea
O000122,C0016,P0073,2025-11-18,4,1612.84,UPI,New Anthony
O000123,C0272,P0040,2025-05-15,1,2002.41,UPI,Port Crystalhaven
O000124,C0296,P0036,2026-01-30,2,2646.27,Debit Card,Josephfort
O000125,C0222,P0032,2025-09-09,2,2301.29,UPI,Shannonstad
O000126,C0193,P0064,2025-09-04,4,2137.7,PayPal,Johnathanstad
O000127,C0159,P0064,2025-10-02,1,1232.65,UPI,Mullenburgh
O000128,C0243,P0011,2026-01-05,1,403.33,UPI,New Randystad
O000129,C0188,P0018,2026-02-27,4,1608.08,UPI,West Jason
O000130,C0148,P0047,2025-05-07,1,1744.43,Credit Card,Lake Megan
O000131,C0185,P0039,2026-04-25,5,636.01,Credit Card,Vanessaburgh
O000132,C0056,P0055,2025-11-24,5,2945.72,Debit Card,South Ebonybury
O000133,C0299,P0064,2025-10-02,5,902.79,Debit Card,Marieland
O000134,C0126,P0040,2025-09-10,1,2424.14,Debit Card,Singletonfurt
O000135,C0015,P0027,2026-01-01,2,519.74,Credit Card,East Brandon
O000136,C0116,P0024,2025-09-04,4,919.7,Credit Card,New Amandamouth
O000137,C0071,P0071,2025-12-10,1,1554.97,UPI,Jennifershire
O000138,C0168,P0043,2025-11-20,3,1674.7,PayPal,South Janicefurt
O000139,C0172,P0025,2025-10-20,2,304.68,PayPal,Williamstad
O000140,C0018,P0068,2025-11-21,3,2913.76,Credit Card,West Troyhaven
O000141,C0300,P0065,2025-06-07,4,484.76,Debit Card,North Sarah
O000142,C0011,P0008,2025-08-27,5,2788.15,Credit Card,Parsonschester
O000143,C0166,P0053,2026-01-29,4,2142.13,PayPal,Brittanyberg
O000144,C0236,P0064,2025-08-30,4,2295.76,PayPal,Robinport
O000145,C0172,P0058,2025-11-12,2,2924.26,PayPal,Williamstad
O000146,C0297,P0045,2025-10-21,5,1514.29,Credit Card,West Paul
O000147,C0263,P0065,2025-06-08,5,1007.5,Credit Card,South Davidfort
O000148,C0286,P0011,2026-03-23,2,923.56,Credit Card,Martinezberg
O000149,C0036,P0039,2025-08-10,3,2017.26,Credit Card,West Bryan
O000150,C0061,P0012,2026-03-26,3,2249.87,Debit Card,West Dennis
O000151,C0293,P0033,2025-10-29,4,1581.16,UPI,New Aaronfort
O000152,C0291,P0013,2025-08-11,1,1401.83,PayPal,New Jenniferside
O000153,C0037,P0026,2025-07-21,2,2743.83,UPI,Lake Jeanetteview
O000154,C0108,P0056,2026-02-14,2,2233.62,UPI,Molinaburgh
O000155,C0194,P0067,2025-11-24,2,2511.24,Debit Card,Gabrielmouth
O000156,C0105,P0023,2026-03-23,4,1134.18,UPI,South Brianastad
O000157,C0114,P0045,2025-09-16,2,578.72,Debit Card,Port Michaelbury
O000158,C0128,P0066,2025-10-20,1,1625.67,UPI,East Angelaport
O000159,C0132,P0038,2025-08-09,2,187.16,PayPal,Christopherland
O000160,C0091,P0028,2025-11-18,1,2433.22,Debit Card,East Charles
O000161,C0180,P0024,2026-03-14,2,692.38,Debit Card,Crystalview
O000162,C0055,P0004,2025-11-15,2,1642.78,Debit Card,Ericshire
O000163,C0120,P0048,2026-01-09,2,2049.87,Debit Card,Williamsbury
O000164,C0022,P0005,2025-08-15,5,2723.07,Debit Card,South Andrea
O000165,C0206,P0061,2025-12-14,1,199.36,Credit Card,Christopherberg
O000166,C0067,P0049,2025-06-27,4,1262.71,PayPal,Smithfurt
O000167,C0031,P0059,2025-08-28,4,1511.08,Debit Card,East Deannahaven
O000168,C0030,P0030,2025-07-18,5,1697.34,PayPal,Lake Timothy
O000169,C0058,P0036,2025-12-06,1,2381.91,Debit Card,Ruiztown
O000170,C0207,P0037,2025-07-16,5,1090.52,PayPal,Castillofurt
O000171,C0069,P0055,2026-02-09,5,2005.94,Debit Card,West Kevinstad
O000172,C0275,P0001,2026-01-27,2,2995.84,UPI,Greenhaven
O000173,C0042,P0016,2026-01-28,5,1819.8,PayPal,Lewischester
O000174,C0080,P0020,2025-10-10,1,2423.95,Credit Card,West Katherinebury
O000175,C0013,P0018,2025-09-19,1,2776.21,Debit Card,New Matthew
O000176,C0252,P0039,2026-05-03,4,473.16,UPI,North Veronicaside
O000177,C0146,P0037,2025-05-10,4,2527.04,PayPal,Velazquezstad
O000178,C0054,P0043,2026-02-07,1,1846.7,PayPal,Brianland
O000179,C0234,P0028,2025-06-14,3,817.17,Credit Card,Macdonaldberg
O000180,C0198,P0031,2025-12-28,5,2167.54,PayPal,West Kristen
O000181,C0030,P0034,2025-06-08,3,1542.18,PayPal,Lake Timothy
O000182,C0107,P0058,2025-05-18,3,1212.71,PayPal,Cannonville
O000183,C0018,P0041,2026-03-27,1,1512.35,Debit Card,West Troyhaven
O000184,C0007,P0014,2025-10-19,3,1970.95,UPI,East Willie
O000185,C0284,P0006,2026-04-18,4,1749.78,UPI,North Carrie
O000186,C0284,P0009,2026-04-08,4,2612.02,Debit Card,North Carrie
O000187,C0174,P0074,2026-01-27,1,1185.17,PayPal,Romanport
O000188,C0142,P0020,2026-03-17,5,311.52,Credit Card,South Rebeccamouth
O000189,C0223,P0055,2025-11-04,3,2461.61,PayPal,New Kayla
O000190,C0291,P0034,2025-05-31,1,2106.82,UPI,New Jenniferside
O000191,C0129,P0043,2026-02-15,2,440.68,PayPal,East Julia
O000192,C0218,P0066,2025-10-04,1,617.73,UPI,North Crystal
O000193,C0149,P0031,2025-11-07,3,2725.25,Debit Card,New Allison
O000194,C0257,P0066,2026-02-17,2,1001.73,Debit Card,Erinview
O000195,C0065,P0024,2025-10-28,2,961.16,Credit Card,East Dawnfurt
O000196,C0282,P0068,2025-07-23,5,2367.23,Credit Card,North Jeremy
O000197,C0061,P0071,2025-06-11,4,2371.61,PayPal,West Dennis
O000198,C0051,P0013,2025-11-08,4,2570.9,PayPal,Brianport
O000199,C0014,P0044,2025-08-19,1,2151.87,UPI,Lake Robert
O000200,C0277,P0035,2025-09-29,1,2082.03,PayPal,Hurleymouth
O000201,C0260,P0022,2025-09-30,5,1688.62,Debit Card,Port Anthonystad
O000202,C0181,P0079,2025-09-28,1,1542.29,Debit Card,Lake Ryan
O000203,C0008,P0063,2026-02-01,3,2755.79,Credit Card,West Ryantown
O000204,C0265,P0049,2025-09-10,5,1726.4,UPI,West Brenda
O000205,C0187,P0025,2025-06-08,5,1280.24,Credit Card,South Tracytown
O000206,C0017,P0012,2025-08-09,4,1077.59,PayPal,New Claudia
O000207,C0174,P0011,2025-11-01,5,1047.56,Debit Card,Romanport
O000208,C0057,P0062,2025-08-26,1,1643.91,Debit Card,Port Austin
O000209,C0201,P0022,2025-11-09,1,2831.98,Debit Card,East Crystal
O000210,C0168,P0022,2025-12-10,5,1325.84,Debit Card,South Janicefurt
O000211,C0298,P0042,2026-03-22,1,2032.09,UPI,East Tammie
O000212,C0007,P0032,2025-11-13,2,860.87,Debit Card,East Willie
O000213,C0082,P0049,2026-01-25,2,209.16,PayPal,South Eric
O000214,C0142,P0053,2025-07-31,3,1118.31,PayPal,South Rebeccamouth
O000215,C0060,P0072,2025-10-10,1,322.94,Debit Card,Nguyentown
O000216,C0105,P0021,2025-08-19,1,1405.66,Credit Card,South Brianastad
O000217,C0041,P0034,2026-04-26,5,1208.64,PayPal,Lake Alishaland
O000218,C0137,P0063,2025-12-31,3,1778.6,UPI,Wilsonfurt
O000219,C0244,P0030,2025-07-08,5,256.44,Debit Card,Port Laura
O000220,C0009,P0050,2025-05-29,3,946.31,Credit Card,Cynthiachester
O000221,C0216,P0017,2025-07-08,5,857.31,Debit Card,North Mariastad
O000222,C0019,P0048,2026-01-23,1,2947.93,Debit Card,Bakerfurt
O000223,C0254,P0076,2025-10-03,3,2815.62,Credit Card,Hillshire
O000224,C0082,P0012,2025-07-11,4,2534.26,UPI,South Eric
O000225,C0231,P0030,2026-03-31,1,244.88,Debit Card,Matthewport
O000226,C0088,P0057,2025-05-27,2,2906.22,Debit Card,North Michaelview
O000227,C0275,P0068,2025-05-24,2,2648.86,Debit Card,Greenhaven
O000228,C0006,P0075,2026-01-21,5,2065.4,Debit Card,Port Vickie
O000229,C0222,P0060,2025-07-11,5,1171.25,UPI,Shannonstad
O000230,C0159,P0017,2025-11-15,1,1521.49,PayPal,Mullenburgh
O000231,C0104,P0065,2026-04-06,4,2882.83,UPI,Port Connieview
O000232,C0098,P0019,2025-10-23,5,2480.09,Debit Card,Chungport
O000233,C0038,P0072,2025-09-17,2,2859.19,Debit Card,Bellville
O000234,C0264,P0020,2025-09-20,1,2132.01,Credit Card,Lake Susanfort
O000235,C0119,P0066,2025-10-18,4,2740.41,UPI,Grayfort
O000236,C0152,P0041,2026-02-18,5,2388.61,Debit Card,New Jamesfort
O000237,C0139,P0005,2025-12-30,1,574.64,Debit Card,Chapmanberg
O000238,C0047,P0047,2025-05-07,5,953.7,PayPal,Lake Danielville
O000239,C0178,P0067,2025-07-03,5,2382.89,Debit Card,New Sarah
O000240,C0010,P0019,2025-05-28,3,1770.66,UPI,Housemouth
O000241,C0299,P0053,2025-11-05,2,2386.52,PayPal,Marieland
O000242,C0103,P0026,2026-03-25,3,1081.75,Debit Card,Hubbardberg
O000243,C0109,P0034,2025-08-13,1,910.96,UPI,Hurleyfort
O000244,C0296,P0004,2025-12-14,3,1381.1,Credit Card,Josephfort
O000245,C0207,P0061,2025-08-15,3,1969.14,Debit Card,Castillofurt
O000246,C0214,P0061,2026-01-25,1,624.75,PayPal,Gallegosfurt
O000247,C0193,P0079,2025-09-03,5,1895.8,Credit Card,Johnathanstad
O000248,C0255,P0030,2025-12-12,2,673.67,PayPal,Schmidtmouth
O000249,C0050,P0023,2025-09-02,2,2974.91,UPI,Patriciaton
O000250,C0038,P0034,2026-04-01,1,1997.68,UPI,Bellville
O000251,C0243,P0058,2025-06-05,1,2949.14,UPI,New Randystad
O000252,C0118,P0019,2025-12-30,2,1482.9,PayPal,Tinaside
O000253,C0167,P0029,2026-01-05,1,2473.7,PayPal,Geraldbury
O000254,C0209,P0052,2026-01-05,2,555.19,PayPal,West Judy
O000255,C0256,P0051,2026-01-17,1,1023.32,UPI,Johnsonfort
O000256,C0013,P0080,2025-08-05,3,1066.39,PayPal,New Matthew
O000257,C0089,P0034,2025-10-29,5,938.93,Debit Card,Taylorburgh
O000258,C0052,P0079,2026-04-30,5,1422.34,PayPal,Racheltown
O000259,C0261,P0058,2026-05-02,5,1511.78,PayPal,Pattersonland
O000260,C0177,P0027,2026-04-27,1,890.49,PayPal,Stuarthaven
O000261,C0270,P0056,2025-05-07,1,109.43,Credit Card,Younghaven
O000262,C0251,P0016,2025-07-23,3,2730.57,Debit Card,Lake Bruce
O000263,C0234,P0047,2025-08-06,1,1308.67,Debit Card,Macdonaldberg
O000264,C0086,P0025,2026-02-06,1,2652.78,PayPal,Melissachester
O000265,C0019,P0062,2025-09-25,3,1814.81,PayPal,Bakerfurt
O000266,C0103,P0044,2026-02-11,3,716.11,PayPal,Hubbardberg
O000267,C0040,P0012,2025-05-21,3,101.47,UPI,North Jacqueline
O000268,C0014,P0059,2025-07-14,4,720.36,Credit Card,Lake Robert
O000269,C0183,P0036,2025-05-15,5,1877.74,UPI,North Thomas
O000270,C0017,P0033,2026-03-23,2,1581.77,Credit Card,New Claudia
O000271,C0200,P0050,2026-02-27,2,665.43,Debit Card,Grayfort
O000272,C0086,P0057,2025-12-08,1,2925.21,PayPal,Melissachester
O000273,C0128,P0040,2025-11-30,2,164.24,UPI,East Angelaport
O000274,C0054,P0025,2025-05-27,2,1293.9,PayPal,Brianland
O000275,C0266,P0014,2026-03-31,3,163.38,Credit Card,Hebertmouth
O000276,C0202,P0036,2026-04-01,2,2007.25,Credit Card,Ronaldland
O000277,C0076,P0020,2025-06-30,4,2926.38,UPI,Hessville
O000278,C0160,P0019,2025-06-13,1,2936.61,Debit Card,Kimberlyton
O000279,C0163,P0003,2025-11-17,5,591.74,UPI,Rachelchester
O000280,C0023,P0044,2025-10-29,2,2766.14,PayPal,Hallview
O000281,C0042,P0054,2025-11-24,1,1045.74,Credit Card,Lewischester
O000282,C0239,P0010,2025-08-12,1,479.81,Debit Card,Philipbury
O000283,C0078,P0077,2026-03-30,4,1496.55,UPI,West Lisa
O000284,C0250,P0050,2026-02-03,1,153.96,Debit Card,Kristenton
O000285,C0059,P0025,2025-09-23,5,903.38,Debit Card,Lake Stacey
O000286,C0024,P0067,2025-07-01,2,717.68,UPI,New Ashley
O000287,C0035,P0050,2026-02-08,1,884.42,UPI,Theresaberg
O000288,C0248,P0001,2026-03-29,3,354.03,UPI,East Andrew
O000289,C0225,P0013,2026-03-24,1,478.63,Credit Card,Port Heatherview
O000290,C0221,P0028,2025-07-18,2,983.74,PayPal,North Rebeccamouth
O000291,C0036,P0072,2025-10-04,2,2527.96,UPI,West Bryan
O000292,C0076,P0021,2026-02-11,4,1531.21,UPI,Hessville
O000293,C0037,P0045,2026-04-01,2,2356.08,UPI,Lake Jeanetteview
O000294,C0295,P0037,2026-04-20,5,1784.75,PayPal,Darrylport
O000295,C0037,P0028,2025-06-07,4,58.66,UPI,Lake Jeanetteview
O000296,C0158,P0035,2026-02-18,4,969.01,PayPal,Alecborough
O000297,C0295,P0050,2025-09-14,4,1081.78,Debit Card,Darrylport
O000298,C0193,P0038,2025-12-04,1,62.53,Credit Card,Johnathanstad
O000299,C0153,P0021,2026-02-11,3,865.63,PayPal,Lake Jesus
O000300,C0032,P0068,2026-01-15,2,1290.09,PayPal,West Michelleside
O000301,C0156,P0019,2025-10-24,4,1455.94,Credit Card,Millerhaven
O000302,C0190,P0048,2026-04-17,3,745.35,Debit Card,New Jennifer
O000303,C0156,P0022,2026-03-26,3,1064.06,Credit Card,Millerhaven
O000304,C0149,P0044,2026-02-13,1,2886.14,Credit Card,New Allison
O000305,C0294,P0006,2025-09-21,1,2373.38,Debit Card,West Johnhaven
O000306,C0246,P0029,2026-03-09,3,2335.36,UPI,Lake Jason
O000307,C0118,P0071,2026-01-03,4,323.69,PayPal,Tinaside
O000308,C0208,P0079,2026-01-31,4,343.76,Debit Card,Zacharyberg
O000309,C0007,P0054,2025-11-05,1,1115.31,Credit Card,East Willie
O000310,C0130,P0048,2025-10-04,4,2168.96,PayPal,North Phillip
O000311,C0046,P0017,2025-11-30,2,552.67,Debit Card,Lake Matthew
O000312,C0073,P0022,2025-06-04,5,1673.25,UPI,Lake Lisahaven
O000313,C0272,P0079,2026-01-10,4,2230.34,Debit Card,Port Crystalhaven
O000314,C0014,P0065,2025-12-02,5,1309.43,Debit Card,Lake Robert
O000315,C0064,P0029,2025-06-13,5,2013.95,UPI,Stephenchester
O000316,C0069,P0041,2025-11-19,1,983.29,UPI,West Kevinstad
O000317,C0019,P0066,2025-12-23,4,2601.2,PayPal,Bakerfurt
O000318,C0081,P0022,2025-09-27,5,454.21,PayPal,North Brucestad
O000319,C0292,P0076,2025-08-21,4,2291.58,Credit Card,Port Wesleyshire
O000320,C0052,P0049,2026-01-31,1,2428.8,UPI,Racheltown
O000321,C0065,P0069,2026-05-02,2,205.33,UPI,East Dawnfurt
O000322,C0189,P0072,2025-06-27,4,380.93,UPI,Lake Georgefurt
O000323,C0099,P0010,2025-09-11,1,1974.28,Debit Card,Robertsonland
O000324,C0262,P0023,2026-04-22,2,1309.67,UPI,Port Jasonfurt
O000325,C0297,P0001,2026-03-01,5,2046.24,PayPal,West Paul
O000326,C0154,P0071,2026-02-23,1,1703.7,UPI,South Susanmouth
O000327,C0295,P0013,2026-04-23,5,1590.53,Credit Card,Darrylport
O000328,C0042,P0044,2025-10-21,5,1409.05,UPI,Lewischester
O000329,C0029,P0060,2025-12-19,5,1545.56,PayPal,Michaelview
O000330,C0117,P0074,2025-11-08,1,688.44,Debit Card,East Judithfurt
O000331,C0235,P0061,2026-05-03,3,1726.02,Debit Card,North Theresa
O000332,C0262,P0077,2025-10-21,5,1174.2,UPI,Port Jasonfurt
O000333,C0221,P0015,2025-05-24,4,2375.85,PayPal,North Rebeccamouth
O000334,C0093,P0055,2026-03-12,3,24.9,UPI,Rachelhaven
O000335,C0168,P0074,2025-10-27,4,2321.31,PayPal,South Janicefurt
O000336,C0166,P0009,2025-09-09,3,287.86,PayPal,Brittanyberg
O000337,C0150,P0004,2025-10-10,2,1635.87,Credit Card,North Paulside
O000338,C0056,P0049,2025-09-02,1,515.74,Debit Card,South Ebonybury
O000339,C0140,P0074,2026-03-02,3,1776.73,UPI,New Matthew
O000340,C0246,P0026,2026-01-04,5,2542.0,Credit Card,Lake Jason
O000341,C0260,P0019,2026-05-07,2,623.19,UPI,Port Anthonystad
O000342,C0259,P0080,2025-06-03,3,2152.57,Debit Card,North Markstad
O000343,C0256,P0048,2025-08-25,3,334.83,UPI,Johnsonfort
O000344,C0041,P0026,2026-01-11,3,2847.05,UPI,Lake Alishaland
O000345,C0161,P0036,2026-02-27,2,2667.59,PayPal,North Karen
O000346,C0100,P0055,2025-06-29,5,2275.27,Credit Card,Cantufurt
O000347,C0272,P0047,2025-08-10,1,1387.59,Debit Card,Port Crystalhaven
O000348,C0238,P0051,2025-09-22,5,1954.63,PayPal,South Susanborough
O000349,C0137,P0001,2025-10-21,5,444.18,Credit Card,Wilsonfurt
O000350,C0014,P0043,2025-06-24,5,1652.02,Credit Card,Lake Robert
O000351,C0222,P0060,2025-11-23,3,722.84,PayPal,Shannonstad
O000352,C0078,P0009,2025-11-19,1,411.76,PayPal,West Lisa
O000353,C0153,P0039,2026-04-10,5,682.68,Debit Card,Lake Jesus
O000354,C0257,P0010,2025-11-03,4,2099.09,PayPal,Erinview
O000355,C0100,P0077,2025-09-18,1,801.73,UPI,Cantufurt
O000356,C0104,P0010,2026-02-26,2,487.42,Debit Card,Port Connieview
O000357,C0163,P0052,2025-08-03,1,2679.04,Debit Card,Rachelchester
O000358,C0227,P0038,2026-02-15,1,624.93,UPI,Isaacview
O000359,C0229,P0046,2026-04-01,2,723.23,PayPal,Smithview
O000360,C0131,P0028,2025-10-03,5,620.92,PayPal,Spencerland
O000361,C0297,P0038,2025-09-17,1,1522.97,PayPal,West Paul
O000362,C0046,P0067,2025-06-09,3,363.85,Debit Card,Lake Matthew
O000363,C0271,P0059,2025-09-23,5,2100.67,UPI,Port Patrick
O000364,C0222,P0031,2025-06-11,4,1808.03,UPI,Shannonstad
O000365,C0191,P0047,2026-01-30,3,2381.95,Debit Card,Wheelershire
O000366,C0120,P0009,2025-05-31,3,942.99,UPI,Williamsbury
O000367,C0238,P0022,2025-05-26,1,1513.55,Debit Card,South Susanborough
O000368,C0170,P0080,2025-09-17,4,820.19,Debit Card,Cartershire
O000369,C0238,P0017,2026-03-13,2,993.28,Credit Card,South Susanborough
O000370,C0269,P0033,2025-06-17,2,1241.51,PayPal,New Michaelland
O000371,C0081,P0046,2026-03-24,4,111.09,UPI,North Brucestad
O000372,C0179,P0050,2026-01-07,5,1166.06,PayPal,Amandahaven
O000373,C0073,P0045,2025-07-17,5,584.71,Credit Card,Lake Lisahaven
O000374,C0045,P0078,2025-05-22,3,1339.65,PayPal,East Marcia
O000375,C0196,P0048,2026-04-08,3,301.03,PayPal,Port Andrea
O000376,C0115,P0079,2026-03-21,4,2602.95,Debit Card,Allisonport
O000377,C0058,P0042,2025-09-07,1,2035.82,PayPal,Ruiztown
O000378,C0263,P0040,2026-02-28,4,1217.86,Debit Card,South Davidfort
O000379,C0013,P0015,2026-03-06,3,2523.31,UPI,New Matthew
O000380,C0290,P0079,2025-07-26,3,1357.17,Debit Card,Christopherfurt
O000381,C0266,P0041,2026-01-05,1,454.83,UPI,Hebertmouth
O000382,C0126,P0054,2025-07-29,2,1593.94,Credit Card,Singletonfurt
O000383,C0044,P0017,2025-05-24,5,227.88,Debit Card,Wardchester
O000384,C0199,P0078,2025-12-13,3,2391.0,Credit Card,New Glendahaven
O000385,C0134,P0025,2026-03-27,5,881.12,Credit Card,East Sethmouth
O000386,C0075,P0042,2025-08-11,1,820.17,UPI,Fuentesfurt
O000387,C0022,P0062,2025-07-01,1,476.28,UPI,South Andrea
O000388,C0250,P0067,2025-07-17,5,889.12,Debit Card,Kristenton
O000389,C0205,P0018,2025-09-12,4,2276.33,UPI,Spencetown
O000390,C0290,P0080,2025-07-03,3,725.22,Debit Card,Christopherfurt
O000391,C0232,P0067,2026-03-20,1,954.73,PayPal,East Gary
O000392,C0014,P0032,2025-05-30,1,1170.47,Credit Card,Lake Robert
O000393,C0155,P0051,2025-08-11,2,2536.34,Debit Card,Patriciabury
O000394,C0208,P0041,2025-05-09,3,1745.55,Debit Card,Zacharyberg
O000395,C0096,P0029,2026-03-20,2,641.76,Credit Card,East Kimberlytown
O000396,C0242,P0040,2026-01-10,4,2573.62,UPI,South Garrettborough
O000397,C0209,P0013,2025-08-18,1,845.83,UPI,West Judy
O000398,C0054,P0047,2025-09-28,1,2285.47,UPI,Brianland
O000399,C0253,P0037,2026-01-05,4,1537.38,UPI,Lake Alicialand
O000400,C0207,P0061,2026-03-30,3,872.88,Credit Card,Castillofurt
O000401,C0269,P0055,2025-05-16,2,1125.43,PayPal,New Michaelland
O000402,C0146,P0043,2026-03-05,4,2657.17,UPI,Velazquezstad
O000403,C0003,P0010,2025-09-20,5,519.56,Debit Card,Michaelland
O000404,C0023,P0058,2025-05-29,5,1824.87,UPI,Hallview
O000405,C0294,P0009,2025-09-20,3,638.64,Credit Card,West Johnhaven
O000406,C0168,P0062,2026-03-08,1,628.02,Debit Card,South Janicefurt
O000407,C0235,P0047,2025-12-27,1,2109.17,UPI,North Theresa
O000408,C0227,P0016,2025-11-13,2,189.22,Credit Card,Isaacview
O000409,C0095,P0001,2025-09-29,5,2460.98,Debit Card,West Lisaberg
O000410,C0226,P0065,2025-11-06,2,444.09,Debit Card,Theresaview
O000411,C0116,P0039,2025-11-30,4,237.97,Debit Card,New Amandamouth
O000412,C0250,P0043,2025-12-03,3,2953.7,Credit Card,Kristenton
O000413,C0296,P0052,2025-07-09,3,885.61,PayPal,Josephfort
O000414,C0248,P0019,2025-09-11,3,2199.97,UPI,East Andrew
O000415,C0031,P0034,2025-11-09,4,1459.28,Credit Card,East Deannahaven
O000416,C0137,P0043,2026-02-04,4,332.34,UPI,Wilsonfurt
O000417,C0123,P0041,2025-11-23,5,903.31,UPI,East Tonyshire
O000418,C0044,P0077,2025-11-14,4,2601.11,Debit Card,Wardchester
O000419,C0129,P0024,2025-11-12,4,2934.93,UPI,East Julia
O000420,C0210,P0025,2025-09-26,1,42.94,Credit Card,North Shelly
O000421,C0248,P0068,2025-05-29,2,2381.65,Debit Card,East Andrew
O000422,C0096,P0052,2025-10-20,4,1075.53,Debit Card,East Kimberlytown
O000423,C0256,P0014,2025-06-29,5,1394.12,Debit Card,Johnsonfort
O000424,C0190,P0042,2025-07-26,5,144.8,UPI,New Jennifer
O000425,C0268,P0041,2025-10-13,4,2382.16,Debit Card,Maldonadoview
O000426,C0008,P0065,2025-09-02,1,263.49,UPI,West Ryantown
O000427,C0185,P0067,2026-03-10,2,457.74,Credit Card,Vanessaburgh
O000428,C0292,P0046,2025-09-26,2,2039.8,PayPal,Port Wesleyshire
O000429,C0109,P0047,2025-11-19,4,96.13,Credit Card,Hurleyfort
O000430,C0021,P0034,2025-11-27,1,139.76,UPI,Cherylmouth
O000431,C0037,P0015,2025-08-09,3,1622.69,UPI,Lake Jeanetteview
O000432,C0140,P0019,2026-02-06,5,1032.97,UPI,New Matthew
O000433,C0200,P0062,2025-12-27,4,596.66,Debit Card,Grayfort
O000434,C0060,P0072,2026-03-02,2,793.78,PayPal,Nguyentown
O000435,C0232,P0068,2025-07-25,2,1515.25,Credit Card,East Gary
O000436,C0230,P0038,2025-09-19,2,1515.46,Debit Card,South Rachelton
O000437,C0110,P0028,2026-01-28,5,2751.62,UPI,Allisonview
O000438,C0105,P0012,2026-03-19,2,2726.38,PayPal,South Brianastad
O000439,C0188,P0065,2025-11-25,3,164.55,UPI,West Jason
O000440,C0128,P0059,2026-01-10,2,1298.76,PayPal,East Angelaport
O000441,C0147,P0001,2025-11-28,5,2603.94,Debit Card,North Alexander
O000442,C0034,P0063,2025-11-25,2,757.91,UPI,West Aaronfort
O000443,C0300,P0072,2026-01-14,4,1625.36,PayPal,North Sarah
O000444,C0167,P0047,2025-10-01,2,1827.58,Debit Card,Geraldbury
O000445,C0149,P0024,2025-07-28,1,1080.27,UPI,New Allison
O000446,C0219,P0035,2025-12-11,4,2753.55,Debit Card,Holmesbury
O000447,C0299,P0078,2026-03-04,5,1055.73,Credit Card,Marieland
O000448,C0037,P0017,2026-01-05,3,2336.0,Debit Card,Lake Jeanetteview
O000449,C0236,P0066,2025-10-23,5,836.09,Credit Card,Robinport
O000450,C0071,P0069,2025-12-08,3,1563.2,Credit Card,Jennifershire
O000451,C0063,P0004,2025-05-11,4,2774.98,PayPal,East Troy
O000452,C0171,P0041,2025-05-14,4,2985.92,UPI,West Kimberly
O000453,C0036,P0043,2025-06-27,4,2953.55,UPI,West Bryan
O000454,C0197,P0033,2025-06-19,3,2916.05,PayPal,Jamesborough
O000455,C0105,P0015,2025-09-10,5,2175.03,UPI,South Brianastad
O000456,C0264,P0030,2025-05-31,2,2102.73,PayPal,Lake Susanfort
O000457,C0079,P0059,2025-07-13,4,2020.43,Debit Card,Stanleyland
O000458,C0033,P0055,2025-10-27,2,2354.65,PayPal,New Christianshire
O000459,C0230,P0069,2025-09-30,5,1130.06,PayPal,South Rachelton
O000460,C0108,P0037,2025-07-24,3,2766.36,Debit Card,Molinaburgh
O000461,C0083,P0041,2025-11-30,3,1095.21,UPI,East Juliaport
O000462,C0073,P0039,2025-10-16,5,2969.72,PayPal,Lake Lisahaven
O000463,C0024,P0002,2026-04-29,1,263.35,Debit Card,New Ashley
O000464,C0264,P0005,2025-06-06,2,2664.63,Debit Card,Lake Susanfort
O000465,C0255,P0012,2025-05-11,3,2550.86,PayPal,Schmidtmouth
O000466,C0049,P0001,2025-11-08,3,410.65,Credit Card,West Jasonstad
O000467,C0005,P0002,2026-04-25,3,2782.99,PayPal,Laneside
O000468,C0279,P0028,2025-05-15,3,168.62,UPI,Juanchester
O000469,C0041,P0076,2025-08-02,1,1920.31,PayPal,Lake Alishaland
O000470,C0035,P0051,2026-04-05,4,466.54,UPI,Theresaberg
O000471,C0204,P0057,2025-11-16,1,1247.95,Credit Card,Port Elizabethshire
O000472,C0100,P0007,2025-08-09,3,439.44,UPI,Cantufurt
O000473,C0266,P0055,2025-09-06,1,1561.28,Debit Card,Hebertmouth
O000474,C0007,P0047,2025-05-26,3,1350.37,PayPal,East Willie
O000475,C0090,P0012,2025-12-20,5,592.97,Debit Card,New Nathan
O000476,C0037,P0062,2025-07-22,3,2349.65,Debit Card,Lake Jeanetteview
O000477,C0091,P0072,2025-10-28,5,2081.59,Credit Card,East Charles
O000478,C0194,P0060,2025-05-12,5,1842.62,PayPal,Gabrielmouth
O000479,C0279,P0044,2025-08-07,5,1250.44,Credit Card,Juanchester
O000480,C0156,P0036,2025-07-04,1,1513.41,Debit Card,Millerhaven
O000481,C0201,P0079,2025-10-29,5,70.82,Credit Card,East Crystal
O000482,C0293,P0068,2025-08-13,3,2740.05,PayPal,New Aaronfort
O000483,C0117,P0020,2025-10-17,2,1466.9,Credit Card,East Judithfurt
O000484,C0035,P0001,2025-05-23,5,1020.04,UPI,Theresaberg
O000485,C0141,P0008,2025-06-03,1,494.98,Debit Card,Farmerburgh
O000486,C0233,P0034,2026-02-10,1,1458.33,Debit Card,South Jose
O000487,C0162,P0075,2025-10-03,3,1509.96,Debit Card,Nelsonview
O000488,C0169,P0045,2026-01-04,1,1223.31,Debit Card,Edwardsview
O000489,C0123,P0009,2025-11-06,4,180.37,PayPal,East Tonyshire
O000490,C0284,P0006,2026-01-31,4,2182.67,Credit Card,North Carrie
O000491,C0170,P0022,2026-05-01,4,2051.83,Debit Card,Cartershire
O000492,C0188,P0001,2026-01-23,5,2708.93,UPI,West Jason
O000493,C0254,P0079,2026-01-27,4,2066.55,PayPal,Hillshire
O000494,C0182,P0001,2025-08-16,1,2181.84,Credit Card,Laurieborough
O000495,C0089,P0002,2026-01-13,4,2045.0,Credit Card,Taylorburgh
O000496,C0126,P0013,2026-03-29,5,1402.69,Debit Card,Singletonfurt
O000497,C0121,P0069,2025-05-10,5,347.73,Credit Card,Port Richardstad
O000498,C0099,P0042,2026-02-07,5,2143.71,UPI,Robertsonland
O000499,C0236,P0015,2025-07-16,4,1075.74,UPI,Robinport
O000500,C0108,P0035,2026-01-12,3,1004.19,PayPal,Molinaburgh
O000501,C0094,P0028,2025-12-18,1,2276.26,UPI,Morganmouth
O000502,C0179,P0069,2025-09-12,2,2898.88,Debit Card,Amandahaven
O000503,C0013,P0047,2025-11-10,3,954.7,Debit Card,New Matthew
O000504,C0113,P0019,2026-03-07,2,683.32,Debit Card,North Pamela
O000505,C0048,P0013,2026-03-03,2,1107.31,Credit Card,Smithview
O000506,C0221,P0027,2026-04-25,5,2918.62,Debit Card,North Rebeccamouth
O000507,C0250,P0077,2026-02-06,5,1465.81,Credit Card,Kristenton
O000508,C0162,P0027,2025-11-15,3,2731.89,PayPal,Nelsonview
O000509,C0058,P0003,2025-07-07,1,764.43,PayPal,Ruiztown
O000510,C0134,P0029,2025-12-16,1,2421.06,PayPal,East Sethmouth
O000511,C0064,P0004,2025-11-19,3,174.47,PayPal,Stephenchester
O000512,C0296,P0020,2025-06-27,5,2656.88,Debit Card,Josephfort
O000513,C0148,P0023,2026-01-21,2,969.26,UPI,Lake Megan
O000514,C0008,P0014,2026-01-11,2,2808.9,Credit Card,West Ryantown
O000515,C0258,P0011,2025-07-13,5,1718.92,Credit Card,South Elizabeth
O000516,C0184,P0079,2026-02-26,4,2389.71,PayPal,Danielborough
O000517,C0119,P0008,2026-02-05,3,562.69,UPI,Grayfort
O000518,C0172,P0050,2025-10-05,4,2612.58,Credit Card,Williamstad
O000519,C0023,P0069,2025-05-30,4,2325.83,UPI,Hallview
O000520,C0201,P0077,2026-01-20,5,1188.99,PayPal,East Crystal
O000521,C0097,P0063,2025-08-13,2,618.45,Credit Card,Brianstad
O000522,C0217,P0055,2025-10-11,4,1010.84,Credit Card,Bryceside
O000523,C0269,P0026,2025-05-31,4,951.69,UPI,New Michaelland
O000524,C0020,P0042,2025-09-27,5,2800.72,PayPal,Port Juan
O000525,C0043,P0080,2025-09-01,3,1913.55,Credit Card,Scottburgh
O000526,C0125,P0039,2025-06-07,2,29.12,Debit Card,Leonardton
O000527,C0088,P0060,2026-04-03,5,1020.49,PayPal,North Michaelview
O000528,C0046,P0061,2025-05-23,2,587.23,UPI,Lake Matthew
O000529,C0183,P0037,2025-11-19,1,873.95,UPI,North Thomas
O000530,C0225,P0002,2026-03-17,5,925.11,Debit Card,Port Heatherview
O000531,C0242,P0028,2026-02-14,4,2888.03,Credit Card,South Garrettborough
O000532,C0028,P0054,2026-02-04,1,2954.51,UPI,East Kristen
O000533,C0250,P0024,2026-01-19,3,2734.65,PayPal,Kristenton
O000534,C0147,P0030,2025-09-02,2,383.87,PayPal,North Alexander
O000535,C0132,P0018,2025-05-22,2,1094.15,Debit Card,Christopherland
O000536,C0147,P0041,2025-12-13,5,670.82,UPI,North Alexander
O000537,C0102,P0029,2025-10-21,2,1815.87,Debit Card,Allenville
O000538,C0246,P0055,2025-11-26,2,1909.1,Credit Card,Lake Jason
O000539,C0022,P0009,2025-06-18,5,2875.09,Credit Card,South Andrea
O000540,C0093,P0022,2025-09-28,4,2833.76,UPI,Rachelhaven
O000541,C0096,P0027,2026-02-03,3,1950.24,UPI,East Kimberlytown
O000542,C0155,P0075,2026-03-27,3,2082.59,Debit Card,Patriciabury
O000543,C0154,P0059,2025-11-30,4,1681.09,PayPal,South Susanmouth
O000544,C0298,P0046,2026-02-11,1,2615.9,Credit Card,East Tammie
O000545,C0101,P0049,2025-12-29,3,467.22,PayPal,Kristenfort
O000546,C0126,P0041,2025-11-01,4,1136.59,UPI,Singletonfurt
O000547,C0264,P0009,2025-06-02,1,638.83,UPI,Lake Susanfort
O000548,C0187,P0080,2026-03-16,4,223.69,PayPal,South Tracytown
O000549,C0149,P0025,2025-11-03,3,847.78,PayPal,New Allison
O000550,C0132,P0046,2025-05-26,3,785.47,UPI,Christopherland
O000551,C0149,P0043,2025-07-31,3,2185.17,UPI,New Allison
O000552,C0070,P0046,2025-06-15,2,2059.45,PayPal,East Mary
O000553,C0022,P0013,2025-11-15,4,69.96,Credit Card,South Andrea
O000554,C0243,P0055,2026-02-16,1,632.35,Credit Card,New Randystad
O000555,C0106,P0038,2025-11-03,2,2407.37,Debit Card,Comptonburgh
O000556,C0093,P0021,2026-01-16,4,729.94,Debit Card,Rachelhaven
O000557,C0054,P0076,2025-08-11,4,531.45,UPI,Brianland
O000558,C0042,P0004,2026-03-01,3,696.0,Credit Card,Lewischester
O000559,C0094,P0063,2025-12-25,3,1478.56,PayPal,Morganmouth
O000560,C0206,P0016,2025-11-20,3,1251.32,PayPal,Christopherberg
O000561,C0152,P0026,2025-07-25,2,1227.25,UPI,New Jamesfort
O000562,C0119,P0029,2025-07-23,3,2682.44,UPI,Grayfort
O000563,C0090,P0046,2026-02-20,3,518.57,Credit Card,New Nathan
O000564,C0128,P0032,2026-02-23,2,2818.79,UPI,East Angelaport
O000565,C0281,P0002,2026-04-06,5,785.99,Debit Card,Crawfordmouth
O000566,C0300,P0019,2025-05-18,2,1702.98,PayPal,North Sarah
O000567,C0130,P0023,2025-05-29,2,2627.43,Credit Card,North Phillip
O000568,C0291,P0052,2026-04-26,2,2866.56,UPI,New Jenniferside
O000569,C0082,P0068,2025-11-07,2,1899.34,PayPal,South Eric
O000570,C0227,P0038,2025-08-30,5,467.91,PayPal,Isaacview
O000571,C0234,P0035,2025-12-04,1,2734.78,PayPal,Macdonaldberg
O000572,C0235,P0069,2025-09-12,4,261.56,Credit Card,North Theresa
O000573,C0205,P0076,2026-02-04,4,540.82,Debit Card,Spencetown
O000574,C0042,P0021,2025-09-18,1,2117.39,PayPal,Lewischester
O000575,C0248,P0041,2025-09-24,2,142.12,UPI,East Andrew
O000576,C0086,P0022,2025-05-08,2,2340.55,PayPal,Melissachester
O000577,C0053,P0022,2025-10-24,3,170.35,Debit Card,Jenniferburgh
O000578,C0296,P0029,2026-04-12,3,1460.4,Credit Card,Josephfort
O000579,C0007,P0050,2026-02-27,5,2641.63,PayPal,East Willie
O000580,C0169,P0074,2025-11-21,2,2020.93,Debit Card,Edwardsview
O000581,C0031,P0031,2025-08-26,2,884.29,Credit Card,East Deannahaven
O000582,C0041,P0020,2025-10-29,2,2905.35,Credit Card,Lake Alishaland
O000583,C0122,P0074,2025-06-17,1,516.86,Credit Card,Eugeneport
O000584,C0250,P0030,2025-05-19,5,1585.37,Debit Card,Kristenton
O000585,C0297,P0044,2025-09-08,4,2722.85,UPI,West Paul
O000586,C0235,P0012,2025-11-23,4,350.48,Credit Card,North Theresa
O000587,C0261,P0054,2026-04-29,3,2314.17,PayPal,Pattersonland
O000588,C0086,P0043,2025-06-01,4,2132.0,PayPal,Melissachester
O000589,C0290,P0071,2025-07-28,4,1993.12,PayPal,Christopherfurt
O000590,C0244,P0026,2025-09-14,4,2322.69,UPI,Port Laura
O000591,C0084,P0023,2026-03-01,1,1202.48,PayPal,New Kyle
O000592,C0219,P0038,2025-10-02,4,779.21,Credit Card,Holmesbury
O000593,C0287,P0063,2025-12-27,5,512.49,Debit Card,Kevinland
O000594,C0235,P0072,2025-08-30,5,212.33,Credit Card,North Theresa
O000595,C0279,P0007,2025-05-15,2,416.04,Debit Card,Juanchester
O000596,C0241,P0046,2026-04-25,5,2062.16,PayPal,South Jake
O000597,C0059,P0079,2025-12-06,2,239.15,UPI,Lake Stacey
O000598,C0238,P0078,2025-10-25,5,1074.12,UPI,South Susanborough
O000599,C0025,P0056,2025-05-15,5,2868.88,UPI,Port Anthonychester
O000600,C0295,P0058,2026-03-13,1,339.14,Credit Card,Darrylport
O000601,C0253,P0013,2025-06-11,5,625.45,Debit Card,Lake Alicialand
O000602,C0019,P0008,2025-08-23,4,454.81,Credit Card,Bakerfurt
O000603,C0013,P0044,2025-06-14,4,499.34,PayPal,New Matthew
O000604,C0246,P0004,2025-07-25,5,2820.41,UPI,Lake Jason
O000605,C0186,P0080,2026-04-29,1,1839.77,Credit Card,Arroyofurt
O000606,C0184,P0018,2026-02-21,1,2193.54,Debit Card,Danielborough
O000607,C0112,P0013,2025-12-09,3,1981.91,Debit Card,South Jennifer
O000608,C0237,P0074,2025-11-01,5,1045.25,UPI,West Amanda
O000609,C0259,P0031,2026-03-01,3,2125.36,UPI,North Markstad
O000610,C0119,P0028,2026-05-06,3,1562.85,Credit Card,Grayfort
O000611,C0096,P0006,2026-02-10,5,2674.92,Credit Card,East Kimberlytown
O000612,C0211,P0072,2025-10-15,3,1669.14,Credit Card,Crystalburgh
O000613,C0217,P0040,2026-02-16,5,2204.54,UPI,Bryceside
O000614,C0217,P0058,2025-09-16,2,807.43,Debit Card,Bryceside
O000615,C0194,P0070,2026-02-16,1,1358.34,Debit Card,Gabrielmouth
O000616,C0226,P0058,2026-04-05,4,2558.16,Credit Card,Theresaview
O000617,C0004,P0036,2026-04-07,4,922.52,Debit Card,East Hunterberg
O000618,C0222,P0042,2026-03-11,3,2846.31,PayPal,Shannonstad
O000619,C0267,P0068,2025-10-12,1,1230.0,PayPal,Lake Hannahborough
O000620,C0237,P0043,2026-03-06,2,2886.61,PayPal,West Amanda
O000621,C0077,P0034,2026-03-09,5,614.25,Credit Card,Harringtontown
O000622,C0132,P0076,2025-08-15,3,270.42,UPI,Christopherland
O000623,C0112,P0045,2025-10-31,4,1735.69,Credit Card,South Jennifer
O000624,C0217,P0014,2025-08-07,1,2751.7,UPI,Bryceside
O000625,C0208,P0018,2025-12-17,4,1731.14,Debit Card,Zacharyberg
O000626,C0233,P0079,2026-04-14,1,2004.11,PayPal,South Jose
O000627,C0053,P0036,2026-01-22,1,1200.56,Debit Card,Jenniferburgh
O000628,C0056,P0022,2025-12-10,2,2311.77,PayPal,South Ebonybury
O000629,C0021,P0080,2026-02-25,5,1583.74,Credit Card,Cherylmouth
O000630,C0208,P0028,2025-05-14,2,2081.26,Credit Card,Zacharyberg
O000631,C0179,P0057,2025-05-15,3,197.88,UPI,Amandahaven
O000632,C0034,P0061,2026-04-16,1,87.14,PayPal,West Aaronfort
O000633,C0128,P0001,2026-02-02,5,990.37,UPI,East Angelaport
O000634,C0070,P0075,2025-06-13,2,684.21,Debit Card,East Mary
O000635,C0295,P0059,2025-11-14,2,2368.88,UPI,Darrylport
O000636,C0140,P0046,2026-02-05,1,2255.05,PayPal,New Matthew
O000637,C0038,P0069,2025-10-14,2,2943.24,Debit Card,Bellville
O000638,C0227,P0020,2025-10-07,2,182.85,UPI,Isaacview
O000639,C0159,P0032,2026-05-02,3,1120.2,Credit Card,Mullenburgh
O000640,C0032,P0044,2025-09-16,1,1206.43,Debit Card,West Michelleside
O000641,C0287,P0011,2025-07-31,4,421.48,Credit Card,Kevinland
O000642,C0151,P0035,2026-02-16,1,533.04,Credit Card,West Zacharyview
O000643,C0198,P0079,2026-04-10,3,1276.47,Credit Card,West Kristen
O000644,C0044,P0077,2025-09-22,5,102.31,UPI,Wardchester
O000645,C0153,P0023,2025-10-25,5,507.81,Debit Card,Lake Jesus
O000646,C0023,P0033,2025-12-09,5,1355.59,PayPal,Hallview
O000647,C0097,P0071,2026-04-23,1,896.33,UPI,Brianstad
O000648,C0007,P0050,2026-01-16,2,2871.5,PayPal,East Willie
O000649,C0274,P0044,2025-09-17,4,1622.46,PayPal,Josephberg
O000650,C0161,P0007,2026-02-03,1,193.72,UPI,North Karen
O000651,C0295,P0045,2025-05-19,3,2348.62,PayPal,Darrylport
O000652,C0216,P0070,2025-11-15,3,1914.32,Debit Card,North Mariastad
O000653,C0013,P0042,2026-05-01,1,2189.92,Credit Card,New Matthew
O000654,C0083,P0068,2025-09-17,4,1913.25,UPI,East Juliaport
O000655,C0198,P0011,2025-11-23,5,1956.15,Credit Card,West Kristen
O000656,C0090,P0059,2026-02-27,2,2213.4,UPI,New Nathan
O000657,C0067,P0062,2025-08-26,1,422.9,Credit Card,Smithfurt
O000658,C0116,P0042,2025-12-18,1,1460.77,Debit Card,New Amandamouth
O000659,C0141,P0028,2025-06-17,5,2811.54,PayPal,Farmerburgh
O000660,C0179,P0015,2025-11-26,2,1042.84,Credit Card,Amandahaven
O000661,C0194,P0056,2025-12-05,4,2289.4,Debit Card,Gabrielmouth
O000662,C0126,P0078,2025-05-16,1,2614.33,UPI,Singletonfurt
O000663,C0293,P0018,2025-12-11,4,1925.68,Credit Card,New Aaronfort
O000664,C0116,P0074,2025-07-17,2,1787.28,PayPal,New Amandamouth
O000665,C0196,P0023,2026-02-10,4,1824.06,UPI,Port Andrea
O000666,C0011,P0044,2025-10-03,4,1583.2,Debit Card,Parsonschester
O000667,C0011,P0011,2026-04-23,3,294.47,UPI,Parsonschester
O000668,C0280,P0006,2026-04-30,1,1987.91,UPI,East Timothychester
O000669,C0030,P0003,2025-11-09,3,2813.16,UPI,Lake Timothy
O000670,C0165,P0052,2025-07-26,5,2692.52,Credit Card,Dawnberg
O000671,C0106,P0023,2026-02-07,2,1511.19,UPI,Comptonburgh
O000672,C0028,P0049,2025-12-14,1,1754.33,UPI,East Kristen
O000673,C0078,P0034,2025-08-14,1,1305.96,Debit Card,West Lisa
O000674,C0048,P0005,2026-05-04,5,248.99,PayPal,Smithview
O000675,C0088,P0076,2025-11-16,1,2567.95,Debit Card,North Michaelview
O000676,C0203,P0053,2025-09-17,1,2549.49,UPI,Pierceside
O000677,C0219,P0069,2025-11-20,4,490.51,PayPal,Holmesbury
O000678,C0165,P0052,2026-02-25,2,630.51,PayPal,Dawnberg
O000679,C0072,P0078,2025-12-02,1,54.69,PayPal,Mooreborough
O000680,C0063,P0034,2025-10-13,2,576.79,PayPal,East Troy
O000681,C0175,P0004,2026-03-09,5,948.58,PayPal,North Shannonstad
O000682,C0147,P0077,2026-02-03,5,92.36,PayPal,North Alexander
O000683,C0038,P0042,2026-02-28,4,471.25,PayPal,Bellville
O000684,C0055,P0055,2025-06-19,5,2835.16,UPI,Ericshire
O000685,C0098,P0004,2025-08-26,3,2262.3,Credit Card,Chungport
O000686,C0071,P0017,2025-05-19,2,423.05,UPI,Jennifershire
O000687,C0229,P0024,2026-03-21,2,624.37,Credit Card,Smithview
O000688,C0015,P0037,2026-05-07,1,1160.45,PayPal,East Brandon
O000689,C0179,P0054,2025-12-23,4,2492.17,Debit Card,Amandahaven
O000690,C0248,P0024,2026-04-10,3,1330.18,PayPal,East Andrew
O000691,C0173,P0069,2025-09-16,4,241.36,PayPal,Torresberg
O000692,C0233,P0041,2025-06-07,3,1245.71,UPI,South Jose
O000693,C0028,P0060,2026-02-16,3,2902.1,Debit Card,East Kristen
O000694,C0245,P0036,2026-03-26,3,467.33,UPI,Adamsmouth
O000695,C0014,P0059,2026-04-09,1,1018.64,Credit Card,Lake Robert
O000696,C0013,P0009,2025-10-08,3,2298.14,UPI,New Matthew
O000697,C0290,P0074,2025-06-01,1,1972.62,Credit Card,Christopherfurt
O000698,C0267,P0036,2026-02-21,3,2926.88,Debit Card,Lake Hannahborough
O000699,C0127,P0043,2025-06-20,1,303.41,UPI,Deannachester
O000700,C0271,P0011,2025-10-13,3,2774.91,Debit Card,Port Patrick
O000701,C0093,P0077,2025-12-17,4,2334.3,Credit Card,Rachelhaven
O000702,C0023,P0063,2025-12-16,3,2938.78,Credit Card,Hallview
O000703,C0088,P0032,2026-03-20,5,2394.05,Credit Card,North Michaelview
O000704,C0245,P0062,2025-12-22,1,894.83,Credit Card,Adamsmouth
O000705,C0120,P0063,2025-10-11,1,2982.96,Debit Card,Williamsbury
O000706,C0045,P0065,2026-02-13,5,2403.84,Debit Card,East Marcia
O000707,C0123,P0038,2026-01-09,3,126.92,PayPal,East Tonyshire
O000708,C0199,P0072,2026-02-07,3,2951.56,UPI,New Glendahaven
O000709,C0091,P0012,2025-06-28,2,1863.59,PayPal,East Charles
O000710,C0048,P0067,2025-09-28,5,2775.32,UPI,Smithview
O000711,C0115,P0071,2025-12-31,1,857.54,Credit Card,Allisonport
O000712,C0166,P0002,2026-02-27,1,380.59,Debit Card,Brittanyberg
O000713,C0029,P0047,2025-12-03,3,2778.81,UPI,Michaelview
O000714,C0047,P0075,2025-10-03,3,1545.49,Debit Card,Lake Danielville
O000715,C0071,P0033,2026-03-08,2,1155.27,UPI,Jennifershire
O000716,C0023,P0066,2026-04-28,1,684.17,PayPal,Hallview
O000717,C0005,P0009,2025-09-22,5,678.34,PayPal,Laneside
O000718,C0067,P0004,2025-11-18,5,952.87,Debit Card,Smithfurt
O000719,C0134,P0049,2025-10-12,1,732.73,Credit Card,East Sethmouth
O000720,C0176,P0025,2026-01-24,5,989.76,Debit Card,New Marco
O000721,C0251,P0069,2025-10-10,1,1087.27,PayPal,Lake Bruce
O000722,C0172,P0029,2026-01-09,3,617.46,Credit Card,Williamstad
O000723,C0072,P0037,2025-06-26,5,2527.41,UPI,Mooreborough
O000724,C0184,P0026,2025-07-28,5,1619.11,PayPal,Danielborough
O000725,C0207,P0074,2025-06-10,3,2066.46,Credit Card,Castillofurt
O000726,C0173,P0055,2025-10-15,5,1027.14,PayPal,Torresberg
O000727,C0050,P0027,2025-08-20,1,1076.65,Debit Card,Patriciaton
O000728,C0231,P0010,2026-02-06,4,1462.88,Debit Card,Matthewport
O000729,C0141,P0077,2026-04-03,3,422.05,PayPal,Farmerburgh
O000730,C0090,P0028,2025-12-13,5,2697.16,PayPal,New Nathan
O000731,C0009,P0004,2026-02-05,2,787.99,UPI,Cynthiachester
O000732,C0265,P0002,2026-05-07,2,240.72,PayPal,West Brenda
O000733,C0262,P0019,2025-10-13,1,1037.4,PayPal,Port Jasonfurt
O000734,C0222,P0002,2025-07-19,3,2226.99,PayPal,Shannonstad
O000735,C0189,P0055,2026-04-23,2,2750.77,Credit Card,Lake Georgefurt
O000736,C0275,P0052,2025-09-17,4,1470.37,UPI,Greenhaven
O000737,C0199,P0075,2026-03-18,3,785.15,PayPal,New Glendahaven
O000738,C0212,P0062,2025-12-28,1,2234.16,Debit Card,Ortegaton
O000739,C0235,P0037,2025-12-22,1,2471.84,Credit Card,North Theresa
O000740,C0099,P0020,2026-01-28,2,314.77,Debit Card,Robertsonland
O000741,C0258,P0039,2025-09-27,3,2281.27,UPI,South Elizabeth
O000742,C0123,P0058,2025-10-20,1,167.21,Credit Card,East Tonyshire
O000743,C0193,P0016,2026-01-25,5,2238.71,UPI,Johnathanstad
O000744,C0054,P0004,2025-08-09,3,1907.64,Credit Card,Brianland
O000745,C0121,P0002,2025-07-26,4,2301.1,PayPal,Port Richardstad
O000746,C0068,P0056,2025-05-31,4,916.4,Credit Card,West Cory
O000747,C0109,P0016,2026-02-13,4,663.44,PayPal,Hurleyfort
O000748,C0111,P0027,2025-07-03,2,1307.48,Debit Card,Williamshire
O000749,C0289,P0009,2026-02-22,2,1549.45,UPI,Port Juanside
O000750,C0230,P0046,2025-11-20,5,2872.26,Debit Card,South Rachelton
O000751,C0238,P0026,2025-08-01,2,1311.55,PayPal,South Susanborough
O000752,C0026,P0068,2025-07-07,4,1506.0,UPI,Lake Alison
O000753,C0216,P0060,2025-08-28,5,997.47,PayPal,North Mariastad
O000754,C0184,P0013,2025-09-27,2,1511.37,Credit Card,Danielborough
O000755,C0125,P0049,2026-03-08,5,888.35,Debit Card,Leonardton
O000756,C0270,P0017,2026-01-15,4,1078.18,UPI,Younghaven
O000757,C0175,P0022,2025-11-11,5,1573.14,Debit Card,North Shannonstad
O000758,C0158,P0002,2025-11-24,3,2798.39,Debit Card,Alecborough
O000759,C0091,P0074,2025-09-22,4,1304.14,Debit Card,East Charles
O000760,C0235,P0048,2025-11-20,1,2788.06,PayPal,North Theresa
O000761,C0109,P0076,2025-11-19,4,2894.17,UPI,Hurleyfort
O000762,C0014,P0021,2025-11-24,4,2504.56,PayPal,Lake Robert
O000763,C0240,P0040,2025-06-09,2,1469.67,Debit Card,East Timothyport
O000764,C0031,P0007,2025-11-12,1,2596.83,PayPal,East Deannahaven
O000765,C0169,P0048,2026-05-06,1,2504.55,PayPal,Edwardsview
O000766,C0121,P0027,2025-11-12,2,2841.1,PayPal,Port Richardstad
O000767,C0174,P0004,2025-07-29,2,2114.65,Debit Card,Romanport
O000768,C0294,P0027,2026-03-30,2,734.49,PayPal,West Johnhaven
O000769,C0069,P0026,2026-01-31,3,2861.19,PayPal,West Kevinstad
O000770,C0244,P0004,2026-04-08,3,782.75,Credit Card,Port Laura
O000771,C0062,P0033,2025-07-11,2,244.22,PayPal,Carlland
O000772,C0217,P0026,2026-01-13,4,339.49,Credit Card,Bryceside
O000773,C0048,P0006,2026-02-26,3,1254.08,UPI,Smithview
O000774,C0182,P0076,2026-01-10,5,2075.72,UPI,Laurieborough
O000775,C0180,P0080,2025-07-03,5,1136.05,Debit Card,Crystalview
O000776,C0070,P0030,2025-10-12,1,783.21,UPI,East Mary
O000777,C0211,P0072,2025-08-18,5,2898.4,Debit Card,Crystalburgh
O000778,C0055,P0035,2025-05-17,1,1236.55,UPI,Ericshire
O000779,C0299,P0038,2026-04-26,4,2004.82,PayPal,Marieland
O000780,C0248,P0044,2026-03-22,2,1992.26,Debit Card,East Andrew
O000781,C0097,P0056,2025-11-23,1,1223.67,Debit Card,Brianstad
O000782,C0067,P0074,2025-09-28,3,899.19,PayPal,Smithfurt
O000783,C0091,P0068,2026-05-07,4,1835.63,Debit Card,East Charles
O000784,C0085,P0003,2025-07-16,1,2896.77,Debit Card,Delgadofurt
O000785,C0024,P0014,2026-01-11,4,679.72,PayPal,New Ashley
O000786,C0016,P0005,2026-04-15,4,2249.44,PayPal,New Anthony
O000787,C0116,P0036,2025-12-08,2,2895.84,Credit Card,New Amandamouth
O000788,C0152,P0068,2025-09-23,5,1175.22,PayPal,New Jamesfort
O000789,C0056,P0045,2025-11-08,5,2144.48,Credit Card,South Ebonybury
O000790,C0084,P0002,2025-09-06,2,2647.7,Debit Card,New Kyle
O000791,C0122,P0020,2026-03-10,4,769.67,UPI,Eugeneport
O000792,C0052,P0033,2025-07-13,5,726.34,Debit Card,Racheltown
O000793,C0097,P0044,2025-05-17,5,1606.43,UPI,Brianstad
O000794,C0015,P0007,2025-09-23,3,2024.73,Credit Card,East Brandon
O000795,C0144,P0035,2025-12-04,1,856.24,PayPal,South Michelleberg
O000796,C0210,P0077,2026-02-01,5,1458.44,PayPal,North Shelly
O000797,C0065,P0038,2025-06-15,2,1860.98,UPI,East Dawnfurt
O000798,C0178,P0022,2025-07-18,1,2563.36,Credit Card,New Sarah
O000799,C0172,P0029,2026-03-31,5,1073.61,PayPal,Williamstad
O000800,C0150,P0036,2026-01-28,1,644.13,UPI,North Paulside
O000801,C0261,P0042,2025-09-29,4,1923.03,UPI,Pattersonland
O000802,C0060,P0034,2025-08-30,5,2877.74,Debit Card,Nguyentown
O000803,C0115,P0040,2026-04-05,5,2537.03,Credit Card,Allisonport
O000804,C0211,P0075,2026-04-07,2,1351.11,UPI,Crystalburgh
O000805,C0227,P0030,2025-10-08,1,682.22,Debit Card,Isaacview
O000806,C0180,P0009,2025-06-16,2,145.98,Credit Card,Crystalview
O000807,C0294,P0045,2025-09-23,1,184.58,UPI,West Johnhaven
O000808,C0248,P0049,2025-12-09,5,265.85,Debit Card,East Andrew
O000809,C0145,P0056,2025-12-17,5,1111.74,UPI,Jennifertown
O000810,C0109,P0075,2025-12-07,2,2925.83,Credit Card,Hurleyfort
O000811,C0081,P0014,2026-02-11,2,897.81,Debit Card,North Brucestad
O000812,C0017,P0057,2025-08-30,5,262.97,Credit Card,New Claudia
O000813,C0146,P0077,2026-01-19,2,1414.76,Debit Card,Velazquezstad
O000814,C0270,P0019,2025-08-05,5,481.55,PayPal,Younghaven
O000815,C0285,P0055,2026-04-12,4,1070.21,UPI,Campbellmouth
O000816,C0186,P0001,2025-07-18,2,2305.12,PayPal,Arroyofurt
O000817,C0008,P0059,2025-12-05,5,1170.96,UPI,West Ryantown
O000818,C0174,P0004,2025-10-14,1,759.92,UPI,Romanport
O000819,C0235,P0007,2025-09-16,5,1478.26,UPI,North Theresa
O000820,C0270,P0031,2025-09-29,5,2651.78,Debit Card,Younghaven
O000821,C0120,P0031,2025-11-25,3,954.34,UPI,Williamsbury
O000822,C0118,P0058,2025-09-18,1,1445.43,Debit Card,Tinaside
O000823,C0196,P0048,2025-06-20,2,2794.06,Credit Card,Port Andrea
O000824,C0027,P0034,2025-05-17,5,2014.72,UPI,New Andre
O000825,C0081,P0004,2026-03-21,5,445.49,PayPal,North Brucestad
O000826,C0210,P0014,2026-03-27,2,1121.72,Debit Card,North Shelly
O000827,C0178,P0051,2026-03-14,4,1705.08,PayPal,New Sarah
O000828,C0002,P0023,2025-09-20,5,252.7,Credit Card,Thompsonstad
O000829,C0033,P0040,2026-03-22,4,875.03,PayPal,New Christianshire
O000830,C0246,P0006,2026-02-03,2,2791.25,Credit Card,Lake Jason
O000831,C0191,P0013,2026-01-17,4,2864.77,UPI,Wheelershire
O000832,C0245,P0077,2026-01-21,4,1109.77,UPI,Adamsmouth
O000833,C0139,P0061,2025-12-29,5,35.73,UPI,Chapmanberg
O000834,C0246,P0062,2025-10-15,4,479.65,Credit Card,Lake Jason
O000835,C0200,P0063,2025-10-15,5,589.68,PayPal,Grayfort
O000836,C0278,P0067,2026-04-05,1,1498.72,Credit Card,North Emilyville
O000837,C0194,P0016,2026-01-28,3,1848.33,Credit Card,Gabrielmouth
O000838,C0008,P0072,2026-04-25,4,1510.24,UPI,West Ryantown
O000839,C0260,P0045,2025-07-23,3,1491.08,UPI,Port Anthonystad
O000840,C0113,P0075,2025-12-30,1,1088.56,Credit Card,North Pamela
O000841,C0101,P0059,2025-12-19,5,252.56,Credit Card,Kristenfort
O000842,C0017,P0053,2025-06-29,2,1061.58,Credit Card,New Claudia
O000843,C0223,P0071,2026-04-22,3,2346.87,PayPal,New Kayla
O000844,C0063,P0061,2026-02-27,4,2373.96,Credit Card,East Troy
O000845,C0102,P0043,2025-12-07,2,786.0,UPI,Allenville
O000846,C0117,P0026,2025-10-29,4,2664.71,UPI,East Judithfurt
O000847,C0096,P0003,2025-10-01,3,2029.03,Credit Card,East Kimberlytown
O000848,C0158,P0071,2026-04-24,5,1534.49,PayPal,Alecborough
O000849,C0123,P0040,2025-12-21,1,1754.0,UPI,East Tonyshire
O000850,C0284,P0051,2026-02-12,4,2768.73,Debit Card,North Carrie
O000851,C0212,P0029,2025-05-07,1,1008.67,PayPal,Ortegaton
O000852,C0144,P0080,2026-04-20,2,297.93,UPI,South Michelleberg
O000853,C0118,P0002,2025-12-10,4,151.23,UPI,Tinaside
O000854,C0161,P0068,2025-07-10,1,1642.17,Credit Card,North Karen
O000855,C0068,P0013,2025-07-24,1,2138.97,Debit Card,West Cory
O000856,C0091,P0016,2025-11-29,1,986.66,UPI,East Charles
O000857,C0082,P0070,2025-05-19,5,1535.96,UPI,South Eric
O000858,C0294,P0054,2025-12-17,3,2097.03,Credit Card,West Johnhaven
O000859,C0158,P0048,2026-03-31,5,1979.19,Credit Card,Alecborough
O000860,C0011,P0052,2026-01-19,5,1390.46,PayPal,Parsonschester
O000861,C0296,P0048,2026-04-16,2,2640.17,PayPal,Josephfort
O000862,C0227,P0063,2026-02-14,3,1882.28,PayPal,Isaacview
O000863,C0011,P0018,2025-10-26,4,328.18,Debit Card,Parsonschester
O000864,C0157,P0041,2026-03-28,4,786.87,Credit Card,Port Donald
O000865,C0137,P0010,2026-02-19,4,780.58,PayPal,Wilsonfurt
O000866,C0166,P0055,2025-10-17,5,1321.0,Debit Card,Brittanyberg
O000867,C0104,P0045,2025-10-14,3,775.97,PayPal,Port Connieview
O000868,C0081,P0077,2025-07-19,4,95.54,Debit Card,North Brucestad
O000869,C0109,P0004,2025-06-15,4,1390.4,UPI,Hurleyfort
O000870,C0052,P0047,2025-08-30,5,515.57,Credit Card,Racheltown
O000871,C0099,P0057,2025-10-09,1,511.53,Debit Card,Robertsonland
O000872,C0193,P0019,2026-03-19,5,411.79,Credit Card,Johnathanstad
O000873,C0069,P0065,2026-02-14,2,1528.24,UPI,West Kevinstad
O000874,C0044,P0037,2026-01-29,4,2220.76,PayPal,Wardchester
O000875,C0038,P0052,2026-04-14,3,1202.58,PayPal,Bellville
O000876,C0226,P0029,2025-12-25,4,759.94,PayPal,Theresaview
O000877,C0147,P0069,2026-04-07,5,2235.64,Debit Card,North Alexander
O000878,C0144,P0050,2026-04-08,4,2845.51,Debit Card,South Michelleberg
O000879,C0095,P0015,2025-06-22,3,2063.53,Credit Card,West Lisaberg
O000880,C0185,P0046,2025-12-16,5,2088.21,Debit Card,Vanessaburgh
O000881,C0049,P0028,2025-05-09,5,2024.11,Debit Card,West Jasonstad
O000882,C0238,P0028,2026-03-15,1,1773.51,Credit Card,South Susanborough
O000883,C0169,P0043,2025-08-25,1,1370.65,Debit Card,Edwardsview
O000884,C0264,P0009,2025-09-12,1,2953.36,PayPal,Lake Susanfort
O000885,C0034,P0037,2025-06-27,5,2607.02,PayPal,West Aaronfort
O000886,C0278,P0073,2025-12-19,4,1860.5,UPI,North Emilyville
O000887,C0001,P0009,2025-09-30,5,1345.81,Credit Card,East Denise
O000888,C0227,P0035,2026-03-18,3,553.85,Credit Card,Isaacview
O000889,C0134,P0061,2025-11-29,2,2991.0,Credit Card,East Sethmouth
O000890,C0248,P0065,2025-11-01,2,2393.47,Debit Card,East Andrew
O000891,C0080,P0031,2025-10-03,5,86.01,Debit Card,West Katherinebury
O000892,C0232,P0051,2026-01-31,1,1626.06,UPI,East Gary
O000893,C0045,P0032,2026-01-16,4,2605.33,Credit Card,East Marcia
O000894,C0117,P0026,2025-07-15,5,2142.21,UPI,East Judithfurt
O000895,C0079,P0069,2025-10-20,5,976.01,Debit Card,Stanleyland
O000896,C0243,P0062,2025-06-19,2,403.37,Credit Card,New Randystad
O000897,C0098,P0017,2025-06-17,4,564.49,UPI,Chungport
O000898,C0248,P0068,2025-05-14,5,1920.98,Debit Card,East Andrew
O000899,C0262,P0037,2025-06-27,2,2783.23,UPI,Port Jasonfurt
O000900,C0282,P0071,2025-08-02,5,289.7,UPI,North Jeremy
O000901,C0224,P0028,2026-03-07,1,2149.02,PayPal,West Michelleland
O000902,C0053,P0012,2026-04-02,2,452.63,Credit Card,Jenniferburgh
O000903,C0290,P0023,2025-11-30,3,337.35,UPI,Christopherfurt
O000904,C0146,P0014,2025-07-01,5,1384.89,PayPal,Velazquezstad
O000905,C0051,P0011,2026-03-28,3,139.09,Debit Card,Brianport
O000906,C0265,P0069,2026-01-04,3,2927.29,Credit Card,West Brenda
O000907,C0157,P0028,2026-04-21,3,169.24,Credit Card,Port Donald
O000908,C0061,P0022,2025-07-14,5,67.65,Debit Card,West Dennis
O000909,C0102,P0018,2025-05-22,1,776.73,Debit Card,Allenville
O000910,C0224,P0053,2025-07-22,5,2536.41,PayPal,West Michelleland
O000911,C0027,P0050,2025-12-03,4,2133.47,PayPal,New Andre
O000912,C0257,P0060,2025-06-20,3,2761.7,Debit Card,Erinview
O000913,C0268,P0053,2025-11-18,4,2418.24,UPI,Maldonadoview
O000914,C0001,P0029,2025-12-23,5,1318.89,Debit Card,East Denise
O000915,C0033,P0080,2025-08-01,3,1408.68,PayPal,New Christianshire
O000916,C0098,P0032,2025-10-15,3,2329.27,Credit Card,Chungport
O000917,C0193,P0036,2026-02-24,1,446.03,Credit Card,Johnathanstad
O000918,C0251,P0004,2026-02-16,1,2032.35,UPI,Lake Bruce
O000919,C0100,P0048,2025-12-19,1,1620.66,UPI,Cantufurt
O000920,C0150,P0063,2026-02-23,2,1039.53,UPI,North Paulside
O000921,C0046,P0071,2025-08-06,3,2424.47,Credit Card,Lake Matthew
O000922,C0125,P0020,2026-04-16,2,1887.3,Debit Card,Leonardton
O000923,C0016,P0008,2026-03-07,4,2861.67,UPI,New Anthony
O000924,C0110,P0008,2026-04-17,3,52.91,UPI,Allisonview
O000925,C0056,P0061,2025-05-30,3,2313.31,Credit Card,South Ebonybury
O000926,C0082,P0058,2025-10-10,1,799.94,Debit Card,South Eric
O000927,C0105,P0053,2025-11-27,2,451.08,UPI,South Brianastad
O000928,C0255,P0007,2025-05-24,3,1699.78,PayPal,Schmidtmouth
O000929,C0283,P0038,2025-06-20,1,1431.24,PayPal,New Craigborough
O000930,C0151,P0022,2026-05-02,2,1513.07,PayPal,West Zacharyview
O000931,C0184,P0014,2025-07-04,2,1770.87,PayPal,Danielborough
O000932,C0103,P0004,2026-02-20,2,1808.5,PayPal,Hubbardberg
O000933,C0109,P0080,2026-03-31,1,172.74,Credit Card,Hurleyfort
O000934,C0005,P0007,2025-10-12,4,2599.06,Debit Card,Laneside
O000935,C0292,P0049,2026-01-12,5,2286.22,Debit Card,Port Wesleyshire
O000936,C0005,P0046,2026-01-30,5,593.62,Credit Card,Laneside
O000937,C0269,P0021,2026-03-16,5,1067.12,PayPal,New Michaelland
O000938,C0291,P0076,2025-09-10,2,1347.72,UPI,New Jenniferside
O000939,C0182,P0069,2025-08-30,4,233.89,Credit Card,Laurieborough
O000940,C0112,P0021,2026-04-04,1,211.68,UPI,South Jennifer
O000941,C0222,P0080,2026-02-17,3,729.91,Debit Card,Shannonstad
O000942,C0241,P0005,2026-03-08,4,258.89,Debit Card,South Jake
O000943,C0159,P0068,2026-04-22,1,1716.38,Debit Card,Mullenburgh
O000944,C0086,P0040,2025-07-29,2,1544.59,PayPal,Melissachester
O000945,C0277,P0007,2026-04-18,3,2554.15,Debit Card,Hurleymouth
O000946,C0137,P0021,2025-07-21,2,468.9,Credit Card,Wilsonfurt
O000947,C0072,P0027,2026-03-26,4,871.68,Credit Card,Mooreborough
O000948,C0080,P0020,2025-11-03,1,1556.98,Debit Card,West Katherinebury
O000949,C0296,P0028,2025-07-05,2,2710.89,UPI,Josephfort
O000950,C0144,P0079,2026-05-05,2,98.19,Debit Card,South Michelleberg
O000951,C0106,P0045,2025-09-01,3,2346.4,PayPal,Comptonburgh
O000952,C0110,P0062,2026-03-22,2,2681.64,Debit Card,Allisonview
O000953,C0052,P0014,2026-04-15,2,2796.76,Credit Card,Racheltown
O000954,C0196,P0006,2025-06-16,4,1596.09,PayPal,Port Andrea
O000955,C0002,P0054,2025-12-19,2,1966.66,UPI,Thompsonstad
O000956,C0225,P0068,2025-07-22,1,2489.17,PayPal,Port Heatherview
O000957,C0022,P0073,2025-05-26,1,2703.52,PayPal,South Andrea
O000958,C0003,P0059,2025-12-09,5,239.1,UPI,Michaelland
O000959,C0213,P0016,2025-05-18,3,2043.57,Debit Card,Millerhaven
O000960,C0087,P0027,2025-10-20,4,2909.1,UPI,Rojasberg
O000961,C0169,P0020,2026-04-03,2,2639.88,UPI,Edwardsview
O000962,C0096,P0050,2025-08-16,3,2994.96,PayPal,East Kimberlytown
O000963,C0298,P0065,2026-03-28,5,2540.58,Debit Card,East Tammie
O000964,C0031,P0077,2026-02-27,5,1836.94,Debit Card,East Deannahaven
O000965,C0174,P0066,2026-02-05,3,362.84,Debit Card,Romanport
O000966,C0167,P0031,2026-03-14,4,172.21,Credit Card,Geraldbury
O000967,C0240,P0065,2026-04-27,1,1968.0,Debit Card,East Timothyport
O000968,C0137,P0019,2025-12-31,3,2136.49,Debit Card,Wilsonfurt
O000969,C0068,P0058,2026-03-31,3,2039.41,Credit Card,West Cory
O000970,C0202,P0055,2026-03-08,3,1822.89,UPI,Ronaldland
O000971,C0037,P0064,2026-01-18,5,742.12,Credit Card,Lake Jeanetteview
O000972,C0189,P0029,2025-12-17,2,837.73,Credit Card,Lake Georgefurt
O000973,C0271,P0023,2025-12-26,5,2016.22,Credit Card,Port Patrick
O000974,C0289,P0040,2025-06-22,5,869.5,PayPal,Port Juanside
O000975,C0246,P0075,2025-12-13,1,1863.49,PayPal,Lake Jason
O000976,C0023,P0016,2025-08-29,1,1524.21,UPI,Hallview
O000977,C0262,P0080,2025-11-11,1,330.77,UPI,Port Jasonfurt
O000978,C0100,P0004,2026-02-17,4,2767.61,Debit Card,Cantufurt
O000979,C0103,P0003,2026-04-28,3,1932.97,UPI,Hubbardberg
O000980,C0010,P0002,2026-01-15,1,296.53,Credit Card,Housemouth
O000981,C0027,P0041,2026-02-15,1,2630.05,Debit Card,New Andre
O000982,C0211,P0049,2025-11-04,1,2942.24,Debit Card,Crystalburgh
O000983,C0233,P0063,2026-03-02,3,1565.76,Debit Card,South Jose
O000984,C0099,P0041,2026-03-02,4,759.25,UPI,Robertsonland
O000985,C0126,P0023,2025-06-18,5,2034.74,Debit Card,Singletonfurt
O000986,C0023,P0071,2025-10-20,3,1743.14,UPI,Hallview
O000987,C0220,P0034,2025-12-05,5,1111.93,PayPal,Riveraport
O000988,C0278,P0002,2025-06-13,2,1230.28,Credit Card,North Emilyville
O000989,C0111,P0065,2026-03-18,5,1167.81,UPI,Williamshire
O000990,C0241,P0003,2025-09-20,2,2775.96,UPI,South Jake
O000991,C0018,P0043,2025-05-25,3,1275.76,Credit Card,West Troyhaven
O000992,C0115,P0060,2025-06-27,3,1001.1,Credit Card,Allisonport
O000993,C0286,P0038,2026-02-26,2,564.03,Credit Card,Martinezberg
O000994,C0085,P0037,2025-09-14,5,2537.29,Debit Card,Delgadofurt
O000995,C0073,P0042,2026-04-20,3,1699.69,Credit Card,Lake Lisahaven
O000996,C0088,P0029,2025-08-20,1,2024.66,UPI,North Michaelview
O000997,C0253,P0068,2026-02-18,5,1017.47,Credit Card,Lake Alicialand
O000998,C0257,P0034,2026-03-22,4,1222.36,Debit Card,Erinview
O000999,C0295,P0052,2025-07-04,1,106.6,Credit Card,Darrylport
O001000,C0006,P0018,2025-06-26,1,2352.8,Debit Card,Port Vickie
O001001,C0273,P0051,2026-01-04,4,230.07,Debit Card,Watersside
O001002,C0167,P0048,2026-01-02,1,1976.59,Credit Card,Geraldbury
O001003,C0179,P0033,2025-07-01,3,883.96,PayPal,Amandahaven
O001004,C0271,P0051,2025-07-31,4,2029.46,Credit Card,Port Patrick
O001005,C0091,P0027,2025-07-16,3,1649.67,Debit Card,East Charles
O001006,C0130,P0048,2025-11-29,1,1918.18,Credit Card,North Phillip
O001007,C0009,P0016,2026-04-08,3,649.47,Credit Card,Cynthiachester
O001008,C0053,P0075,2025-05-29,1,1329.12,Credit Card,Jenniferburgh
O001009,C0035,P0067,2025-07-23,5,2391.43,Credit Card,Theresaberg
O001010,C0216,P0070,2026-04-25,4,1327.73,PayPal,North Mariastad
O001011,C0122,P0011,2026-01-01,3,2211.62,PayPal,Eugeneport
O001012,C0142,P0057,2025-09-07,4,1422.67,Debit Card,South Rebeccamouth
O001013,C0183,P0042,2026-04-04,5,2712.09,Debit Card,North Thomas
O001014,C0102,P0070,2025-12-03,4,226.81,UPI,Allenville
O001015,C0106,P0014,2025-10-12,3,1479.18,UPI,Comptonburgh
O001016,C0042,P0001,2025-07-07,4,1823.02,Debit Card,Lewischester
O001017,C0291,P0045,2026-04-23,4,1790.61,UPI,New Jenniferside
O001018,C0243,P0056,2025-07-02,2,1442.9,PayPal,New Randystad
O001019,C0272,P0009,2026-04-07,5,2064.54,Credit Card,Port Crystalhaven
O001020,C0143,P0051,2025-05-14,5,781.74,PayPal,Collinsborough
O001021,C0093,P0001,2025-11-27,4,791.43,Debit Card,Rachelhaven
O001022,C0141,P0067,2025-07-13,3,546.59,Debit Card,Farmerburgh
O001023,C0232,P0025,2026-02-15,1,998.06,PayPal,East Gary
O001024,C0250,P0025,2026-02-18,5,2639.74,Debit Card,Kristenton
O001025,C0151,P0009,2025-07-20,1,568.94,UPI,West Zacharyview
O001026,C0080,P0035,2026-04-29,5,1220.76,Credit Card,West Katherinebury
O001027,C0068,P0058,2026-01-22,2,1628.05,PayPal,West Cory
O001028,C0210,P0022,2026-04-14,3,1129.25,Debit Card,North Shelly
O001029,C0195,P0059,2026-03-01,4,939.13,PayPal,Port Patrickville
O001030,C0234,P0043,2025-09-04,4,1704.86,Credit Card,Macdonaldberg
O001031,C0085,P0075,2025-11-17,5,1273.18,PayPal,Delgadofurt
O001032,C0113,P0080,2025-11-19,3,1767.46,Debit Card,North Pamela
O001033,C0243,P0066,2025-06-19,1,405.19,PayPal,New Randystad
O001034,C0102,P0053,2025-11-08,4,816.35,UPI,Allenville
O001035,C0239,P0036,2025-06-08,5,2519.49,UPI,Philipbury
O001036,C0239,P0024,2025-07-03,3,1290.59,UPI,Philipbury
O001037,C0016,P0019,2026-04-09,3,2931.72,PayPal,New Anthony
O001038,C0227,P0075,2026-05-03,5,162.91,UPI,Isaacview
O001039,C0212,P0004,2026-03-24,2,2135.32,Credit Card,Ortegaton
O001040,C0024,P0003,2025-05-18,2,1689.47,UPI,New Ashley
O001041,C0136,P0056,2026-01-21,2,2165.47,Credit Card,West Jessicabury
O001042,C0190,P0008,2025-06-15,4,2719.0,PayPal,New Jennifer
O001043,C0083,P0047,2026-04-11,5,182.74,Credit Card,East Juliaport
O001044,C0024,P0007,2025-07-14,1,1724.1,PayPal,New Ashley
O001045,C0132,P0061,2025-05-18,1,2578.9,Debit Card,Christopherland
O001046,C0229,P0014,2026-04-14,5,2885.97,UPI,Smithview
O001047,C0070,P0020,2026-05-02,5,988.82,Credit Card,East Mary
O001048,C0111,P0007,2026-01-30,3,2398.37,PayPal,Williamshire
O001049,C0159,P0021,2025-09-04,3,2706.42,Credit Card,Mullenburgh
O001050,C0045,P0048,2025-10-13,2,341.83,Debit Card,East Marcia
O001051,C0115,P0055,2025-08-20,5,1763.23,Debit Card,Allisonport
O001052,C0275,P0017,2025-10-09,4,2668.87,Credit Card,Greenhaven
O001053,C0003,P0049,2026-01-25,5,2861.5,Credit Card,Michaelland
O001054,C0110,P0072,2025-10-27,2,1536.63,PayPal,Allisonview
O001055,C0025,P0025,2026-02-16,5,2467.93,UPI,Port Anthonychester
O001056,C0256,P0043,2025-06-16,4,2216.0,UPI,Johnsonfort
O001057,C0129,P0069,2025-05-14,1,1638.79,UPI,East Julia
O001058,C0247,P0005,2025-05-29,3,2468.18,Debit Card,Lake Jenniferland
O001059,C0074,P0077,2025-07-07,2,2327.78,UPI,Port Clayton
O001060,C0095,P0014,2025-09-20,2,2362.45,UPI,West Lisaberg
O001061,C0092,P0033,2025-09-17,3,2977.54,PayPal,Ramirezville
O001062,C0001,P0047,2026-03-22,3,2335.61,Credit Card,East Denise
O001063,C0144,P0071,2025-07-04,5,2476.43,PayPal,South Michelleberg
O001064,C0283,P0063,2026-04-24,5,1173.99,Debit Card,New Craigborough
O001065,C0183,P0050,2025-11-02,5,2896.72,Debit Card,North Thomas
O001066,C0174,P0042,2026-05-06,3,574.08,UPI,Romanport
O001067,C0170,P0018,2025-10-14,4,564.89,UPI,Cartershire
O001068,C0066,P0074,2026-04-18,5,287.41,UPI,Jimenezberg
O001069,C0029,P0015,2025-06-16,3,830.44,Debit Card,Michaelview
O001070,C0004,P0060,2025-12-08,3,251.83,Credit Card,East Hunterberg
O001071,C0107,P0029,2025-06-17,3,1855.13,Credit Card,Cannonville
O001072,C0197,P0039,2025-08-21,2,1815.21,Debit Card,Jamesborough
O001073,C0137,P0021,2026-03-14,1,1177.47,PayPal,Wilsonfurt
O001074,C0132,P0004,2025-07-05,1,1489.9,Debit Card,Christopherland
O001075,C0169,P0030,2025-05-30,5,432.47,Credit Card,Edwardsview
O001076,C0227,P0068,2026-01-19,3,1335.66,Credit Card,Isaacview
O001077,C0162,P0075,2026-03-30,1,2918.12,PayPal,Nelsonview
O001078,C0247,P0079,2026-01-30,3,1555.37,UPI,Lake Jenniferland
O001079,C0006,P0070,2026-03-13,5,2379.0,Debit Card,Port Vickie
O001080,C0096,P0031,2025-12-17,5,535.61,Credit Card,East Kimberlytown
O001081,C0284,P0023,2025-06-28,5,590.28,Debit Card,North Carrie
O001082,C0186,P0061,2025-10-26,3,2099.85,UPI,Arroyofurt
O001083,C0252,P0017,2025-09-04,2,718.59,Debit Card,North Veronicaside
O001084,C0006,P0044,2025-12-29,4,2189.07,PayPal,Port Vickie
O001085,C0091,P0044,2026-01-29,2,2915.55,UPI,East Charles
O001086,C0282,P0065,2025-10-11,5,2845.13,PayPal,North Jeremy
O001087,C0090,P0031,2025-08-19,4,746.36,UPI,New Nathan
O001088,C0224,P0035,2026-04-30,3,2122.41,UPI,West Michelleland
O001089,C0113,P0020,2025-05-09,2,904.58,Debit Card,North Pamela
O001090,C0213,P0070,2026-05-01,1,1767.23,Debit Card,Millerhaven
O001091,C0123,P0044,2025-07-19,5,1410.5,Credit Card,East Tonyshire
O001092,C0170,P0058,2025-05-23,5,1256.8,Debit Card,Cartershire
O001093,C0212,P0044,2025-05-26,4,1333.43,Credit Card,Ortegaton
O001094,C0060,P0008,2025-12-08,3,2990.79,PayPal,Nguyentown
O001095,C0218,P0025,2026-04-09,1,2995.88,Credit Card,North Crystal
O001096,C0103,P0069,2025-12-01,4,2841.96,Credit Card,Hubbardberg
O001097,C0271,P0021,2025-07-09,2,621.31,UPI,Port Patrick
O001098,C0257,P0017,2025-05-21,5,1284.39,Debit Card,Erinview
O001099,C0030,P0040,2025-12-31,4,1889.37,UPI,Lake Timothy
O001100,C0210,P0050,2025-08-18,3,1801.59,UPI,North Shelly
O001101,C0087,P0076,2025-05-07,5,968.31,PayPal,Rojasberg
O001102,C0254,P0027,2026-05-02,5,613.45,Credit Card,Hillshire
O001103,C0237,P0024,2025-11-03,3,1170.6,UPI,West Amanda
O001104,C0165,P0040,2025-07-24,3,2021.16,Debit Card,Dawnberg
O001105,C0152,P0073,2025-11-13,3,2087.25,Debit Card,New Jamesfort
O001106,C0010,P0061,2026-03-25,4,414.44,Debit Card,Housemouth
O001107,C0180,P0025,2025-06-15,2,810.69,UPI,Crystalview
O001108,C0274,P0077,2025-07-30,1,2482.07,UPI,Josephberg
O001109,C0120,P0021,2026-03-28,2,285.63,Credit Card,Williamsbury
O001110,C0296,P0035,2025-08-02,4,2140.09,Debit Card,Josephfort
O001111,C0095,P0024,2026-04-04,4,851.21,UPI,West Lisaberg
O001112,C0157,P0075,2025-08-07,1,1593.17,Credit Card,Port Donald
O001113,C0023,P0070,2025-11-20,5,2450.99,Credit Card,Hallview
O001114,C0240,P0031,2026-04-25,3,1325.04,Debit Card,East Timothyport
O001115,C0010,P0042,2025-12-02,1,410.95,Credit Card,Housemouth
O001116,C0192,P0036,2025-11-05,4,427.61,PayPal,Phillipsport
O001117,C0287,P0062,2025-08-16,2,780.99,Debit Card,Kevinland
O001118,C0021,P0052,2025-08-23,3,264.04,Credit Card,Cherylmouth
O001119,C0118,P0067,2025-05-24,5,2482.6,PayPal,Tinaside
O001120,C0129,P0010,2026-04-10,5,2244.1,PayPal,East Julia
O001121,C0214,P0020,2026-01-14,1,877.84,PayPal,Gallegosfurt
O001122,C0173,P0077,2026-02-01,2,1492.63,Credit Card,Torresberg
O001123,C0177,P0068,2026-01-03,4,850.46,Credit Card,Stuarthaven
O001124,C0143,P0026,2025-05-19,2,2358.71,Credit Card,Collinsborough
O001125,C0067,P0032,2026-02-10,4,1954.57,PayPal,Smithfurt
O001126,C0038,P0036,2026-03-22,5,1695.79,Debit Card,Bellville
O001127,C0173,P0059,2025-12-25,1,1590.73,UPI,Torresberg
O001128,C0232,P0014,2025-05-23,2,831.94,Debit Card,East Gary
O001129,C0202,P0031,2026-01-27,5,446.58,Debit Card,Ronaldland
O001130,C0297,P0052,2026-01-13,3,1213.64,PayPal,West Paul
O001131,C0164,P0054,2025-09-29,3,1865.86,UPI,East Sarahview
O001132,C0274,P0039,2025-12-21,4,2889.97,PayPal,Josephberg
O001133,C0248,P0072,2026-03-23,3,1907.52,PayPal,East Andrew
O001134,C0216,P0026,2026-01-13,5,515.07,UPI,North Mariastad
O001135,C0037,P0080,2026-02-18,3,352.34,Debit Card,Lake Jeanetteview
O001136,C0153,P0017,2026-01-26,2,1492.8,Credit Card,Lake Jesus
O001137,C0166,P0024,2025-06-29,2,149.35,Credit Card,Brittanyberg
O001138,C0098,P0007,2025-09-04,3,1459.9,PayPal,Chungport
O001139,C0120,P0047,2025-08-17,4,248.46,Debit Card,Williamsbury
O001140,C0253,P0026,2025-07-14,3,1046.23,Debit Card,Lake Alicialand
O001141,C0162,P0076,2025-05-20,3,1636.34,Debit Card,Nelsonview
O001142,C0158,P0078,2026-03-21,4,2722.54,PayPal,Alecborough
O001143,C0167,P0040,2026-03-29,1,1748.84,PayPal,Geraldbury
O001144,C0249,P0045,2025-09-04,3,542.78,Debit Card,Madelineberg
O001145,C0280,P0063,2025-09-20,5,2218.16,Credit Card,East Timothychester
O001146,C0151,P0046,2025-07-26,5,976.55,Debit Card,West Zacharyview
O001147,C0186,P0071,2025-12-29,5,2195.68,UPI,Arroyofurt
O001148,C0138,P0070,2025-08-12,3,1097.1,Debit Card,South Steve
O001149,C0300,P0040,2026-02-02,1,131.44,Debit Card,North Sarah
O001150,C0084,P0040,2026-04-18,5,2336.3,PayPal,New Kyle
O001151,C0179,P0037,2026-01-22,3,2448.14,UPI,Amandahaven
O001152,C0266,P0038,2025-08-15,4,2598.55,Debit Card,Hebertmouth
O001153,C0253,P0016,2025-07-05,5,2674.33,Debit Card,Lake Alicialand
O001154,C0147,P0065,2025-06-13,4,1917.98,Debit Card,North Alexander
O001155,C0254,P0010,2025-08-30,4,70.04,Debit Card,Hillshire
O001156,C0096,P0079,2025-12-15,1,2156.6,UPI,East Kimberlytown
O001157,C0295,P0012,2026-01-22,4,1133.67,PayPal,Darrylport
O001158,C0264,P0077,2026-02-27,5,188.47,Credit Card,Lake Susanfort
O001159,C0120,P0043,2026-01-17,3,1444.34,Credit Card,Williamsbury
O001160,C0296,P0015,2026-04-29,4,2506.07,PayPal,Josephfort
O001161,C0224,P0006,2025-11-14,2,1082.54,Debit Card,West Michelleland
O001162,C0181,P0037,2025-11-17,1,2845.23,Credit Card,Lake Ryan
O001163,C0255,P0020,2025-08-28,4,1509.8,PayPal,Schmidtmouth
O001164,C0218,P0009,2025-07-26,1,595.67,UPI,North Crystal
O001165,C0053,P0044,2025-05-23,2,730.33,Credit Card,Jenniferburgh
O001166,C0264,P0041,2025-07-18,5,2140.64,Debit Card,Lake Susanfort
O001167,C0229,P0071,2025-08-07,2,1701.99,Credit Card,Smithview
O001168,C0225,P0043,2026-04-01,4,2340.29,Debit Card,Port Heatherview
O001169,C0179,P0034,2025-12-02,4,2632.86,PayPal,Amandahaven
O001170,C0240,P0029,2025-07-11,3,1103.44,Debit Card,East Timothyport
O001171,C0295,P0076,2026-01-26,3,2489.09,PayPal,Darrylport
O001172,C0165,P0078,2025-06-04,4,2267.0,UPI,Dawnberg
O001173,C0011,P0065,2026-03-06,3,2047.82,Debit Card,Parsonschester
O001174,C0179,P0011,2026-01-31,2,1001.36,UPI,Amandahaven
O001175,C0174,P0051,2025-12-26,4,43.18,Debit Card,Romanport
O001176,C0127,P0068,2025-08-21,5,1309.21,Credit Card,Deannachester
O001177,C0290,P0063,2025-10-31,3,1419.06,UPI,Christopherfurt
O001178,C0170,P0060,2026-04-23,1,518.18,PayPal,Cartershire
O001179,C0006,P0050,2025-08-14,4,2640.8,UPI,Port Vickie
O001180,C0114,P0071,2025-12-17,1,1951.05,PayPal,Port Michaelbury
O001181,C0065,P0070,2025-11-03,5,2869.22,Debit Card,East Dawnfurt
O001182,C0040,P0044,2026-03-21,1,1242.81,UPI,North Jacqueline
O001183,C0220,P0002,2026-01-12,3,1327.87,Debit Card,Riveraport
O001184,C0091,P0001,2025-09-09,4,1085.47,Debit Card,East Charles
O001185,C0266,P0024,2025-12-16,2,2607.59,Debit Card,Hebertmouth
O001186,C0041,P0045,2026-01-30,3,2445.09,PayPal,Lake Alishaland
O001187,C0027,P0030,2025-09-23,5,158.68,UPI,New Andre
O001188,C0119,P0002,2025-05-28,2,23.43,UPI,Grayfort
O001189,C0009,P0055,2026-01-01,1,1116.3,UPI,Cynthiachester
O001190,C0293,P0050,2026-03-10,5,587.62,PayPal,New Aaronfort
O001191,C0040,P0053,2025-11-05,3,384.88,UPI,North Jacqueline
O001192,C0040,P0055,2025-07-29,5,969.11,Debit Card,North Jacqueline
O001193,C0023,P0043,2025-06-22,4,2125.08,PayPal,Hallview
O001194,C0231,P0031,2025-08-20,3,2140.0,PayPal,Matthewport
O001195,C0189,P0036,2026-04-08,4,133.97,Credit Card,Lake Georgefurt
O001196,C0284,P0072,2025-11-12,3,766.63,UPI,North Carrie
O001197,C0276,P0014,2025-07-22,5,2774.19,UPI,Lake Jimmy
O001198,C0023,P0072,2025-08-19,4,1768.77,Debit Card,Hallview
O001199,C0235,P0034,2026-02-26,5,1118.0,Credit Card,North Theresa
O001200,C0048,P0001,2026-04-25,4,402.04,Debit Card,Smithview
O001201,C0161,P0076,2025-08-25,3,2403.81,UPI,North Karen
O001202,C0111,P0024,2025-09-22,2,73.72,PayPal,Williamshire
O001203,C0122,P0014,2025-09-22,4,315.51,UPI,Eugeneport
O001204,C0146,P0032,2026-01-21,2,1787.71,Credit Card,Velazquezstad
O001205,C0126,P0005,2025-11-19,3,1683.95,PayPal,Singletonfurt
O001206,C0047,P0062,2025-06-10,2,981.9,PayPal,Lake Danielville
O001207,C0180,P0037,2025-07-05,2,1828.83,UPI,Crystalview
O001208,C0132,P0034,2025-07-23,1,626.83,Debit Card,Christopherland
O001209,C0197,P0024,2026-03-31,1,570.22,UPI,Jamesborough
O001210,C0129,P0055,2025-09-03,3,2161.72,PayPal,East Julia
O001211,C0124,P0069,2026-04-06,2,831.68,Debit Card,New Nathan
O001212,C0233,P0047,2025-09-17,5,1241.01,Debit Card,South Jose
O001213,C0123,P0050,2026-03-23,2,558.57,Credit Card,East Tonyshire
O001214,C0220,P0067,2026-04-22,2,1698.29,Credit Card,Riveraport
O001215,C0029,P0067,2026-02-07,5,123.89,Debit Card,Michaelview
O001216,C0110,P0074,2026-04-05,4,1672.22,Debit Card,Allisonview
O001217,C0117,P0033,2026-01-23,4,99.12,Credit Card,East Judithfurt
O001218,C0059,P0008,2026-03-03,3,843.5,UPI,Lake Stacey
O001219,C0230,P0004,2026-01-24,1,2532.68,UPI,South Rachelton
O001220,C0046,P0030,2025-06-01,5,2164.0,UPI,Lake Matthew
O001221,C0294,P0063,2025-09-18,2,392.86,Debit Card,West Johnhaven
O001222,C0263,P0037,2025-09-12,1,2908.06,Debit Card,South Davidfort
O001223,C0205,P0064,2025-10-01,1,1070.19,PayPal,Spencetown
O001224,C0281,P0042,2025-10-16,3,223.15,Debit Card,Crawfordmouth
O001225,C0008,P0025,2025-10-13,4,1187.56,UPI,West Ryantown
O001226,C0201,P0059,2025-06-14,1,2436.16,UPI,East Crystal
O001227,C0181,P0047,2026-03-24,3,1541.38,Debit Card,Lake Ryan
O001228,C0094,P0019,2025-11-11,1,1744.06,Credit Card,Morganmouth
O001229,C0030,P0061,2025-05-30,4,2875.98,Debit Card,Lake Timothy
O001230,C0109,P0042,2026-02-21,1,2091.38,Credit Card,Hurleyfort
O001231,C0152,P0005,2025-09-04,2,712.21,UPI,New Jamesfort
O001232,C0263,P0031,2026-04-24,3,2119.59,PayPal,South Davidfort
O001233,C0013,P0070,2025-05-13,3,2221.2,Credit Card,New Matthew
O001234,C0073,P0028,2026-04-18,3,1177.37,Credit Card,Lake Lisahaven
O001235,C0273,P0013,2026-04-02,1,219.68,Debit Card,Watersside
O001236,C0297,P0060,2025-10-15,5,1944.18,Debit Card,West Paul
O001237,C0063,P0002,2025-05-22,5,1503.27,PayPal,East Troy
O001238,C0238,P0049,2026-04-09,1,1153.35,Credit Card,South Susanborough
O001239,C0009,P0002,2025-10-09,3,2891.56,Debit Card,Cynthiachester
O001240,C0214,P0067,2026-04-27,3,1968.41,Debit Card,Gallegosfurt
O001241,C0273,P0015,2025-11-08,2,2354.06,Credit Card,Watersside
O001242,C0262,P0003,2025-12-26,2,1629.06,PayPal,Port Jasonfurt
O001243,C0256,P0077,2025-07-28,3,901.81,UPI,Johnsonfort
O001244,C0203,P0010,2025-10-12,5,1649.2,Credit Card,Pierceside
O001245,C0248,P0010,2026-02-01,5,2376.29,UPI,East Andrew
O001246,C0155,P0074,2025-11-05,1,2837.65,PayPal,Patriciabury
O001247,C0039,P0008,2025-10-06,5,2020.95,Debit Card,Port Tracyside
O001248,C0061,P0073,2025-09-29,1,1743.67,Debit Card,West Dennis
O001249,C0248,P0042,2026-04-25,5,1189.74,UPI,East Andrew
O001250,C0004,P0052,2026-03-18,2,602.25,PayPal,East Hunterberg
O001251,C0176,P0009,2026-04-03,3,944.08,Debit Card,New Marco
O001252,C0236,P0034,2025-10-15,5,1323.06,UPI,Robinport
O001253,C0100,P0009,2025-12-22,4,753.52,Debit Card,Cantufurt
O001254,C0176,P0079,2026-02-06,3,25.76,Debit Card,New Marco
O001255,C0112,P0037,2025-12-06,1,2434.47,Credit Card,South Jennifer
O001256,C0290,P0007,2026-01-30,4,339.85,UPI,Christopherfurt
O001257,C0005,P0008,2025-12-25,2,1163.42,UPI,Laneside
O001258,C0012,P0052,2025-06-24,3,1572.59,PayPal,Halltown
O001259,C0130,P0016,2025-07-20,3,1703.34,Credit Card,North Phillip
O001260,C0231,P0071,2025-06-27,3,2966.77,PayPal,Matthewport
O001261,C0018,P0076,2025-09-21,4,704.74,Credit Card,West Troyhaven
O001262,C0174,P0072,2025-05-08,4,511.74,Credit Card,Romanport
O001263,C0123,P0026,2026-01-28,5,2715.36,Credit Card,East Tonyshire
O001264,C0007,P0042,2026-04-13,4,453.5,Debit Card,East Willie
O001265,C0008,P0008,2025-10-20,2,1681.63,Debit Card,West Ryantown
O001266,C0088,P0076,2025-05-12,3,1315.39,PayPal,North Michaelview
O001267,C0227,P0028,2025-10-10,1,1796.07,UPI,Isaacview
O001268,C0112,P0041,2025-09-12,4,2914.61,Credit Card,South Jennifer
O001269,C0239,P0038,2025-11-30,5,1756.99,UPI,Philipbury
O001270,C0087,P0042,2025-06-14,3,2472.1,Debit Card,Rojasberg
O001271,C0215,P0005,2025-08-30,5,848.52,Credit Card,Graymouth
O001272,C0014,P0055,2025-10-21,2,467.34,UPI,Lake Robert
O001273,C0270,P0051,2025-08-10,4,740.65,PayPal,Younghaven
O001274,C0081,P0064,2025-09-05,3,2492.19,Debit Card,North Brucestad
O001275,C0231,P0056,2026-04-21,2,2470.86,Credit Card,Matthewport
O001276,C0169,P0061,2025-09-03,2,2612.41,PayPal,Edwardsview
O001277,C0289,P0003,2025-12-01,5,1361.95,UPI,Port Juanside
O001278,C0032,P0017,2025-10-11,1,1860.01,UPI,West Michelleside
O001279,C0205,P0029,2025-08-24,1,379.49,PayPal,Spencetown
O001280,C0046,P0057,2026-01-19,4,1447.98,Debit Card,Lake Matthew
O001281,C0046,P0050,2025-09-03,3,1198.55,Debit Card,Lake Matthew
O001282,C0131,P0061,2026-03-08,3,1232.91,Credit Card,Spencerland
O001283,C0109,P0073,2025-06-28,2,1415.6,Debit Card,Hurleyfort
O001284,C0019,P0067,2025-06-09,2,788.77,PayPal,Bakerfurt
O001285,C0298,P0052,2026-04-05,1,2812.67,Credit Card,East Tammie
O001286,C0254,P0053,2026-04-28,1,2365.89,Debit Card,Hillshire
O001287,C0143,P0029,2025-08-12,2,1142.08,UPI,Collinsborough
O001288,C0151,P0063,2025-07-28,3,1669.25,Debit Card,West Zacharyview
O001289,C0072,P0079,2026-04-05,3,1149.92,UPI,Mooreborough
O001290,C0089,P0004,2025-11-03,5,1018.76,Debit Card,Taylorburgh
O001291,C0150,P0001,2025-07-06,4,2437.59,PayPal,North Paulside
O001292,C0126,P0021,2025-06-24,5,1797.77,PayPal,Singletonfurt
O001293,C0077,P0059,2025-12-08,2,928.39,UPI,Harringtontown
O001294,C0044,P0035,2025-06-12,4,1183.96,UPI,Wardchester
O001295,C0156,P0036,2025-10-19,5,967.2,Debit Card,Millerhaven
O001296,C0064,P0011,2025-05-14,3,423.5,Debit Card,Stephenchester
O001297,C0275,P0015,2025-12-14,3,1579.76,PayPal,Greenhaven
O001298,C0285,P0033,2025-08-05,1,482.48,Credit Card,Campbellmouth
O001299,C0190,P0023,2026-03-05,2,2515.94,Debit Card,New Jennifer
O001300,C0122,P0038,2025-10-04,1,2951.92,UPI,Eugeneport
O001301,C0073,P0021,2025-05-17,2,2293.61,UPI,Lake Lisahaven
O001302,C0039,P0058,2025-11-09,5,1065.03,Credit Card,Port Tracyside
O001303,C0116,P0016,2025-12-11,3,1996.53,Credit Card,New Amandamouth
O001304,C0105,P0063,2025-06-27,2,2916.36,UPI,South Brianastad
O001305,C0225,P0043,2025-08-24,4,486.94,Debit Card,Port Heatherview
O001306,C0058,P0069,2025-05-28,5,857.22,Debit Card,Ruiztown
O001307,C0197,P0080,2025-05-07,4,2848.45,UPI,Jamesborough
O001308,C0283,P0030,2025-06-01,3,438.71,PayPal,New Craigborough
O001309,C0142,P0017,2025-12-13,5,2728.11,PayPal,South Rebeccamouth
O001310,C0137,P0041,2025-05-11,5,290.61,Credit Card,Wilsonfurt
O001311,C0035,P0077,2025-07-09,1,125.7,Credit Card,Theresaberg
O001312,C0176,P0023,2025-06-05,3,2337.53,PayPal,New Marco
O001313,C0029,P0009,2026-05-03,1,2487.04,PayPal,Michaelview
O001314,C0085,P0035,2026-03-31,4,1442.18,Credit Card,Delgadofurt
O001315,C0277,P0020,2025-08-31,5,1471.47,Debit Card,Hurleymouth
O001316,C0249,P0054,2026-03-31,5,1741.54,Credit Card,Madelineberg
O001317,C0064,P0063,2026-04-02,2,143.31,PayPal,Stephenchester
O001318,C0138,P0071,2025-05-26,5,2411.3,Credit Card,South Steve
O001319,C0292,P0068,2025-07-18,4,2639.88,Debit Card,Port Wesleyshire
O001320,C0196,P0059,2025-07-30,4,1148.71,Credit Card,Port Andrea
O001321,C0153,P0051,2026-03-28,3,428.98,UPI,Lake Jesus
O001322,C0015,P0077,2025-12-12,3,515.31,Debit Card,East Brandon
O001323,C0156,P0057,2026-01-12,1,2887.1,UPI,Millerhaven
O001324,C0288,P0020,2025-09-05,1,2504.86,Credit Card,Lake Scottborough
O001325,C0275,P0059,2025-12-29,2,2142.36,UPI,Greenhaven
O001326,C0297,P0070,2025-12-22,2,1970.18,Credit Card,West Paul
O001327,C0149,P0050,2026-04-07,4,2343.49,Credit Card,New Allison
O001328,C0180,P0009,2025-05-29,2,1400.21,UPI,Crystalview
O001329,C0144,P0047,2025-07-08,3,2952.5,PayPal,South Michelleberg
O001330,C0158,P0048,2025-08-19,2,2122.68,UPI,Alecborough
O001331,C0289,P0054,2025-12-29,3,1506.85,PayPal,Port Juanside
O001332,C0216,P0022,2025-10-12,1,1374.79,PayPal,North Mariastad
O001333,C0272,P0061,2025-05-30,1,2625.87,UPI,Port Crystalhaven
O001334,C0076,P0076,2026-03-27,3,2354.99,UPI,Hessville
O001335,C0070,P0028,2026-04-16,1,1956.49,Debit Card,East Mary
O001336,C0004,P0003,2025-12-13,1,1229.57,Debit Card,East Hunterberg
O001337,C0198,P0076,2025-12-15,5,1882.7,Credit Card,West Kristen
O001338,C0037,P0007,2025-12-28,5,1583.85,PayPal,Lake Jeanetteview
O001339,C0163,P0032,2026-01-23,5,1453.07,UPI,Rachelchester
O001340,C0259,P0004,2025-10-27,4,2133.05,Debit Card,North Markstad
O001341,C0062,P0002,2026-03-15,4,1331.85,Debit Card,Carlland
O001342,C0001,P0055,2025-09-13,1,361.53,Debit Card,East Denise
O001343,C0245,P0058,2025-08-29,2,1110.14,Debit Card,Adamsmouth
O001344,C0230,P0056,2025-10-17,4,1038.2,Credit Card,South Rachelton
O001345,C0097,P0053,2025-12-10,3,1914.45,PayPal,Brianstad
O001346,C0009,P0015,2025-07-10,1,2668.52,PayPal,Cynthiachester
O001347,C0247,P0034,2025-09-15,5,985.76,Credit Card,Lake Jenniferland
O001348,C0242,P0073,2025-07-13,3,981.28,PayPal,South Garrettborough
O001349,C0140,P0034,2025-06-09,2,1691.8,Debit Card,New Matthew
O001350,C0248,P0008,2025-10-18,4,2681.09,Credit Card,East Andrew
O001351,C0176,P0043,2025-05-31,2,438.72,Credit Card,New Marco
O001352,C0213,P0015,2025-05-10,1,1923.53,UPI,Millerhaven
O001353,C0219,P0054,2025-06-28,2,672.73,UPI,Holmesbury
O001354,C0217,P0026,2025-11-09,2,1495.83,PayPal,Bryceside
O001355,C0171,P0015,2025-07-31,1,2310.77,Credit Card,West Kimberly
O001356,C0051,P0076,2025-08-01,2,2952.35,PayPal,Brianport
O001357,C0004,P0048,2025-08-15,2,2322.11,Credit Card,East Hunterberg
O001358,C0014,P0073,2026-01-19,3,1730.9,Debit Card,Lake Robert
O001359,C0088,P0018,2025-11-04,4,2737.28,Debit Card,North Michaelview
O001360,C0276,P0041,2026-01-07,1,2644.57,Debit Card,Lake Jimmy
O001361,C0086,P0017,2026-01-18,2,793.12,Debit Card,Melissachester
O001362,C0289,P0051,2025-09-06,5,2342.02,Debit Card,Port Juanside
O001363,C0249,P0047,2025-11-01,5,359.46,UPI,Madelineberg
O001364,C0098,P0075,2026-04-07,4,691.68,Credit Card,Chungport
O001365,C0083,P0058,2026-02-01,4,1819.25,Debit Card,East Juliaport
O001366,C0285,P0054,2026-04-24,4,2662.68,PayPal,Campbellmouth
O001367,C0187,P0056,2025-09-02,4,23.31,Debit Card,South Tracytown
O001368,C0089,P0010,2025-05-08,4,2529.32,Credit Card,Taylorburgh
O001369,C0161,P0078,2025-06-23,5,2679.85,Debit Card,North Karen
O001370,C0092,P0004,2025-12-11,4,101.86,PayPal,Ramirezville
O001371,C0179,P0011,2026-04-02,3,2179.81,Debit Card,Amandahaven
O001372,C0151,P0054,2025-10-23,2,162.22,UPI,West Zacharyview
O001373,C0056,P0025,2025-10-10,2,2749.76,Credit Card,South Ebonybury
O001374,C0190,P0044,2025-09-22,5,1637.66,PayPal,New Jennifer
O001375,C0260,P0027,2026-02-14,1,2257.26,PayPal,Port Anthonystad
O001376,C0133,P0056,2025-11-18,2,1290.45,PayPal,Wellsfort
O001377,C0077,P0052,2025-07-14,2,866.09,Credit Card,Harringtontown
O001378,C0212,P0077,2026-01-18,3,2897.74,UPI,Ortegaton
O001379,C0176,P0032,2026-02-13,5,2945.03,Debit Card,New Marco
O001380,C0134,P0065,2026-01-23,2,992.73,Debit Card,East Sethmouth
O001381,C0250,P0006,2025-07-09,3,2832.52,UPI,Kristenton
O001382,C0126,P0053,2025-08-23,4,2497.63,Debit Card,Singletonfurt
O001383,C0102,P0004,2026-03-05,1,2218.89,PayPal,Allenville
O001384,C0160,P0059,2025-08-24,1,2231.02,Credit Card,Kimberlyton
O001385,C0222,P0069,2025-08-22,5,2499.29,Debit Card,Shannonstad
O001386,C0265,P0049,2026-03-14,1,2258.51,PayPal,West Brenda
O001387,C0052,P0033,2026-02-23,4,48.31,UPI,Racheltown
O001388,C0287,P0067,2025-10-30,2,2675.03,Credit Card,Kevinland
O001389,C0255,P0074,2025-11-22,4,318.41,PayPal,Schmidtmouth
O001390,C0274,P0012,2025-06-08,5,2794.11,UPI,Josephberg
O001391,C0097,P0021,2026-03-04,5,1210.01,Debit Card,Brianstad
O001392,C0006,P0032,2025-12-31,4,1149.74,UPI,Port Vickie
O001393,C0031,P0041,2025-08-09,2,1711.12,PayPal,East Deannahaven
O001394,C0171,P0058,2025-08-27,5,1742.54,Credit Card,West Kimberly
O001395,C0186,P0023,2025-07-10,3,451.79,PayPal,Arroyofurt
O001396,C0045,P0002,2026-03-19,5,1158.38,Credit Card,East Marcia
O001397,C0194,P0030,2026-01-23,1,1025.49,Debit Card,Gabrielmouth
O001398,C0223,P0060,2025-07-11,3,2875.09,Credit Card,New Kayla
O001399,C0130,P0057,2025-09-08,3,2649.6,Debit Card,North Phillip
O001400,C0079,P0069,2026-01-19,4,2428.96,Debit Card,Stanleyland
O001401,C0090,P0011,2026-03-05,4,891.5,Debit Card,New Nathan
O001402,C0089,P0003,2025-09-23,5,1769.96,Credit Card,Taylorburgh
O001403,C0058,P0011,2025-08-04,4,658.99,UPI,Ruiztown
O001404,C0080,P0046,2026-02-18,1,2776.33,Credit Card,West Katherinebury
O001405,C0111,P0067,2025-05-31,1,1231.73,UPI,Williamshire
O001406,C0023,P0040,2026-01-05,5,2922.97,UPI,Hallview
O001407,C0260,P0047,2025-05-09,5,2377.78,Debit Card,Port Anthonystad
O001408,C0115,P0026,2025-06-08,4,2200.85,Debit Card,Allisonport
O001409,C0009,P0060,2025-12-14,5,2869.25,PayPal,Cynthiachester
O001410,C0090,P0053,2026-04-24,4,462.11,UPI,New Nathan
O001411,C0282,P0032,2025-08-23,3,245.55,UPI,North Jeremy
O001412,C0285,P0010,2025-08-03,3,2797.18,PayPal,Campbellmouth
O001413,C0246,P0046,2025-07-06,2,1918.64,UPI,Lake Jason
O001414,C0201,P0002,2025-11-09,1,2220.44,UPI,East Crystal
O001415,C0051,P0006,2025-10-31,1,2981.75,PayPal,Brianport
O001416,C0090,P0032,2025-08-06,3,2696.1,UPI,New Nathan
O001417,C0186,P0071,2026-05-07,1,789.78,UPI,Arroyofurt
O001418,C0296,P0005,2026-03-30,2,692.52,Debit Card,Josephfort
O001419,C0248,P0052,2025-08-25,1,376.83,PayPal,East Andrew
O001420,C0179,P0070,2025-05-18,4,369.91,Debit Card,Amandahaven
O001421,C0175,P0052,2026-02-18,2,2611.09,UPI,North Shannonstad
O001422,C0090,P0060,2025-11-18,2,2096.14,Debit Card,New Nathan
O001423,C0289,P0050,2026-03-19,4,2336.73,UPI,Port Juanside
O001424,C0071,P0041,2025-07-09,3,1997.49,PayPal,Jennifershire
O001425,C0061,P0072,2025-08-04,3,372.24,Credit Card,West Dennis
O001426,C0117,P0007,2025-09-07,3,2663.19,Credit Card,East Judithfurt
O001427,C0286,P0060,2025-06-15,5,1389.82,Credit Card,Martinezberg
O001428,C0149,P0061,2025-07-21,4,1637.09,Debit Card,New Allison
O001429,C0079,P0008,2025-12-09,5,1630.64,PayPal,Stanleyland
O001430,C0279,P0021,2025-12-11,3,143.2,PayPal,Juanchester
O001431,C0230,P0036,2026-01-10,4,2845.31,PayPal,South Rachelton
O001432,C0270,P0052,2026-04-24,5,1492.11,Credit Card,Younghaven
O001433,C0229,P0013,2025-11-16,1,2995.85,Credit Card,Smithview
O001434,C0260,P0026,2026-02-24,1,470.35,Credit Card,Port Anthonystad
O001435,C0245,P0003,2025-09-11,2,2333.85,Debit Card,Adamsmouth
O001436,C0285,P0071,2026-01-05,5,1266.33,Debit Card,Campbellmouth
O001437,C0170,P0001,2025-11-18,2,197.39,PayPal,Cartershire
O001438,C0142,P0017,2025-11-01,4,1920.03,UPI,South Rebeccamouth
O001439,C0208,P0041,2025-11-27,1,1319.61,Debit Card,Zacharyberg
O001440,C0054,P0043,2025-08-17,5,1107.8,Credit Card,Brianland
O001441,C0136,P0007,2026-02-06,1,1302.27,Debit Card,West Jessicabury
O001442,C0239,P0052,2025-09-24,1,2392.26,PayPal,Philipbury
O001443,C0184,P0008,2025-05-23,1,1219.45,PayPal,Danielborough
O001444,C0098,P0051,2025-10-26,2,2935.95,UPI,Chungport
O001445,C0193,P0036,2026-04-08,1,1697.0,PayPal,Johnathanstad
O001446,C0199,P0065,2025-12-30,2,1219.87,UPI,New Glendahaven
O001447,C0056,P0073,2025-10-25,3,1453.49,UPI,South Ebonybury
O001448,C0226,P0069,2026-01-12,3,2767.99,Debit Card,Theresaview
O001449,C0122,P0020,2025-05-17,1,1123.99,Credit Card,Eugeneport
O001450,C0147,P0076,2026-01-24,1,2955.53,UPI,North Alexander
O001451,C0117,P0002,2025-08-12,2,2381.31,PayPal,East Judithfurt
O001452,C0061,P0070,2025-06-19,5,855.78,UPI,West Dennis
O001453,C0124,P0065,2025-11-13,5,2711.35,Debit Card,New Nathan
O001454,C0081,P0012,2026-01-11,1,2186.64,Credit Card,North Brucestad
O001455,C0127,P0039,2025-07-16,1,2422.98,Credit Card,Deannachester
O001456,C0138,P0079,2025-12-06,1,1322.37,PayPal,South Steve
O001457,C0146,P0073,2026-01-17,4,2835.78,UPI,Velazquezstad
O001458,C0095,P0003,2025-06-23,5,2351.42,UPI,West Lisaberg
O001459,C0015,P0004,2025-12-28,4,1551.13,PayPal,East Brandon
O001460,C0049,P0015,2026-04-13,4,2240.56,PayPal,West Jasonstad
O001461,C0150,P0041,2025-07-15,2,1246.91,Credit Card,North Paulside
O001462,C0105,P0078,2025-06-25,2,1717.91,Debit Card,South Brianastad
O001463,C0229,P0054,2025-08-06,3,2221.92,Credit Card,Smithview
O001464,C0246,P0049,2025-07-06,1,1341.94,UPI,Lake Jason
O001465,C0069,P0030,2025-06-23,5,2569.74,Debit Card,West Kevinstad
O001466,C0198,P0027,2026-01-01,3,1300.49,UPI,West Kristen
O001467,C0120,P0066,2025-05-28,3,812.39,Credit Card,Williamsbury
O001468,C0039,P0012,2025-08-04,4,2979.46,Credit Card,Port Tracyside
O001469,C0266,P0040,2025-11-25,3,339.63,PayPal,Hebertmouth
O001470,C0217,P0016,2026-02-12,5,1943.22,UPI,Bryceside
O001471,C0142,P0027,2025-11-01,5,524.22,Debit Card,South Rebeccamouth
O001472,C0114,P0042,2025-05-19,3,1900.12,UPI,Port Michaelbury
O001473,C0141,P0075,2026-04-08,1,1204.88,Credit Card,Farmerburgh
O001474,C0059,P0004,2025-11-10,1,1051.06,PayPal,Lake Stacey
O001475,C0084,P0025,2026-04-26,1,2358.32,UPI,New Kyle
O001476,C0218,P0026,2025-10-01,3,1433.15,UPI,North Crystal
O001477,C0172,P0006,2025-06-30,4,2801.67,Debit Card,Williamstad
O001478,C0288,P0012,2025-06-03,3,376.89,Debit Card,Lake Scottborough
O001479,C0164,P0046,2026-04-05,3,1468.62,Debit Card,East Sarahview
O001480,C0207,P0006,2025-11-02,5,2108.92,UPI,Castillofurt
O001481,C0008,P0062,2025-07-18,5,2129.31,Debit Card,West Ryantown
O001482,C0241,P0018,2025-08-04,2,2052.42,Debit Card,South Jake
O001483,C0231,P0011,2026-03-21,4,809.21,UPI,Matthewport
O001484,C0057,P0072,2025-12-28,2,2667.43,Debit Card,Port Austin
O001485,C0291,P0065,2025-12-29,3,468.38,Debit Card,New Jenniferside
O001486,C0243,P0048,2025-12-16,2,2207.57,PayPal,New Randystad
O001487,C0027,P0013,2025-09-28,3,2369.28,Credit Card,New Andre
O001488,C0112,P0063,2025-05-12,5,1911.15,PayPal,South Jennifer
O001489,C0173,P0060,2025-10-04,3,1440.46,Debit Card,Torresberg
O001490,C0226,P0043,2026-03-31,4,1153.29,Debit Card,Theresaview
O001491,C0127,P0051,2026-05-02,1,2876.68,Debit Card,Deannachester
O001492,C0125,P0071,2025-06-01,4,719.61,UPI,Leonardton
O001493,C0009,P0076,2025-10-29,2,2422.59,UPI,Cynthiachester
O001494,C0134,P0035,2026-01-15,3,1515.9,Credit Card,East Sethmouth
O001495,C0065,P0023,2025-07-15,5,1634.96,Debit Card,East Dawnfurt
O001496,C0139,P0074,2026-04-19,3,497.96,UPI,Chapmanberg
O001497,C0144,P0073,2026-03-14,5,969.07,Debit Card,South Michelleberg
O001498,C0260,P0060,2025-10-29,1,1116.25,PayPal,Port Anthonystad
O001499,C0076,P0048,2026-01-14,5,1718.9,Debit Card,Hessville
O001500,C0061,P0034,2025-12-29,3,1012.39,UPI,West Dennis
O001501,C0083,P0026,2025-12-09,2,658.9,Credit Card,East Juliaport
O001502,C0114,P0079,2026-01-06,4,429.64,Debit Card,Port Michaelbury
O001503,C0022,P0037,2025-05-16,4,1223.0,UPI,South Andrea
O001504,C0225,P0057,2026-01-02,1,144.3,UPI,Port Heatherview
O001505,C0227,P0034,2025-05-21,1,599.13,Credit Card,Isaacview
O001506,C0210,P0063,2026-02-08,4,1899.96,UPI,North Shelly
O001507,C0154,P0017,2025-09-10,1,1875.27,Credit Card,South Susanmouth
O001508,C0063,P0054,2025-09-20,3,1376.27,UPI,East Troy
O001509,C0011,P0073,2025-09-25,1,2186.41,UPI,Parsonschester
O001510,C0033,P0045,2025-08-30,4,82.02,Credit Card,New Christianshire
O001511,C0059,P0051,2025-12-04,5,1577.72,Credit Card,Lake Stacey
O001512,C0131,P0072,2026-01-04,1,2937.08,Debit Card,Spencerland
O001513,C0035,P0027,2025-06-29,3,617.35,PayPal,Theresaberg
O001514,C0101,P0030,2026-04-22,1,2833.62,Credit Card,Kristenfort
O001515,C0178,P0060,2025-11-06,2,685.54,Credit Card,New Sarah
O001516,C0197,P0035,2026-03-13,3,2294.96,UPI,Jamesborough
O001517,C0029,P0055,2025-11-29,5,564.38,PayPal,Michaelview
O001518,C0251,P0063,2025-08-27,2,1188.05,PayPal,Lake Bruce
O001519,C0122,P0048,2025-11-27,2,1824.38,UPI,Eugeneport
O001520,C0180,P0034,2025-08-22,3,1860.79,Debit Card,Crystalview
O001521,C0229,P0079,2026-04-14,2,345.0,PayPal,Smithview
O001522,C0176,P0001,2026-03-10,5,1116.25,Credit Card,New Marco
O001523,C0231,P0047,2025-12-12,1,1208.99,UPI,Matthewport
O001524,C0270,P0021,2026-01-20,4,2722.4,Debit Card,Younghaven
O001525,C0229,P0001,2025-10-03,3,894.9,PayPal,Smithview
O001526,C0203,P0045,2025-11-25,1,2048.46,Debit Card,Pierceside
O001527,C0149,P0052,2026-03-26,4,1472.27,PayPal,New Allison
O001528,C0066,P0056,2026-01-23,4,1035.65,Credit Card,Jimenezberg
O001529,C0116,P0054,2025-10-16,3,2061.3,Credit Card,New Amandamouth
O001530,C0188,P0048,2025-08-21,2,1418.12,PayPal,West Jason
O001531,C0204,P0010,2025-11-01,4,2177.38,Debit Card,Port Elizabethshire
O001532,C0269,P0048,2025-09-06,5,1595.21,PayPal,New Michaelland
O001533,C0013,P0069,2025-07-22,3,117.36,UPI,New Matthew
O001534,C0128,P0031,2025-10-23,3,1298.39,Debit Card,East Angelaport
O001535,C0224,P0029,2025-12-03,3,1175.19,UPI,West Michelleland
O001536,C0103,P0067,2026-01-22,3,1286.62,UPI,Hubbardberg
O001537,C0160,P0014,2025-10-24,2,825.35,UPI,Kimberlyton
O001538,C0259,P0070,2025-11-01,4,2743.02,Debit Card,North Markstad
O001539,C0259,P0072,2026-02-16,3,967.85,PayPal,North Markstad
O001540,C0092,P0026,2025-07-19,5,1617.51,Debit Card,Ramirezville
O001541,C0023,P0024,2025-06-13,1,737.77,PayPal,Hallview
O001542,C0078,P0052,2025-06-28,4,2170.94,UPI,West Lisa
O001543,C0040,P0015,2025-10-12,5,847.83,Credit Card,North Jacqueline
O001544,C0130,P0031,2025-12-03,1,1102.14,PayPal,North Phillip
O001545,C0276,P0061,2025-11-02,5,2658.66,Debit Card,Lake Jimmy
O001546,C0053,P0045,2026-04-16,5,1429.24,Debit Card,Jenniferburgh
O001547,C0251,P0004,2025-12-11,5,2652.79,PayPal,Lake Bruce
O001548,C0174,P0067,2025-06-10,5,1636.48,Debit Card,Romanport
O001549,C0057,P0042,2025-12-01,4,951.4,Credit Card,Port Austin
O001550,C0160,P0079,2025-10-27,3,2902.42,Debit Card,Kimberlyton
O001551,C0139,P0078,2025-11-18,5,380.33,Debit Card,Chapmanberg
O001552,C0127,P0067,2026-04-04,1,2551.51,Debit Card,Deannachester
O001553,C0218,P0003,2026-04-04,5,567.39,Credit Card,North Crystal
O001554,C0279,P0041,2025-10-29,3,510.08,UPI,Juanchester
O001555,C0082,P0059,2025-05-24,5,1619.01,Debit Card,South Eric
O001556,C0290,P0021,2025-10-21,5,1684.32,UPI,Christopherfurt
O001557,C0121,P0006,2025-06-27,3,200.57,PayPal,Port Richardstad
O001558,C0193,P0074,2026-02-03,5,1451.62,PayPal,Johnathanstad
O001559,C0080,P0011,2025-10-13,4,74.0,Debit Card,West Katherinebury
O001560,C0128,P0005,2025-07-29,5,2267.12,UPI,East Angelaport
O001561,C0227,P0010,2025-07-06,2,1575.23,Credit Card,Isaacview
O001562,C0125,P0030,2025-11-16,1,1027.49,UPI,Leonardton
O001563,C0298,P0037,2026-03-20,2,472.95,PayPal,East Tammie
O001564,C0020,P0066,2025-10-30,2,2153.09,PayPal,Port Juan
O001565,C0191,P0078,2025-10-08,3,810.93,UPI,Wheelershire
O001566,C0284,P0011,2026-01-07,5,2485.03,Debit Card,North Carrie
O001567,C0190,P0049,2025-10-14,5,2010.0,UPI,New Jennifer
O001568,C0036,P0033,2026-04-26,4,2878.94,Credit Card,West Bryan
O001569,C0151,P0072,2025-08-25,4,2152.98,Debit Card,West Zacharyview
O001570,C0055,P0064,2025-08-31,2,746.2,PayPal,Ericshire
O001571,C0213,P0026,2026-02-01,1,2259.38,Credit Card,Millerhaven
O001572,C0183,P0046,2025-10-02,1,748.64,Credit Card,North Thomas
O001573,C0067,P0048,2025-10-11,4,1796.16,UPI,Smithfurt
O001574,C0145,P0058,2025-12-26,2,385.24,Debit Card,Jennifertown
O001575,C0049,P0006,2025-07-29,4,315.41,UPI,West Jasonstad
O001576,C0156,P0067,2026-03-26,4,1930.62,Credit Card,Millerhaven
O001577,C0244,P0005,2025-12-20,5,2460.12,Credit Card,Port Laura
O001578,C0002,P0071,2025-11-16,3,2250.02,Debit Card,Thompsonstad
O001579,C0232,P0046,2025-11-27,3,698.39,Debit Card,East Gary
O001580,C0124,P0047,2026-02-26,1,287.54,Debit Card,New Nathan
O001581,C0257,P0026,2025-06-20,2,2341.71,Credit Card,Erinview
O001582,C0219,P0052,2025-10-03,1,2888.91,PayPal,Holmesbury
O001583,C0017,P0027,2025-11-09,2,1714.93,UPI,New Claudia
O001584,C0257,P0012,2025-08-02,5,1892.56,Debit Card,Erinview
O001585,C0101,P0067,2026-03-08,4,1864.54,Debit Card,Kristenfort
O001586,C0040,P0064,2026-01-19,3,1070.58,Credit Card,North Jacqueline
O001587,C0182,P0055,2025-12-30,2,2748.09,PayPal,Laurieborough
O001588,C0127,P0026,2026-04-18,2,2894.3,UPI,Deannachester
O001589,C0290,P0057,2026-04-21,2,1492.81,Debit Card,Christopherfurt
O001590,C0099,P0044,2025-07-25,1,662.62,UPI,Robertsonland
O001591,C0270,P0051,2025-08-06,1,2189.9,Credit Card,Younghaven
O001592,C0139,P0070,2025-09-23,3,713.55,Credit Card,Chapmanberg
O001593,C0143,P0053,2025-12-17,4,895.98,UPI,Collinsborough
O001594,C0133,P0046,2025-07-27,4,238.0,PayPal,Wellsfort
O001595,C0300,P0078,2026-04-30,4,2492.58,PayPal,North Sarah
O001596,C0207,P0045,2025-11-12,2,2366.97,UPI,Castillofurt
O001597,C0238,P0058,2025-08-19,4,463.88,Credit Card,South Susanborough
O001598,C0146,P0050,2025-07-21,3,2591.73,Credit Card,Velazquezstad
O001599,C0040,P0045,2026-04-23,5,1731.75,UPI,North Jacqueline
O001600,C0288,P0058,2025-07-22,5,1063.66,UPI,Lake Scottborough
O001601,C0023,P0007,2025-09-06,5,1228.11,Credit Card,Hallview
O001602,C0066,P0069,2025-07-03,5,1330.88,PayPal,Jimenezberg
O001603,C0170,P0069,2025-06-29,5,2857.88,PayPal,Cartershire
O001604,C0166,P0050,2026-01-12,1,1904.28,PayPal,Brittanyberg
O001605,C0269,P0055,2026-02-08,2,539.31,Credit Card,New Michaelland
O001606,C0144,P0057,2025-07-22,2,2781.04,UPI,South Michelleberg
O001607,C0237,P0044,2025-11-05,4,2530.76,Credit Card,West Amanda
O001608,C0157,P0015,2025-11-03,2,30.78,PayPal,Port Donald
O001609,C0198,P0063,2025-07-19,1,572.71,UPI,West Kristen
O001610,C0189,P0027,2026-01-20,5,1047.03,Credit Card,Lake Georgefurt
O001611,C0167,P0041,2025-07-10,3,187.03,PayPal,Geraldbury
O001612,C0091,P0043,2026-01-01,1,589.71,UPI,East Charles
O001613,C0090,P0023,2025-11-18,1,411.25,Credit Card,New Nathan
O001614,C0233,P0013,2025-12-07,2,658.22,UPI,South Jose
O001615,C0259,P0050,2025-05-27,2,491.64,Debit Card,North Markstad
O001616,C0269,P0071,2026-02-08,3,2647.14,Credit Card,New Michaelland
O001617,C0024,P0004,2025-08-08,1,510.62,UPI,New Ashley
O001618,C0284,P0032,2026-04-24,3,60.56,Credit Card,North Carrie
O001619,C0218,P0009,2025-10-08,5,2433.12,Credit Card,North Crystal
O001620,C0288,P0041,2025-11-30,5,2550.51,Debit Card,Lake Scottborough
O001621,C0067,P0013,2026-03-08,3,1816.79,Debit Card,Smithfurt
O001622,C0293,P0076,2025-12-04,1,2807.7,Credit Card,New Aaronfort
O001623,C0083,P0037,2025-12-23,3,2432.51,UPI,East Juliaport
O001624,C0038,P0034,2025-10-29,1,193.36,PayPal,Bellville
O001625,C0015,P0054,2025-11-23,4,1045.32,UPI,East Brandon
O001626,C0080,P0026,2026-02-17,2,1938.81,UPI,West Katherinebury
O001627,C0148,P0018,2025-11-11,2,641.77,PayPal,Lake Megan
O001628,C0044,P0019,2026-01-09,5,1028.08,Debit Card,Wardchester
O001629,C0190,P0012,2025-05-25,5,97.32,Debit Card,New Jennifer
O001630,C0122,P0070,2025-08-06,5,841.34,UPI,Eugeneport
O001631,C0114,P0050,2025-11-10,1,2812.34,UPI,Port Michaelbury
O001632,C0184,P0012,2025-07-12,4,800.71,PayPal,Danielborough
O001633,C0249,P0035,2025-10-04,1,1728.18,Credit Card,Madelineberg
O001634,C0150,P0044,2026-04-19,1,209.09,UPI,North Paulside
O001635,C0173,P0014,2026-01-05,1,1110.07,PayPal,Torresberg
O001636,C0276,P0048,2026-05-06,3,1752.65,PayPal,Lake Jimmy
O001637,C0116,P0023,2026-04-04,4,323.49,Debit Card,New Amandamouth
O001638,C0157,P0036,2026-04-08,4,1935.58,Debit Card,Port Donald
O001639,C0279,P0035,2025-11-12,5,2954.2,PayPal,Juanchester
O001640,C0062,P0025,2026-03-11,1,1293.18,PayPal,Carlland
O001641,C0193,P0017,2025-08-31,4,2541.16,UPI,Johnathanstad
O001642,C0006,P0013,2026-02-03,2,119.91,UPI,Port Vickie
O001643,C0002,P0044,2025-08-15,4,1961.37,Credit Card,Thompsonstad
O001644,C0140,P0051,2026-01-02,5,2554.46,Credit Card,New Matthew
O001645,C0231,P0008,2026-02-02,1,117.65,UPI,Matthewport
O001646,C0066,P0060,2025-10-23,1,2752.15,UPI,Jimenezberg
O001647,C0058,P0059,2025-07-27,1,1952.95,PayPal,Ruiztown
O001648,C0165,P0036,2025-07-21,4,1195.17,UPI,Dawnberg
O001649,C0044,P0004,2026-02-10,4,1311.41,Debit Card,Wardchester
O001650,C0113,P0045,2026-01-06,2,874.35,Debit Card,North Pamela
O001651,C0227,P0046,2026-02-21,2,842.06,Credit Card,Isaacview
O001652,C0030,P0055,2025-08-31,1,1029.6,UPI,Lake Timothy
O001653,C0106,P0049,2025-07-01,3,685.94,PayPal,Comptonburgh
O001654,C0055,P0045,2026-02-25,5,1136.36,UPI,Ericshire
O001655,C0277,P0052,2025-07-17,5,2550.68,Debit Card,Hurleymouth
O001656,C0153,P0007,2025-09-12,5,657.75,Debit Card,Lake Jesus
O001657,C0207,P0037,2025-08-13,5,1560.29,Credit Card,Castillofurt
O001658,C0030,P0054,2025-07-18,4,1459.9,PayPal,Lake Timothy
O001659,C0054,P0036,2025-09-21,3,1583.26,Credit Card,Brianland
O001660,C0078,P0011,2026-02-19,1,873.74,UPI,West Lisa
O001661,C0212,P0020,2026-03-18,3,596.95,Debit Card,Ortegaton
O001662,C0169,P0028,2026-02-14,4,179.28,PayPal,Edwardsview
O001663,C0096,P0020,2026-04-12,1,2359.68,Credit Card,East Kimberlytown
O001664,C0200,P0048,2025-09-14,5,1578.07,PayPal,Grayfort
O001665,C0261,P0005,2025-10-03,2,1182.7,Debit Card,Pattersonland
O001666,C0296,P0036,2025-07-04,5,1037.82,Debit Card,Josephfort
O001667,C0080,P0039,2025-08-18,4,2142.12,Debit Card,West Katherinebury
O001668,C0015,P0036,2026-01-26,3,122.03,PayPal,East Brandon
O001669,C0036,P0002,2025-11-24,3,2420.42,UPI,West Bryan
O001670,C0040,P0011,2025-05-07,1,1484.26,UPI,North Jacqueline
O001671,C0020,P0052,2026-03-29,4,1592.79,Debit Card,Port Juan
O001672,C0188,P0032,2026-01-23,4,63.94,UPI,West Jason
O001673,C0102,P0053,2025-12-26,1,1062.63,UPI,Allenville
O001674,C0049,P0008,2026-04-25,2,791.81,PayPal,West Jasonstad
O001675,C0093,P0018,2026-02-08,5,2029.78,UPI,Rachelhaven
O001676,C0180,P0045,2026-01-28,1,639.31,Debit Card,Crystalview
O001677,C0264,P0012,2025-11-06,5,2497.69,Debit Card,Lake Susanfort
O001678,C0233,P0056,2026-04-18,4,2680.76,PayPal,South Jose
O001679,C0186,P0037,2025-06-16,4,2438.06,Credit Card,Arroyofurt
O001680,C0024,P0027,2025-06-12,5,56.14,Credit Card,New Ashley
O001681,C0079,P0002,2025-09-08,3,2606.48,Debit Card,Stanleyland
O001682,C0179,P0034,2025-06-30,3,1323.88,Credit Card,Amandahaven
O001683,C0241,P0079,2026-02-21,3,2839.19,UPI,South Jake
O001684,C0081,P0010,2025-12-25,5,1051.6,Credit Card,North Brucestad
O001685,C0289,P0073,2026-02-01,2,2935.08,Credit Card,Port Juanside
O001686,C0001,P0066,2025-09-24,3,951.24,PayPal,East Denise
O001687,C0252,P0055,2026-03-21,4,2692.97,Debit Card,North Veronicaside
O001688,C0155,P0019,2026-02-02,2,113.28,Credit Card,Patriciabury
O001689,C0132,P0027,2025-07-18,1,2530.23,Credit Card,Christopherland
O001690,C0038,P0020,2025-08-13,1,2770.94,Debit Card,Bellville
O001691,C0253,P0022,2025-05-09,2,1742.35,PayPal,Lake Alicialand
O001692,C0035,P0069,2026-02-23,5,1797.21,UPI,Theresaberg
O001693,C0132,P0048,2025-11-08,3,1785.79,Debit Card,Christopherland
O001694,C0053,P0028,2025-10-26,5,398.22,Credit Card,Jenniferburgh
O001695,C0094,P0079,2026-04-21,4,2640.53,Debit Card,Morganmouth
O001696,C0001,P0012,2025-06-02,4,1944.9,Debit Card,East Denise
O001697,C0115,P0048,2025-12-01,2,2899.46,Credit Card,Allisonport
O001698,C0144,P0047,2026-01-16,1,309.74,Credit Card,South Michelleberg
O001699,C0111,P0007,2025-11-24,1,40.2,Debit Card,Williamshire
O001700,C0243,P0016,2026-01-16,1,1118.47,PayPal,New Randystad
O001701,C0045,P0048,2026-04-21,4,758.08,Debit Card,East Marcia
O001702,C0202,P0061,2025-07-01,5,2923.15,Credit Card,Ronaldland
O001703,C0096,P0040,2026-01-04,1,621.27,UPI,East Kimberlytown
O001704,C0165,P0012,2026-01-19,2,1943.07,PayPal,Dawnberg
O001705,C0183,P0058,2025-10-23,5,2982.64,UPI,North Thomas
O001706,C0169,P0072,2025-07-03,2,142.51,Credit Card,Edwardsview
O001707,C0212,P0030,2026-03-14,5,2085.57,Debit Card,Ortegaton
O001708,C0127,P0071,2025-11-06,1,1663.13,PayPal,Deannachester
O001709,C0001,P0050,2026-02-06,5,398.71,Credit Card,East Denise
O001710,C0103,P0001,2026-04-07,3,520.6,Credit Card,Hubbardberg
O001711,C0023,P0028,2025-09-20,4,2089.89,UPI,Hallview
O001712,C0260,P0036,2025-11-18,3,2698.07,Credit Card,Port Anthonystad
O001713,C0252,P0069,2026-04-23,5,2011.18,Credit Card,North Veronicaside
O001714,C0014,P0009,2025-12-11,1,658.41,Credit Card,Lake Robert
O001715,C0076,P0015,2025-09-13,2,1704.63,UPI,Hessville
O001716,C0096,P0040,2026-05-01,5,2197.51,PayPal,East Kimberlytown
O001717,C0211,P0071,2026-01-20,2,2115.24,UPI,Crystalburgh
O001718,C0193,P0065,2025-10-03,1,2225.97,Credit Card,Johnathanstad
O001719,C0041,P0038,2026-04-05,1,893.95,Debit Card,Lake Alishaland
O001720,C0248,P0018,2026-02-16,3,447.16,Debit Card,East Andrew
O001721,C0058,P0065,2025-07-28,5,2965.69,PayPal,Ruiztown
O001722,C0173,P0013,2026-03-03,1,174.81,PayPal,Torresberg
O001723,C0173,P0010,2026-01-12,4,577.78,PayPal,Torresberg
O001724,C0117,P0008,2025-10-01,4,2658.85,PayPal,East Judithfurt
O001725,C0291,P0014,2025-08-03,4,1879.36,Credit Card,New Jenniferside
O001726,C0087,P0014,2025-11-01,2,2363.19,Debit Card,Rojasberg
O001727,C0235,P0015,2025-10-25,4,1722.13,UPI,North Theresa
O001728,C0105,P0073,2025-05-14,5,301.94,UPI,South Brianastad
O001729,C0044,P0029,2026-02-15,1,879.09,Credit Card,Wardchester
O001730,C0094,P0070,2025-06-08,2,537.66,UPI,Morganmouth
O001731,C0144,P0041,2026-03-13,3,962.76,Debit Card,South Michelleberg
O001732,C0052,P0020,2025-07-16,3,47.52,Debit Card,Racheltown
O001733,C0243,P0067,2025-12-01,1,1028.71,UPI,New Randystad
O001734,C0142,P0038,2026-01-05,4,509.02,Debit Card,South Rebeccamouth
O001735,C0030,P0069,2025-09-24,2,2785.66,Debit Card,Lake Timothy
O001736,C0246,P0035,2025-11-03,1,2562.63,PayPal,Lake Jason
O001737,C0215,P0027,2026-01-14,4,2070.17,UPI,Graymouth
O001738,C0169,P0058,2025-06-23,2,1928.38,PayPal,Edwardsview
O001739,C0299,P0050,2026-02-04,4,1154.08,Credit Card,Marieland
O001740,C0045,P0072,2026-02-09,2,1757.24,PayPal,East Marcia
O001741,C0248,P0019,2026-03-21,4,1243.09,Debit Card,East Andrew
O001742,C0156,P0032,2025-05-14,2,1070.07,Debit Card,Millerhaven
O001743,C0070,P0005,2025-11-24,2,2052.86,UPI,East Mary
O001744,C0079,P0062,2026-04-09,1,2321.5,PayPal,Stanleyland
O001745,C0052,P0009,2026-03-21,2,1129.13,UPI,Racheltown
O001746,C0266,P0033,2025-12-30,4,735.72,PayPal,Hebertmouth
O001747,C0278,P0057,2026-04-12,3,58.2,PayPal,North Emilyville
O001748,C0036,P0080,2025-07-02,2,485.27,UPI,West Bryan
O001749,C0023,P0078,2025-05-23,5,2570.77,PayPal,Hallview
O001750,C0160,P0079,2025-08-21,2,1297.24,Debit Card,Kimberlyton
O001751,C0180,P0066,2025-06-14,4,518.52,UPI,Crystalview
O001752,C0053,P0028,2026-04-08,5,1475.0,PayPal,Jenniferburgh
O001753,C0137,P0003,2026-01-24,1,632.93,Debit Card,Wilsonfurt
O001754,C0152,P0029,2025-11-23,2,866.52,UPI,New Jamesfort
O001755,C0281,P0022,2025-09-17,1,2047.27,Debit Card,Crawfordmouth
O001756,C0158,P0012,2025-11-06,2,192.41,Debit Card,Alecborough
O001757,C0244,P0050,2026-01-15,4,1242.33,PayPal,Port Laura
O001758,C0208,P0060,2026-01-09,1,2046.34,UPI,Zacharyberg
O001759,C0173,P0003,2025-09-12,5,822.23,UPI,Torresberg
O001760,C0070,P0057,2025-08-12,4,2457.19,Credit Card,East Mary
O001761,C0180,P0035,2025-08-13,2,1743.46,Debit Card,Crystalview
O001762,C0009,P0015,2025-11-28,1,581.89,Credit Card,Cynthiachester
O001763,C0264,P0007,2026-04-28,5,2257.91,PayPal,Lake Susanfort
O001764,C0227,P0078,2025-12-31,1,2590.93,Credit Card,Isaacview
O001765,C0040,P0026,2026-05-06,4,243.91,PayPal,North Jacqueline
O001766,C0113,P0052,2025-10-30,3,2879.4,Debit Card,North Pamela
O001767,C0133,P0069,2025-12-17,3,1596.2,Debit Card,Wellsfort
O001768,C0073,P0036,2026-04-25,4,2558.19,Credit Card,Lake Lisahaven
O001769,C0015,P0046,2025-12-31,5,2110.3,PayPal,East Brandon
O001770,C0203,P0074,2025-05-09,1,1370.69,PayPal,Pierceside
O001771,C0188,P0071,2026-01-18,4,613.06,Credit Card,West Jason
O001772,C0159,P0069,2025-10-13,4,2556.93,Debit Card,Mullenburgh
O001773,C0054,P0054,2026-02-21,1,1237.66,PayPal,Brianland
O001774,C0229,P0037,2025-10-21,3,2641.13,UPI,Smithview
O001775,C0079,P0077,2025-05-19,4,242.09,Credit Card,Stanleyland
O001776,C0213,P0015,2026-03-21,4,2295.3,Debit Card,Millerhaven
O001777,C0125,P0076,2026-04-06,1,2444.97,PayPal,Leonardton
O001778,C0133,P0054,2026-02-16,1,2726.0,Credit Card,Wellsfort
O001779,C0071,P0014,2026-02-23,2,2598.14,PayPal,Jennifershire
O001780,C0274,P0077,2026-01-26,2,1631.26,UPI,Josephberg
O001781,C0132,P0044,2025-09-21,1,2515.51,PayPal,Christopherland
O001782,C0256,P0062,2026-04-02,5,2635.11,UPI,Johnsonfort
O001783,C0127,P0059,2025-10-28,5,1285.68,Debit Card,Deannachester
O001784,C0132,P0015,2025-08-22,2,2099.91,PayPal,Christopherland
O001785,C0062,P0021,2026-05-05,4,967.36,Debit Card,Carlland
O001786,C0192,P0047,2026-01-19,2,2894.89,UPI,Phillipsport
O001787,C0026,P0001,2025-10-16,5,2363.12,PayPal,Lake Alison
O001788,C0077,P0018,2026-03-23,5,449.33,UPI,Harringtontown
O001789,C0175,P0038,2025-12-16,2,670.42,UPI,North Shannonstad
O001790,C0102,P0015,2025-12-25,2,1886.14,Credit Card,Allenville
O001791,C0074,P0079,2025-07-03,4,2313.72,Credit Card,Port Clayton
O001792,C0191,P0060,2026-01-12,3,2565.54,PayPal,Wheelershire
O001793,C0125,P0010,2025-07-06,2,679.74,PayPal,Leonardton
O001794,C0033,P0042,2025-09-12,1,1606.98,PayPal,New Christianshire
O001795,C0263,P0041,2026-04-29,1,916.37,Credit Card,South Davidfort
O001796,C0020,P0003,2025-09-17,5,1868.91,Credit Card,Port Juan
O001797,C0254,P0012,2025-05-27,3,1648.8,PayPal,Hillshire
O001798,C0176,P0006,2025-07-25,5,1237.08,UPI,New Marco
O001799,C0245,P0024,2026-02-27,2,348.31,PayPal,Adamsmouth
O001800,C0051,P0011,2026-03-21,2,2228.62,Debit Card,Brianport
O001801,C0015,P0026,2025-11-02,4,452.67,UPI,East Brandon
O001802,C0214,P0028,2026-04-01,3,2194.53,Credit Card,Gallegosfurt
O001803,C0067,P0071,2025-10-20,1,1501.7,PayPal,Smithfurt
O001804,C0202,P0047,2026-01-10,1,1477.02,Credit Card,Ronaldland
O001805,C0152,P0029,2026-03-27,3,2951.37,Debit Card,New Jamesfort
O001806,C0149,P0063,2025-11-12,2,1797.98,PayPal,New Allison
O001807,C0021,P0006,2026-02-09,5,1764.08,Debit Card,Cherylmouth
O001808,C0164,P0061,2025-07-14,2,2911.37,Credit Card,East Sarahview
O001809,C0182,P0045,2025-12-13,3,2487.7,PayPal,Laurieborough
O001810,C0062,P0007,2025-06-16,1,1996.72,PayPal,Carlland
O001811,C0059,P0059,2026-02-25,5,1463.49,Credit Card,Lake Stacey
O001812,C0011,P0002,2025-05-24,2,236.21,Credit Card,Parsonschester
O001813,C0198,P0008,2025-06-21,2,1873.63,PayPal,West Kristen
O001814,C0115,P0015,2025-09-11,4,222.94,Debit Card,Allisonport
O001815,C0146,P0013,2025-10-23,5,308.39,UPI,Velazquezstad
O001816,C0244,P0015,2025-07-01,5,1553.1,Debit Card,Port Laura
O001817,C0136,P0008,2025-05-18,2,916.02,Debit Card,West Jessicabury
O001818,C0188,P0033,2025-08-13,2,1356.99,Debit Card,West Jason
O001819,C0075,P0014,2026-02-18,2,1420.99,Credit Card,Fuentesfurt
O001820,C0270,P0049,2025-10-20,5,941.45,PayPal,Younghaven
O001821,C0090,P0022,2025-07-27,4,977.36,Credit Card,New Nathan
O001822,C0074,P0005,2025-12-25,1,1346.29,Debit Card,Port Clayton
O001823,C0290,P0010,2025-06-08,2,1223.46,Debit Card,Christopherfurt
O001824,C0137,P0037,2025-06-06,4,1993.36,PayPal,Wilsonfurt
O001825,C0035,P0028,2026-04-09,5,2229.68,UPI,Theresaberg
O001826,C0169,P0012,2025-09-03,3,2066.83,Debit Card,Edwardsview
O001827,C0063,P0077,2025-09-27,1,41.23,UPI,East Troy
O001828,C0182,P0076,2026-04-24,1,2515.83,Credit Card,Laurieborough
O001829,C0231,P0074,2026-03-21,4,1676.99,PayPal,Matthewport
O001830,C0018,P0015,2025-07-26,5,2563.95,Credit Card,West Troyhaven
O001831,C0157,P0018,2026-01-23,2,2252.54,UPI,Port Donald
O001832,C0036,P0016,2026-01-07,5,881.01,PayPal,West Bryan
O001833,C0287,P0053,2026-04-22,3,2490.41,UPI,Kevinland
O001834,C0194,P0008,2025-05-18,3,191.24,PayPal,Gabrielmouth
O001835,C0168,P0060,2025-06-21,4,1047.82,Credit Card,South Janicefurt
O001836,C0248,P0008,2025-11-30,3,2966.65,Debit Card,East Andrew
O001837,C0024,P0066,2025-09-27,5,788.76,Credit Card,New Ashley
O001838,C0238,P0044,2025-12-19,3,2950.22,PayPal,South Susanborough
O001839,C0284,P0076,2025-11-08,2,2486.98,Credit Card,North Carrie
O001840,C0225,P0025,2025-07-01,5,2362.41,UPI,Port Heatherview
O001841,C0065,P0069,2026-02-21,4,1603.91,PayPal,East Dawnfurt
O001842,C0207,P0019,2025-12-01,5,2700.77,Debit Card,Castillofurt
O001843,C0267,P0042,2025-09-24,3,622.84,PayPal,Lake Hannahborough
O001844,C0082,P0071,2025-09-25,5,2769.75,PayPal,South Eric
O001845,C0268,P0070,2026-03-16,3,1736.45,UPI,Maldonadoview
O001846,C0122,P0013,2026-05-07,5,1863.19,PayPal,Eugeneport
O001847,C0224,P0076,2026-03-29,4,1171.31,PayPal,West Michelleland
O001848,C0257,P0070,2026-01-25,5,1560.66,UPI,Erinview
O001849,C0218,P0033,2026-01-30,4,2956.54,Credit Card,North Crystal
O001850,C0097,P0005,2025-10-16,3,1469.73,Debit Card,Brianstad
O001851,C0197,P0012,2025-06-13,2,2296.3,Debit Card,Jamesborough
O001852,C0237,P0006,2026-01-25,1,2216.03,Debit Card,West Amanda
O001853,C0217,P0022,2025-10-10,2,2680.9,UPI,Bryceside
O001854,C0181,P0054,2026-04-22,5,56.86,UPI,Lake Ryan
O001855,C0072,P0066,2025-11-28,2,2794.06,UPI,Mooreborough
O001856,C0238,P0068,2025-10-26,2,1837.99,UPI,South Susanborough
O001857,C0171,P0024,2026-01-27,1,1590.91,Credit Card,West Kimberly
O001858,C0129,P0041,2025-08-11,5,1237.0,PayPal,East Julia
O001859,C0052,P0021,2025-07-01,2,2544.5,PayPal,Racheltown
O001860,C0005,P0001,2025-06-07,5,857.82,PayPal,Laneside
O001861,C0185,P0056,2025-10-10,3,1091.3,Debit Card,Vanessaburgh
O001862,C0296,P0037,2025-11-18,5,865.7,PayPal,Josephfort
O001863,C0265,P0048,2025-05-11,3,533.6,Debit Card,West Brenda
O001864,C0045,P0072,2025-08-05,2,1208.66,Debit Card,East Marcia
O001865,C0052,P0056,2026-04-02,2,947.12,Credit Card,Racheltown
O001866,C0063,P0009,2026-04-30,4,387.27,UPI,East Troy
O001867,C0078,P0003,2025-09-07,4,903.61,Debit Card,West Lisa
O001868,C0282,P0013,2025-09-01,2,1171.24,UPI,North Jeremy
O001869,C0269,P0072,2026-03-24,4,320.45,UPI,New Michaelland
O001870,C0102,P0064,2025-12-12,2,112.53,PayPal,Allenville
O001871,C0177,P0060,2026-01-17,1,2202.93,PayPal,Stuarthaven
O001872,C0031,P0032,2025-09-26,5,420.04,Debit Card,East Deannahaven
O001873,C0173,P0046,2025-12-29,1,1432.16,PayPal,Torresberg
O001874,C0175,P0075,2025-09-24,5,318.9,Debit Card,North Shannonstad
O001875,C0263,P0020,2026-04-20,1,135.72,Credit Card,South Davidfort
O001876,C0178,P0016,2026-01-20,1,2552.93,Credit Card,New Sarah
O001877,C0015,P0073,2025-10-08,2,88.17,PayPal,East Brandon
O001878,C0031,P0026,2026-01-02,5,2219.1,Debit Card,East Deannahaven
O001879,C0032,P0003,2025-11-20,1,326.29,UPI,West Michelleside
O001880,C0150,P0010,2026-04-28,4,1498.51,UPI,North Paulside
O001881,C0119,P0044,2025-09-10,3,1687.71,Credit Card,Grayfort
O001882,C0238,P0070,2026-05-05,1,1459.01,Debit Card,South Susanborough
O001883,C0258,P0058,2025-12-11,4,832.72,Credit Card,South Elizabeth
O001884,C0244,P0051,2026-04-01,4,1299.43,UPI,Port Laura
O001885,C0148,P0021,2025-10-13,2,2832.11,UPI,Lake Megan
O001886,C0268,P0047,2025-10-31,3,2235.53,PayPal,Maldonadoview
O001887,C0096,P0003,2025-10-18,2,2185.32,PayPal,East Kimberlytown
O001888,C0068,P0013,2025-05-09,1,1915.87,UPI,West Cory
O001889,C0150,P0055,2025-11-13,5,1109.71,PayPal,North Paulside
O001890,C0201,P0023,2025-12-05,1,506.82,UPI,East Crystal
O001891,C0062,P0055,2026-04-29,1,900.88,Debit Card,Carlland
O001892,C0030,P0056,2025-05-14,5,1428.04,PayPal,Lake Timothy
O001893,C0023,P0067,2026-04-21,4,1747.4,Credit Card,Hallview
O001894,C0178,P0058,2026-03-11,2,116.08,Debit Card,New Sarah
O001895,C0082,P0026,2025-10-06,1,1053.1,PayPal,South Eric
O001896,C0206,P0068,2025-09-07,1,1660.15,PayPal,Christopherberg
O001897,C0235,P0053,2025-12-16,1,1674.88,PayPal,North Theresa
O001898,C0266,P0041,2025-08-15,2,537.82,PayPal,Hebertmouth
O001899,C0041,P0046,2025-11-28,4,606.47,Credit Card,Lake Alishaland
O001900,C0011,P0004,2025-12-28,5,2530.0,PayPal,Parsonschester
O001901,C0257,P0062,2026-05-03,5,2207.73,Debit Card,Erinview
O001902,C0002,P0041,2026-03-14,2,2012.0,Credit Card,Thompsonstad
O001903,C0228,P0056,2026-01-25,2,2316.61,PayPal,Port Amy
O001904,C0087,P0021,2025-10-24,2,2532.94,UPI,Rojasberg
O001905,C0109,P0007,2025-05-11,1,1916.37,PayPal,Hurleyfort
O001906,C0227,P0062,2025-12-21,4,1626.14,Debit Card,Isaacview
O001907,C0153,P0074,2025-08-27,2,1267.84,Credit Card,Lake Jesus
O001908,C0148,P0069,2025-11-01,2,1455.72,Credit Card,Lake Megan
O001909,C0281,P0035,2025-10-23,5,493.61,UPI,Crawfordmouth
O001910,C0065,P0049,2025-10-27,4,2420.34,UPI,East Dawnfurt
O001911,C0145,P0021,2026-01-15,3,251.65,Debit Card,Jennifertown
O001912,C0142,P0056,2025-07-03,1,1201.54,UPI,South Rebeccamouth
O001913,C0274,P0067,2025-09-29,5,2041.46,UPI,Josephberg
O001914,C0229,P0021,2025-10-21,2,2371.77,Credit Card,Smithview
O001915,C0113,P0025,2026-01-22,1,1227.05,Debit Card,North Pamela
O001916,C0143,P0039,2025-06-11,5,2786.15,Credit Card,Collinsborough
O001917,C0248,P0021,2025-12-29,1,311.75,Credit Card,East Andrew
O001918,C0300,P0024,2025-05-14,4,1485.72,UPI,North Sarah
O001919,C0234,P0029,2025-12-03,1,1351.62,Debit Card,Macdonaldberg
O001920,C0092,P0052,2026-01-18,3,2402.25,UPI,Ramirezville
O001921,C0084,P0017,2025-07-24,3,1255.37,Credit Card,New Kyle
O001922,C0232,P0056,2025-06-10,3,656.98,Credit Card,East Gary
O001923,C0297,P0028,2025-10-30,5,1123.96,Debit Card,West Paul
O001924,C0270,P0015,2026-01-18,1,1016.13,Credit Card,Younghaven
O001925,C0092,P0051,2026-03-06,2,455.8,Credit Card,Ramirezville
O001926,C0173,P0070,2025-06-20,3,468.18,UPI,Torresberg
O001927,C0268,P0027,2026-02-15,4,506.57,UPI,Maldonadoview
O001928,C0094,P0029,2026-03-29,3,129.64,Debit Card,Morganmouth
O001929,C0165,P0005,2025-08-21,4,823.73,Credit Card,Dawnberg
O001930,C0252,P0005,2025-12-08,1,1393.12,Debit Card,North Veronicaside
O001931,C0154,P0034,2026-01-13,2,1003.14,PayPal,South Susanmouth
O001932,C0264,P0032,2025-12-07,2,817.17,Debit Card,Lake Susanfort
O001933,C0221,P0046,2026-03-06,1,261.79,UPI,North Rebeccamouth
O001934,C0137,P0067,2026-02-23,1,30.12,UPI,Wilsonfurt
O001935,C0274,P0025,2025-05-18,5,206.06,PayPal,Josephberg
O001936,C0014,P0079,2026-05-03,2,1943.44,Debit Card,Lake Robert
O001937,C0200,P0031,2025-07-10,5,1141.54,Debit Card,Grayfort
O001938,C0285,P0058,2025-05-23,5,928.8,Credit Card,Campbellmouth
O001939,C0020,P0034,2025-09-09,3,282.23,PayPal,Port Juan
O001940,C0105,P0049,2026-05-04,4,1162.47,Credit Card,South Brianastad
O001941,C0017,P0028,2026-01-20,5,613.51,UPI,New Claudia
O001942,C0072,P0069,2026-01-09,5,181.01,UPI,Mooreborough
O001943,C0070,P0039,2025-06-30,3,1842.0,PayPal,East Mary
O001944,C0261,P0026,2025-10-22,3,1929.47,PayPal,Pattersonland
O001945,C0091,P0074,2026-02-23,5,2143.84,UPI,East Charles
O001946,C0093,P0038,2025-05-18,2,2209.14,Credit Card,Rachelhaven
O001947,C0257,P0018,2026-02-02,3,2892.04,PayPal,Erinview
O001948,C0204,P0016,2025-06-18,2,2869.43,UPI,Port Elizabethshire
O001949,C0207,P0049,2026-01-03,2,568.83,PayPal,Castillofurt
O001950,C0135,P0004,2025-06-16,1,2382.51,Debit Card,South Ryanshire
O001951,C0106,P0075,2025-06-07,4,1580.22,UPI,Comptonburgh
O001952,C0060,P0057,2025-10-25,2,1475.54,Credit Card,Nguyentown
O001953,C0151,P0032,2026-02-16,4,866.88,Credit Card,West Zacharyview
O001954,C0207,P0060,2025-10-21,2,2691.89,Debit Card,Castillofurt
O001955,C0210,P0019,2026-01-17,1,2774.63,UPI,North Shelly
O001956,C0004,P0045,2025-12-10,4,2645.08,UPI,East Hunterberg
O001957,C0074,P0019,2026-05-02,1,690.6,PayPal,Port Clayton
O001958,C0035,P0025,2025-07-06,3,380.01,PayPal,Theresaberg
O001959,C0296,P0019,2025-05-09,2,2288.17,Credit Card,Josephfort
O001960,C0058,P0061,2026-04-22,4,2932.47,Debit Card,Ruiztown
O001961,C0257,P0044,2026-03-24,3,1126.1,PayPal,Erinview
O001962,C0216,P0003,2026-01-25,4,2040.91,PayPal,North Mariastad
O001963,C0057,P0054,2025-11-23,3,320.3,Credit Card,Port Austin
O001964,C0109,P0077,2025-07-08,3,2236.11,UPI,Hurleyfort
O001965,C0027,P0036,2025-10-31,2,601.62,Debit Card,New Andre
O001966,C0207,P0063,2025-10-05,1,2707.15,UPI,Castillofurt
O001967,C0127,P0018,2026-04-28,2,884.3,UPI,Deannachester
O001968,C0154,P0021,2025-09-18,2,627.0,Credit Card,South Susanmouth
O001969,C0165,P0073,2025-06-14,1,2117.99,PayPal,Dawnberg
O001970,C0043,P0070,2026-04-23,4,2356.57,UPI,Scottburgh
O001971,C0087,P0037,2025-06-25,5,443.82,UPI,Rojasberg
O001972,C0237,P0024,2025-11-20,3,2521.36,Debit Card,West Amanda
O001973,C0128,P0043,2025-11-02,3,857.52,PayPal,East Angelaport
O001974,C0114,P0074,2025-06-04,1,525.57,PayPal,Port Michaelbury
O001975,C0015,P0032,2026-01-19,5,1406.0,Credit Card,East Brandon
O001976,C0169,P0068,2026-02-01,2,806.79,PayPal,Edwardsview
O001977,C0047,P0005,2025-12-05,4,2543.66,Debit Card,Lake Danielville
O001978,C0240,P0035,2025-07-26,5,1294.11,Credit Card,East Timothyport
O001979,C0056,P0080,2025-09-15,2,2986.36,Debit Card,South Ebonybury
O001980,C0063,P0014,2025-06-04,2,2103.24,UPI,East Troy
O001981,C0290,P0020,2025-12-09,3,483.27,Debit Card,Christopherfurt
O001982,C0194,P0004,2026-01-07,5,2555.22,PayPal,Gabrielmouth
O001983,C0129,P0037,2025-05-24,4,1125.74,PayPal,East Julia
O001984,C0235,P0045,2025-11-15,5,1118.06,PayPal,North Theresa
O001985,C0065,P0015,2026-01-06,3,2001.69,PayPal,East Dawnfurt
O001986,C0009,P0057,2025-07-13,2,2159.64,UPI,Cynthiachester
O001987,C0134,P0076,2025-09-02,4,623.4,PayPal,East Sethmouth
O001988,C0171,P0060,2025-06-15,3,896.15,UPI,West Kimberly
O001989,C0234,P0058,2026-03-25,5,685.05,Debit Card,Macdonaldberg
O001990,C0156,P0039,2025-06-01,5,1389.91,Debit Card,Millerhaven
O001991,C0258,P0079,2025-09-11,5,2903.16,Credit Card,South Elizabeth
O001992,C0258,P0019,2025-06-16,3,424.88,Credit Card,South Elizabeth
O001993,C0205,P0063,2025-12-26,4,2226.81,Debit Card,Spencetown
O001994,C0240,P0008,2025-06-14,5,2627.49,Debit Card,East Timothyport
O001995,C0063,P0032,2025-06-20,3,97.35,Credit Card,East Troy
O001996,C0181,P0069,2026-03-06,3,563.99,Credit Card,Lake Ryan
O001997,C0209,P0013,2025-11-26,4,914.97,PayPal,West Judy
O001998,C0039,P0007,2026-01-26,3,1803.86,Debit Card,Port Tracyside
O001999,C0126,P0020,2025-08-11,2,1365.43,Credit Card,Singletonfurt
O002000,C0224,P0059,2026-01-14,4,186.19,UPI,West Michelleland
O002001,C0081,P0068,2025-10-27,3,2370.2,Debit Card,North Brucestad
O002002,C0137,P0011,2025-06-14,4,1343.13,PayPal,Wilsonfurt
O002003,C0107,P0038,2026-01-08,5,1887.31,PayPal,Cannonville
O002004,C0099,P0073,2025-11-25,2,2903.4,Credit Card,Robertsonland
O002005,C0218,P0071,2026-03-31,1,2916.37,UPI,North Crystal
O002006,C0060,P0076,2025-10-09,4,2488.26,UPI,Nguyentown
O002007,C0067,P0042,2025-12-21,4,2380.59,Debit Card,Smithfurt
O002008,C0223,P0039,2025-07-12,5,821.09,Debit Card,New Kayla
O002009,C0222,P0023,2025-07-10,2,305.12,UPI,Shannonstad
O002010,C0198,P0032,2025-05-28,1,2950.73,UPI,West Kristen
O002011,C0135,P0016,2026-01-19,1,967.65,Debit Card,South Ryanshire
O002012,C0057,P0040,2025-11-13,4,910.02,Credit Card,Port Austin
O002013,C0058,P0079,2025-08-22,4,304.33,PayPal,Ruiztown
O002014,C0152,P0037,2026-04-02,4,566.7,UPI,New Jamesfort
O002015,C0278,P0029,2025-05-15,5,2074.81,UPI,North Emilyville
O002016,C0284,P0078,2026-03-29,2,582.2,UPI,North Carrie
O002017,C0036,P0043,2026-04-26,5,1608.6,PayPal,West Bryan
O002018,C0235,P0031,2026-01-02,2,2127.23,Debit Card,North Theresa
O002019,C0024,P0076,2026-05-01,3,1525.1,Credit Card,New Ashley
O002020,C0047,P0044,2026-04-18,2,2940.46,UPI,Lake Danielville
O002021,C0111,P0061,2025-05-22,3,858.85,Credit Card,Williamshire
O002022,C0246,P0058,2025-09-10,5,1976.81,Credit Card,Lake Jason
O002023,C0197,P0059,2025-08-07,1,2912.43,PayPal,Jamesborough
O002024,C0121,P0075,2025-11-07,1,164.65,Credit Card,Port Richardstad
O002025,C0108,P0070,2025-06-11,4,2522.38,PayPal,Molinaburgh
O002026,C0013,P0002,2025-10-13,5,714.35,Credit Card,New Matthew
O002027,C0253,P0073,2025-12-26,2,2118.52,PayPal,Lake Alicialand
O002028,C0189,P0038,2025-08-05,1,2494.81,Debit Card,Lake Georgefurt
O002029,C0225,P0005,2025-05-13,5,2434.62,Credit Card,Port Heatherview
O002030,C0078,P0029,2025-07-25,4,50.5,PayPal,West Lisa
O002031,C0086,P0043,2025-10-22,4,750.59,PayPal,Melissachester
O002032,C0133,P0078,2025-08-30,2,1743.37,Debit Card,Wellsfort
O002033,C0230,P0013,2025-11-15,5,470.77,PayPal,South Rachelton
O002034,C0248,P0009,2026-03-19,4,356.27,PayPal,East Andrew
O002035,C0065,P0004,2026-03-25,2,1456.73,UPI,East Dawnfurt
O002036,C0060,P0041,2026-04-29,2,444.86,Credit Card,Nguyentown
O002037,C0264,P0016,2026-04-06,5,2620.92,PayPal,Lake Susanfort
O002038,C0010,P0062,2025-11-06,3,152.7,PayPal,Housemouth
O002039,C0130,P0040,2025-11-29,3,2129.82,UPI,North Phillip
O002040,C0285,P0052,2025-11-19,3,1376.67,PayPal,Campbellmouth
O002041,C0081,P0072,2025-08-27,5,1465.29,Debit Card,North Brucestad
O002042,C0257,P0005,2026-01-12,3,1916.24,PayPal,Erinview
O002043,C0257,P0031,2025-07-26,1,2112.48,Debit Card,Erinview
O002044,C0285,P0005,2026-04-02,3,1468.37,UPI,Campbellmouth
O002045,C0145,P0071,2025-09-20,1,514.58,PayPal,Jennifertown
O002046,C0212,P0057,2025-09-13,5,226.49,Credit Card,Ortegaton
O002047,C0040,P0002,2025-10-04,1,2776.42,Debit Card,North Jacqueline
O002048,C0175,P0008,2026-02-09,2,2646.51,UPI,North Shannonstad
O002049,C0216,P0019,2025-08-03,4,456.68,Debit Card,North Mariastad
O002050,C0193,P0052,2026-02-11,3,2243.02,PayPal,Johnathanstad
O002051,C0285,P0045,2025-06-13,5,848.79,UPI,Campbellmouth
O002052,C0008,P0072,2025-12-13,1,2150.82,UPI,West Ryantown
O002053,C0171,P0008,2025-11-19,4,257.22,PayPal,West Kimberly
O002054,C0260,P0051,2025-11-13,5,1841.19,Credit Card,Port Anthonystad
O002055,C0172,P0068,2025-08-31,2,2888.97,Credit Card,Williamstad
O002056,C0198,P0035,2026-02-21,3,674.46,Credit Card,West Kristen
O002057,C0135,P0002,2025-06-23,5,2220.98,Credit Card,South Ryanshire
O002058,C0089,P0075,2025-09-11,3,2652.36,UPI,Taylorburgh
O002059,C0203,P0062,2026-01-25,3,1058.36,Credit Card,Pierceside
O002060,C0259,P0005,2026-04-28,2,340.65,Credit Card,North Markstad
O002061,C0258,P0016,2025-09-01,2,215.36,PayPal,South Elizabeth
O002062,C0251,P0032,2025-12-11,1,1834.03,Debit Card,Lake Bruce
O002063,C0109,P0044,2026-03-29,2,304.91,Credit Card,Hurleyfort
O002064,C0155,P0068,2025-11-23,2,999.45,Debit Card,Patriciabury
O002065,C0300,P0075,2025-10-03,1,124.96,Debit Card,North Sarah
O002066,C0251,P0022,2026-02-27,3,2503.31,UPI,Lake Bruce
O002067,C0157,P0041,2025-06-12,4,524.85,PayPal,Port Donald
O002068,C0082,P0003,2026-04-19,5,2848.84,Debit Card,South Eric
O002069,C0025,P0021,2026-02-27,1,2319.66,UPI,Port Anthonychester
O002070,C0022,P0050,2026-04-20,1,1199.58,Debit Card,South Andrea
O002071,C0168,P0030,2025-12-02,5,1646.8,Credit Card,South Janicefurt
O002072,C0054,P0004,2026-04-12,3,948.57,UPI,Brianland
O002073,C0024,P0037,2025-10-10,2,1267.43,Debit Card,New Ashley
O002074,C0260,P0019,2026-02-13,2,843.52,UPI,Port Anthonystad
O002075,C0095,P0074,2025-12-26,1,2648.24,UPI,West Lisaberg
O002076,C0295,P0074,2025-11-15,5,1940.96,Credit Card,Darrylport
O002077,C0196,P0056,2025-12-12,1,955.53,Credit Card,Port Andrea
O002078,C0288,P0009,2025-11-23,3,308.65,Debit Card,Lake Scottborough
O002079,C0260,P0051,2025-06-29,1,1256.36,Credit Card,Port Anthonystad
O002080,C0227,P0054,2025-11-25,3,2945.16,PayPal,Isaacview
O002081,C0193,P0075,2025-07-09,5,244.64,UPI,Johnathanstad
O002082,C0200,P0064,2025-06-28,5,2548.82,PayPal,Grayfort
O002083,C0048,P0066,2025-11-15,2,1374.21,UPI,Smithview
O002084,C0101,P0050,2026-04-25,5,2913.82,Credit Card,Kristenfort
O002085,C0244,P0068,2025-11-17,3,759.29,Credit Card,Port Laura
O002086,C0271,P0021,2025-05-20,5,394.34,Credit Card,Port Patrick
O002087,C0292,P0076,2026-03-18,4,1676.94,Credit Card,Port Wesleyshire
O002088,C0300,P0021,2025-07-19,1,65.73,PayPal,North Sarah
O002089,C0030,P0062,2025-05-16,3,400.21,Debit Card,Lake Timothy
O002090,C0171,P0075,2025-08-23,5,1668.31,Debit Card,West Kimberly
O002091,C0142,P0031,2025-12-03,4,1401.02,UPI,South Rebeccamouth
O002092,C0007,P0049,2025-10-26,3,1071.42,PayPal,East Willie
O002093,C0223,P0050,2026-01-19,2,2485.47,PayPal,New Kayla
O002094,C0077,P0031,2026-01-23,4,562.44,UPI,Harringtontown
O002095,C0209,P0024,2025-06-10,4,1831.61,Debit Card,West Judy
O002096,C0056,P0012,2026-03-25,5,1556.09,PayPal,South Ebonybury
O002097,C0245,P0070,2025-12-29,3,297.34,UPI,Adamsmouth
O002098,C0263,P0061,2026-01-22,2,2695.37,Debit Card,South Davidfort
O002099,C0064,P0071,2025-06-16,5,672.47,Debit Card,Stephenchester
O002100,C0178,P0059,2026-03-10,4,452.9,UPI,New Sarah
O002101,C0039,P0018,2026-01-12,3,1752.56,Credit Card,Port Tracyside
O002102,C0150,P0007,2025-05-27,2,1881.37,Debit Card,North Paulside
O002103,C0213,P0038,2025-10-04,1,1253.14,PayPal,Millerhaven
O002104,C0046,P0031,2025-05-08,3,2458.52,Credit Card,Lake Matthew
O002105,C0052,P0039,2025-11-25,3,1411.21,Debit Card,Racheltown
O002106,C0141,P0024,2025-06-21,5,1669.72,UPI,Farmerburgh
O002107,C0019,P0065,2026-01-30,5,2364.92,UPI,Bakerfurt
O002108,C0013,P0040,2026-02-22,3,2932.37,Credit Card,New Matthew
O002109,C0101,P0039,2025-10-22,1,2071.33,UPI,Kristenfort
O002110,C0086,P0052,2025-11-21,1,2260.7,PayPal,Melissachester
O002111,C0171,P0039,2025-07-27,3,2380.76,Debit Card,West Kimberly
O002112,C0043,P0039,2026-02-17,1,2850.63,UPI,Scottburgh
O002113,C0093,P0041,2026-01-08,3,1770.41,Credit Card,Rachelhaven
O002114,C0070,P0014,2026-01-25,3,2386.63,UPI,East Mary
O002115,C0166,P0072,2025-07-09,2,1813.31,Credit Card,Brittanyberg
O002116,C0127,P0034,2025-05-07,3,2706.18,Credit Card,Deannachester
O002117,C0265,P0043,2025-12-06,4,1316.8,Credit Card,West Brenda
O002118,C0259,P0076,2025-11-02,3,1010.91,Credit Card,North Markstad
O002119,C0285,P0062,2026-01-17,3,987.08,UPI,Campbellmouth
O002120,C0189,P0003,2025-09-15,5,618.79,Debit Card,Lake Georgefurt
O002121,C0181,P0080,2026-02-19,2,813.96,Debit Card,Lake Ryan
O002122,C0014,P0008,2026-01-05,5,2420.73,UPI,Lake Robert
O002123,C0293,P0052,2025-05-14,4,88.79,Credit Card,New Aaronfort
O002124,C0076,P0064,2025-12-30,2,785.47,PayPal,Hessville
O002125,C0208,P0001,2025-06-10,4,2265.67,Debit Card,Zacharyberg
O002126,C0225,P0071,2025-09-18,1,2252.06,Debit Card,Port Heatherview
O002127,C0031,P0070,2025-10-25,3,352.04,PayPal,East Deannahaven
O002128,C0165,P0052,2025-10-03,5,1124.13,Credit Card,Dawnberg
O002129,C0218,P0041,2025-09-18,2,1171.64,UPI,North Crystal
O002130,C0270,P0038,2026-02-01,5,2274.71,Credit Card,Younghaven
O002131,C0026,P0038,2025-10-09,2,2209.35,Credit Card,Lake Alison
O002132,C0292,P0045,2026-03-23,1,118.65,UPI,Port Wesleyshire
O002133,C0127,P0047,2026-04-14,4,2167.7,UPI,Deannachester
O002134,C0135,P0063,2026-04-30,3,667.39,PayPal,South Ryanshire
O002135,C0229,P0003,2025-08-17,3,200.52,Debit Card,Smithview
O002136,C0160,P0043,2026-04-21,1,2100.26,Debit Card,Kimberlyton
O002137,C0039,P0001,2025-07-09,1,1802.2,Debit Card,Port Tracyside
O002138,C0221,P0078,2025-10-19,3,2295.27,UPI,North Rebeccamouth
O002139,C0159,P0061,2025-07-10,4,378.93,PayPal,Mullenburgh
O002140,C0041,P0011,2025-09-25,3,2635.97,UPI,Lake Alishaland
O002141,C0058,P0065,2025-09-23,3,2925.87,Debit Card,Ruiztown
O002142,C0192,P0053,2025-07-07,2,2642.53,Debit Card,Phillipsport
O002143,C0191,P0073,2025-10-05,1,2008.24,Debit Card,Wheelershire
O002144,C0267,P0052,2025-11-21,3,961.78,PayPal,Lake Hannahborough
O002145,C0123,P0068,2026-01-01,2,769.64,Credit Card,East Tonyshire
O002146,C0243,P0010,2026-05-07,4,1233.95,PayPal,New Randystad
O002147,C0230,P0060,2025-08-19,3,1153.93,UPI,South Rachelton
O002148,C0129,P0039,2025-10-11,3,939.59,UPI,East Julia
O002149,C0062,P0029,2025-08-05,5,1617.42,Debit Card,Carlland
O002150,C0052,P0041,2025-11-27,1,1714.45,PayPal,Racheltown
O002151,C0002,P0075,2025-10-21,4,1929.63,Credit Card,Thompsonstad
O002152,C0053,P0053,2026-03-22,3,1658.11,Credit Card,Jenniferburgh
O002153,C0005,P0069,2026-01-16,2,273.08,Debit Card,Laneside
O002154,C0080,P0051,2025-09-01,1,579.48,Debit Card,West Katherinebury
O002155,C0061,P0021,2025-10-20,2,2952.36,Credit Card,West Dennis
O002156,C0284,P0077,2026-02-04,2,32.34,UPI,North Carrie
O002157,C0257,P0064,2025-09-07,3,726.52,UPI,Erinview
O002158,C0297,P0023,2025-08-30,5,1126.9,UPI,West Paul
O002159,C0248,P0014,2025-08-31,2,1132.5,Debit Card,East Andrew
O002160,C0218,P0070,2025-08-15,2,2622.9,UPI,North Crystal
O002161,C0063,P0055,2025-09-21,5,2920.62,Credit Card,East Troy
O002162,C0241,P0018,2025-06-12,5,2415.82,UPI,South Jake
O002163,C0294,P0052,2025-08-13,4,566.84,UPI,West Johnhaven
O002164,C0148,P0035,2025-05-16,3,2557.29,PayPal,Lake Megan
O002165,C0252,P0032,2025-12-31,4,109.12,PayPal,North Veronicaside
O002166,C0034,P0046,2025-06-15,4,1248.09,PayPal,West Aaronfort
O002167,C0020,P0021,2025-12-06,3,510.88,UPI,Port Juan
O002168,C0001,P0046,2026-04-07,3,1120.87,Debit Card,East Denise
O002169,C0112,P0034,2025-08-10,5,1119.73,UPI,South Jennifer
O002170,C0003,P0059,2025-11-26,4,127.8,Credit Card,Michaelland
O002171,C0152,P0065,2025-09-18,2,651.66,PayPal,New Jamesfort
O002172,C0187,P0075,2025-05-18,2,1154.49,Credit Card,South Tracytown
O002173,C0183,P0056,2025-11-27,1,1643.76,Credit Card,North Thomas
O002174,C0083,P0016,2025-09-08,1,912.0,Debit Card,East Juliaport
O002175,C0240,P0063,2026-04-13,4,1561.2,PayPal,East Timothyport
O002176,C0082,P0026,2025-11-18,3,270.36,Credit Card,South Eric
O002177,C0278,P0054,2025-09-05,5,533.51,PayPal,North Emilyville
O002178,C0199,P0002,2025-12-02,2,1827.91,Debit Card,New Glendahaven
O002179,C0042,P0049,2025-09-04,2,1043.28,Credit Card,Lewischester
O002180,C0232,P0031,2026-01-30,4,635.33,Debit Card,East Gary
O002181,C0073,P0066,2025-05-24,2,2719.76,Credit Card,Lake Lisahaven
O002182,C0116,P0001,2026-01-13,5,802.95,Credit Card,New Amandamouth
O002183,C0213,P0005,2025-11-19,3,748.34,Debit Card,Millerhaven
O002184,C0024,P0008,2026-02-16,3,1316.47,Credit Card,New Ashley
O002185,C0076,P0012,2026-04-10,2,151.26,PayPal,Hessville
O002186,C0042,P0022,2025-06-04,2,2369.94,Debit Card,Lewischester
O002187,C0140,P0064,2026-01-05,5,515.13,UPI,New Matthew
O002188,C0215,P0079,2026-02-16,5,1255.47,Credit Card,Graymouth
O002189,C0098,P0002,2025-09-14,2,732.97,Credit Card,Chungport
O002190,C0291,P0047,2025-10-11,5,164.51,Debit Card,New Jenniferside
O002191,C0076,P0078,2025-07-06,5,1892.44,PayPal,Hessville
O002192,C0247,P0007,2026-03-17,3,1979.31,Debit Card,Lake Jenniferland
O002193,C0041,P0039,2025-08-13,3,652.86,UPI,Lake Alishaland
O002194,C0230,P0042,2025-09-13,4,1398.16,UPI,South Rachelton
O002195,C0274,P0008,2026-01-05,3,886.84,Debit Card,Josephberg
O002196,C0115,P0045,2025-08-03,3,1631.48,PayPal,Allisonport
O002197,C0295,P0005,2026-02-16,5,21.14,Debit Card,Darrylport
O002198,C0101,P0044,2025-07-07,1,1213.3,Credit Card,Kristenfort
O002199,C0062,P0067,2025-12-26,3,462.26,PayPal,Carlland
O002200,C0053,P0019,2026-01-17,4,269.79,Credit Card,Jenniferburgh
O002201,C0129,P0065,2025-08-18,3,1101.48,PayPal,East Julia
O002202,C0173,P0033,2026-05-05,1,1584.07,UPI,Torresberg
O002203,C0100,P0061,2026-02-09,4,1650.61,Debit Card,Cantufurt
O002204,C0095,P0002,2025-12-23,5,2106.98,PayPal,West Lisaberg
O002205,C0138,P0031,2025-05-21,4,2327.11,PayPal,South Steve
O002206,C0016,P0063,2025-11-06,3,2787.46,PayPal,New Anthony
O002207,C0254,P0070,2025-07-23,2,1568.41,UPI,Hillshire
O002208,C0253,P0039,2026-03-12,4,2254.95,UPI,Lake Alicialand
O002209,C0030,P0079,2025-06-27,2,1499.48,UPI,Lake Timothy
O002210,C0021,P0062,2025-09-11,4,1511.44,Credit Card,Cherylmouth
O002211,C0098,P0070,2025-10-30,1,1898.68,Credit Card,Chungport
O002212,C0087,P0045,2025-12-08,2,1538.92,Debit Card,Rojasberg
O002213,C0074,P0031,2026-01-16,3,555.0,UPI,Port Clayton
O002214,C0036,P0050,2025-09-29,1,2514.88,Debit Card,West Bryan
O002215,C0058,P0046,2025-08-10,2,1727.08,Debit Card,Ruiztown
O002216,C0157,P0009,2025-06-01,1,1967.35,UPI,Port Donald
O002217,C0175,P0006,2026-03-10,2,1100.46,Debit Card,North Shannonstad
O002218,C0150,P0078,2025-05-14,2,2695.32,PayPal,North Paulside
O002219,C0185,P0033,2026-03-12,5,1831.44,UPI,Vanessaburgh
O002220,C0206,P0030,2026-03-28,1,1804.99,PayPal,Christopherberg
O002221,C0012,P0061,2025-11-10,5,1381.91,PayPal,Halltown
O002222,C0180,P0068,2025-05-30,4,1943.17,Debit Card,Crystalview
O002223,C0148,P0038,2025-06-21,2,1960.55,Debit Card,Lake Megan
O002224,C0154,P0076,2026-04-24,5,2461.68,Credit Card,South Susanmouth
O002225,C0185,P0070,2025-06-07,1,591.64,PayPal,Vanessaburgh
O002226,C0247,P0007,2025-06-01,5,1940.15,Debit Card,Lake Jenniferland
O002227,C0007,P0012,2026-02-15,4,2894.19,Credit Card,East Willie
O002228,C0263,P0055,2025-11-19,1,1792.47,Debit Card,South Davidfort
O002229,C0140,P0023,2025-09-24,5,799.17,Debit Card,New Matthew
O002230,C0247,P0059,2025-07-30,2,413.71,Debit Card,Lake Jenniferland
O002231,C0217,P0046,2025-05-15,1,2831.15,Credit Card,Bryceside
O002232,C0028,P0016,2025-11-30,2,2992.27,PayPal,East Kristen
O002233,C0289,P0009,2026-01-06,3,2432.91,PayPal,Port Juanside
O002234,C0245,P0079,2026-03-21,5,621.68,UPI,Adamsmouth
O002235,C0126,P0030,2025-11-26,5,1429.98,PayPal,Singletonfurt
O002236,C0221,P0033,2025-08-12,1,2056.29,UPI,North Rebeccamouth
O002237,C0135,P0022,2026-04-06,5,2613.82,UPI,South Ryanshire
O002238,C0064,P0071,2025-06-22,5,2919.15,Debit Card,Stephenchester
O002239,C0170,P0066,2025-12-05,4,2747.71,Credit Card,Cartershire
O002240,C0111,P0016,2025-08-13,1,2604.86,Debit Card,Williamshire
O002241,C0144,P0058,2025-12-05,5,2852.7,Credit Card,South Michelleberg
O002242,C0224,P0004,2026-03-16,5,2843.55,UPI,West Michelleland
O002243,C0045,P0037,2025-06-10,3,28.1,UPI,East Marcia
O002244,C0112,P0005,2026-03-05,5,1962.59,Debit Card,South Jennifer
O002245,C0242,P0076,2025-11-01,3,1426.13,UPI,South Garrettborough
O002246,C0159,P0013,2026-04-01,2,2632.69,Debit Card,Mullenburgh
O002247,C0200,P0068,2025-05-22,3,1266.93,UPI,Grayfort
O002248,C0128,P0014,2025-05-17,3,1992.01,PayPal,East Angelaport
O002249,C0231,P0072,2025-08-21,4,631.01,Debit Card,Matthewport
O002250,C0239,P0046,2025-05-17,5,2046.3,Credit Card,Philipbury
O002251,C0127,P0043,2026-01-14,1,313.86,Credit Card,Deannachester
O002252,C0268,P0045,2025-07-21,3,946.76,Credit Card,Maldonadoview
O002253,C0028,P0053,2026-03-25,5,85.18,Credit Card,East Kristen
O002254,C0114,P0008,2025-12-01,4,1867.41,UPI,Port Michaelbury
O002255,C0237,P0066,2026-02-17,3,2613.54,PayPal,West Amanda
O002256,C0124,P0001,2025-05-17,1,2193.53,Credit Card,New Nathan
O002257,C0064,P0066,2026-04-13,1,1277.78,Credit Card,Stephenchester
O002258,C0093,P0072,2025-08-09,3,540.28,UPI,Rachelhaven
O002259,C0200,P0017,2026-04-23,4,1560.95,Credit Card,Grayfort
O002260,C0189,P0005,2026-01-10,1,194.92,Debit Card,Lake Georgefurt
O002261,C0038,P0010,2025-08-29,4,1100.96,PayPal,Bellville
O002262,C0205,P0013,2025-08-23,1,1477.04,UPI,Spencetown
O002263,C0225,P0050,2025-12-30,4,1686.76,PayPal,Port Heatherview
O002264,C0297,P0047,2025-07-14,1,1202.39,PayPal,West Paul
O002265,C0067,P0039,2025-07-24,3,1647.61,Debit Card,Smithfurt
O002266,C0062,P0060,2026-01-18,2,1944.24,Credit Card,Carlland
O002267,C0255,P0057,2026-01-04,4,2419.71,PayPal,Schmidtmouth
O002268,C0142,P0016,2025-11-30,3,382.52,Credit Card,South Rebeccamouth
O002269,C0227,P0036,2026-01-06,4,2428.55,PayPal,Isaacview
O002270,C0147,P0071,2026-04-02,1,447.61,Debit Card,North Alexander
O002271,C0270,P0023,2026-02-02,2,1271.48,Debit Card,Younghaven
O002272,C0178,P0001,2025-05-21,4,417.14,UPI,New Sarah
O002273,C0161,P0019,2025-11-07,2,2138.11,Debit Card,North Karen
O002274,C0084,P0011,2025-06-10,5,1882.97,Credit Card,New Kyle
O002275,C0202,P0037,2025-08-04,1,52.52,UPI,Ronaldland
O002276,C0218,P0016,2025-06-16,1,857.28,Debit Card,North Crystal
O002277,C0153,P0068,2026-01-13,1,1380.02,Debit Card,Lake Jesus
O002278,C0122,P0022,2025-10-12,1,2064.31,PayPal,Eugeneport
O002279,C0078,P0073,2026-02-18,5,2436.82,UPI,West Lisa
O002280,C0049,P0033,2025-05-19,4,2966.69,Credit Card,West Jasonstad
O002281,C0127,P0061,2025-12-01,4,2769.54,Credit Card,Deannachester
O002282,C0090,P0075,2026-02-22,1,2745.16,PayPal,New Nathan
O002283,C0128,P0004,2025-12-23,4,1272.4,PayPal,East Angelaport
O002284,C0279,P0017,2025-10-03,3,2204.17,PayPal,Juanchester
O002285,C0095,P0039,2025-10-11,5,2950.85,UPI,West Lisaberg
O002286,C0005,P0075,2026-05-05,1,538.61,PayPal,Laneside
O002287,C0291,P0045,2025-07-20,5,902.05,Credit Card,New Jenniferside
O002288,C0028,P0022,2026-04-26,1,1645.37,Debit Card,East Kristen
O002289,C0029,P0050,2025-05-29,5,2867.3,UPI,Michaelview
O002290,C0209,P0037,2026-03-18,1,1272.83,Credit Card,West Judy
O002291,C0133,P0036,2026-03-19,5,1588.45,Debit Card,Wellsfort
O002292,C0279,P0054,2025-11-25,1,1698.95,Debit Card,Juanchester
O002293,C0149,P0048,2025-11-21,2,1603.66,Debit Card,New Allison
O002294,C0046,P0006,2026-01-02,5,453.2,Credit Card,Lake Matthew
O002295,C0070,P0006,2025-10-22,3,2843.6,Debit Card,East Mary
O002296,C0098,P0074,2026-02-06,5,618.57,Debit Card,Chungport
O002297,C0158,P0068,2025-06-18,1,2772.78,PayPal,Alecborough
O002298,C0291,P0071,2025-06-27,5,557.49,PayPal,New Jenniferside
O002299,C0169,P0068,2025-12-07,1,322.94,Debit Card,Edwardsview
O002300,C0148,P0019,2026-04-11,1,920.54,UPI,Lake Megan
O002301,C0045,P0004,2025-08-25,5,2321.53,UPI,East Marcia
O002302,C0292,P0019,2025-10-13,2,1211.53,Credit Card,Port Wesleyshire
O002303,C0187,P0037,2025-10-31,2,1183.73,Credit Card,South Tracytown
O002304,C0098,P0050,2026-03-21,1,329.14,PayPal,Chungport
O002305,C0163,P0006,2026-03-11,2,2147.89,Credit Card,Rachelchester
O002306,C0069,P0012,2025-09-11,1,1637.78,UPI,West Kevinstad
O002307,C0273,P0073,2025-06-27,3,392.66,PayPal,Watersside
O002308,C0149,P0033,2025-05-19,4,503.87,Debit Card,New Allison
O002309,C0250,P0041,2025-12-11,4,423.39,UPI,Kristenton
O002310,C0181,P0044,2025-06-12,5,1558.09,Debit Card,Lake Ryan
O002311,C0136,P0077,2026-03-15,3,979.85,Debit Card,West Jessicabury
O002312,C0156,P0014,2025-12-18,3,1339.76,UPI,Millerhaven
O002313,C0136,P0044,2026-03-16,4,934.4,Debit Card,West Jessicabury
O002314,C0276,P0056,2026-01-21,2,1418.7,PayPal,Lake Jimmy
O002315,C0181,P0070,2025-06-13,2,1751.45,Credit Card,Lake Ryan
O002316,C0060,P0045,2026-02-10,2,564.6,Credit Card,Nguyentown
O002317,C0216,P0062,2025-08-24,4,1068.68,PayPal,North Mariastad
O002318,C0238,P0060,2026-03-29,1,69.27,UPI,South Susanborough
O002319,C0082,P0023,2025-06-29,4,1366.63,UPI,South Eric
O002320,C0187,P0067,2025-11-05,2,1589.4,Debit Card,South Tracytown
O002321,C0009,P0078,2025-06-13,1,1164.1,Credit Card,Cynthiachester
O002322,C0187,P0001,2026-04-05,1,217.26,Debit Card,South Tracytown
O002323,C0248,P0073,2025-05-30,2,2521.35,UPI,East Andrew
O002324,C0279,P0010,2025-12-31,1,1966.94,Credit Card,Juanchester
O002325,C0164,P0040,2025-08-27,5,1311.0,Credit Card,East Sarahview
O002326,C0249,P0035,2025-07-06,4,2412.27,PayPal,Madelineberg
O002327,C0272,P0080,2026-04-07,2,31.18,PayPal,Port Crystalhaven
O002328,C0147,P0050,2025-11-10,4,2982.22,PayPal,North Alexander
O002329,C0053,P0031,2025-06-27,5,33.13,UPI,Jenniferburgh
O002330,C0041,P0041,2025-12-23,2,1922.55,PayPal,Lake Alishaland
O002331,C0066,P0028,2025-08-24,3,234.39,UPI,Jimenezberg
O002332,C0223,P0065,2025-09-16,4,1113.94,UPI,New Kayla
O002333,C0108,P0062,2025-12-02,4,1106.08,UPI,Molinaburgh
O002334,C0211,P0059,2025-06-28,1,2374.67,Debit Card,Crystalburgh
O002335,C0026,P0041,2026-03-29,2,1479.01,UPI,Lake Alison
O002336,C0177,P0035,2026-04-06,1,1821.27,PayPal,Stuarthaven
O002337,C0269,P0059,2025-05-28,4,1064.91,UPI,New Michaelland
O002338,C0090,P0079,2026-04-14,3,2700.85,PayPal,New Nathan
O002339,C0173,P0065,2026-01-12,4,1264.19,UPI,Torresberg
O002340,C0047,P0031,2025-06-30,1,2298.24,PayPal,Lake Danielville
O002341,C0048,P0016,2025-12-15,3,1645.04,PayPal,Smithview
O002342,C0149,P0039,2025-06-16,3,2445.01,Credit Card,New Allison
O002343,C0222,P0059,2025-07-13,2,2526.82,Debit Card,Shannonstad
O002344,C0178,P0062,2025-08-27,5,2320.45,Credit Card,New Sarah
O002345,C0063,P0022,2026-01-16,4,2029.17,Credit Card,East Troy
O002346,C0019,P0037,2025-07-18,2,100.87,UPI,Bakerfurt
O002347,C0246,P0072,2026-01-19,5,493.87,Debit Card,Lake Jason
O002348,C0050,P0055,2025-11-15,5,587.2,UPI,Patriciaton
O002349,C0049,P0035,2026-01-14,4,1177.77,UPI,West Jasonstad
O002350,C0081,P0007,2026-02-09,2,1033.21,Debit Card,North Brucestad
O002351,C0056,P0047,2025-11-15,3,2423.97,Credit Card,South Ebonybury
O002352,C0143,P0065,2026-03-22,3,1925.63,PayPal,Collinsborough
O002353,C0244,P0065,2026-03-31,4,912.62,Debit Card,Port Laura
O002354,C0003,P0063,2025-08-25,2,2777.75,Credit Card,Michaelland
O002355,C0086,P0067,2025-05-09,1,2174.66,UPI,Melissachester
O002356,C0268,P0023,2026-02-17,3,1113.08,Credit Card,Maldonadoview
O002357,C0009,P0021,2025-11-21,1,1416.47,UPI,Cynthiachester
O002358,C0024,P0054,2025-12-02,4,1364.75,Credit Card,New Ashley
O002359,C0059,P0026,2025-10-20,3,491.78,Credit Card,Lake Stacey
O002360,C0237,P0008,2025-06-12,2,1936.54,PayPal,West Amanda
O002361,C0023,P0079,2026-02-18,3,789.45,PayPal,Hallview
O002362,C0186,P0072,2025-09-03,1,2448.15,UPI,Arroyofurt
O002363,C0165,P0019,2026-04-05,5,1493.55,Credit Card,Dawnberg
O002364,C0153,P0012,2025-05-15,4,1162.0,Credit Card,Lake Jesus
O002365,C0056,P0044,2026-01-26,3,1745.11,UPI,South Ebonybury
O002366,C0182,P0013,2026-04-10,2,1448.95,Debit Card,Laurieborough
O002367,C0300,P0011,2026-03-12,2,1841.77,Credit Card,North Sarah
O002368,C0248,P0053,2025-11-29,5,770.36,Credit Card,East Andrew
O002369,C0179,P0051,2025-06-30,5,834.48,Credit Card,Amandahaven
O002370,C0038,P0005,2025-09-10,3,1717.9,UPI,Bellville
O002371,C0106,P0045,2025-08-11,1,1140.36,Debit Card,Comptonburgh
O002372,C0084,P0059,2026-05-02,4,2022.14,UPI,New Kyle
O002373,C0066,P0032,2026-05-02,4,2008.84,UPI,Jimenezberg
O002374,C0049,P0018,2025-12-02,5,1543.94,Debit Card,West Jasonstad
O002375,C0168,P0045,2025-05-22,1,851.04,PayPal,South Janicefurt
O002376,C0279,P0051,2025-09-27,1,2802.91,UPI,Juanchester
O002377,C0170,P0025,2026-01-08,5,2234.9,Credit Card,Cartershire
O002378,C0028,P0033,2026-02-22,4,1948.69,Debit Card,East Kristen
O002379,C0299,P0058,2026-01-18,3,2051.36,UPI,Marieland
O002380,C0035,P0051,2025-12-25,2,64.62,PayPal,Theresaberg
O002381,C0164,P0034,2025-11-14,5,1636.98,UPI,East Sarahview
O002382,C0096,P0057,2025-12-14,4,2203.48,PayPal,East Kimberlytown
O002383,C0160,P0080,2025-10-19,1,459.71,Credit Card,Kimberlyton
O002384,C0240,P0069,2026-02-10,5,25.89,Debit Card,East Timothyport
O002385,C0260,P0035,2026-04-07,4,2480.89,Credit Card,Port Anthonystad
O002386,C0097,P0013,2025-07-31,5,1874.43,UPI,Brianstad
O002387,C0230,P0036,2025-11-06,3,755.62,PayPal,South Rachelton
O002388,C0064,P0044,2025-10-10,4,1397.64,Debit Card,Stephenchester
O002389,C0281,P0077,2025-09-28,4,1668.85,UPI,Crawfordmouth
O002390,C0184,P0076,2026-03-12,5,2924.37,PayPal,Danielborough
O002391,C0137,P0042,2026-03-19,5,2622.17,PayPal,Wilsonfurt
O002392,C0015,P0036,2025-09-07,3,1869.19,Credit Card,East Brandon
O002393,C0072,P0060,2026-02-04,2,126.93,PayPal,Mooreborough
O002394,C0189,P0053,2026-04-27,5,357.5,PayPal,Lake Georgefurt
O002395,C0204,P0063,2026-05-03,1,727.82,Credit Card,Port Elizabethshire
O002396,C0020,P0013,2025-11-08,3,1311.77,Credit Card,Port Juan
O002397,C0001,P0024,2026-02-24,4,1167.66,UPI,East Denise
O002398,C0252,P0054,2026-04-10,2,1268.57,Debit Card,North Veronicaside
O002399,C0227,P0041,2026-01-19,5,1868.81,UPI,Isaacview
O002400,C0105,P0040,2026-04-20,4,1214.13,Debit Card,South Brianastad
O002401,C0057,P0061,2025-06-10,4,2435.02,PayPal,Port Austin
O002402,C0023,P0037,2025-12-20,2,1302.73,Debit Card,Hallview
O002403,C0095,P0012,2026-05-05,5,2692.03,UPI,West Lisaberg
O002404,C0120,P0076,2025-09-24,2,2253.94,UPI,Williamsbury
O002405,C0064,P0045,2025-07-28,5,2504.81,UPI,Stephenchester
O002406,C0273,P0009,2025-08-16,4,959.08,PayPal,Watersside
O002407,C0196,P0067,2025-11-04,4,1178.93,PayPal,Port Andrea
O002408,C0110,P0076,2025-11-30,1,1519.16,UPI,Allisonview
O002409,C0217,P0063,2025-12-21,2,1409.93,Debit Card,Bryceside
O002410,C0155,P0009,2025-08-21,2,1337.39,Debit Card,Patriciabury
O002411,C0110,P0074,2025-09-19,2,545.41,PayPal,Allisonview
O002412,C0113,P0053,2025-10-14,3,35.14,UPI,North Pamela
O002413,C0223,P0053,2026-02-10,2,1930.48,PayPal,New Kayla
O002414,C0199,P0025,2026-02-18,1,474.07,PayPal,New Glendahaven
O002415,C0036,P0055,2026-03-05,1,1459.44,Credit Card,West Bryan
O002416,C0282,P0076,2025-06-09,4,983.13,Debit Card,North Jeremy
O002417,C0228,P0059,2025-09-06,2,451.26,Credit Card,Port Amy
O002418,C0119,P0048,2025-09-29,4,1282.96,Credit Card,Grayfort
O002419,C0239,P0055,2025-07-20,5,1363.48,Debit Card,Philipbury
O002420,C0055,P0071,2025-09-19,1,1326.6,Debit Card,Ericshire
O002421,C0090,P0054,2025-05-26,2,2834.98,UPI,New Nathan
O002422,C0104,P0005,2025-09-14,4,1100.48,UPI,Port Connieview
O002423,C0116,P0023,2025-07-25,1,68.94,PayPal,New Amandamouth
O002424,C0248,P0079,2025-06-02,2,168.17,Credit Card,East Andrew
O002425,C0206,P0025,2026-03-18,2,1900.17,Credit Card,Christopherberg
O002426,C0278,P0033,2026-01-31,5,2331.8,Debit Card,North Emilyville
O002427,C0085,P0069,2026-02-15,2,2057.32,Credit Card,Delgadofurt
O002428,C0235,P0013,2026-01-14,4,2078.3,UPI,North Theresa
O002429,C0165,P0068,2025-07-25,1,1507.61,Credit Card,Dawnberg
O002430,C0034,P0078,2026-02-23,5,2983.68,Debit Card,West Aaronfort
O002431,C0021,P0075,2025-10-12,3,1683.34,PayPal,Cherylmouth
O002432,C0046,P0028,2025-07-31,1,2041.62,Credit Card,Lake Matthew
O002433,C0249,P0042,2025-09-13,2,2834.6,Credit Card,Madelineberg
O002434,C0246,P0025,2025-09-26,1,2224.33,UPI,Lake Jason
O002435,C0228,P0002,2025-07-31,1,2530.89,Debit Card,Port Amy
O002436,C0024,P0017,2025-09-28,2,1605.55,UPI,New Ashley
O002437,C0086,P0039,2026-01-30,4,2916.04,Credit Card,Melissachester
O002438,C0240,P0062,2025-09-06,2,776.88,Credit Card,East Timothyport
O002439,C0182,P0038,2025-05-26,3,203.62,PayPal,Laurieborough
O002440,C0283,P0064,2025-07-28,1,1882.25,UPI,New Craigborough
O002441,C0273,P0048,2025-10-01,3,2594.07,Credit Card,Watersside
O002442,C0291,P0072,2026-05-04,3,653.15,PayPal,New Jenniferside
O002443,C0126,P0035,2025-09-19,3,1431.17,Credit Card,Singletonfurt
O002444,C0222,P0069,2025-09-11,4,1205.16,PayPal,Shannonstad
O002445,C0022,P0004,2026-04-15,1,1651.68,UPI,South Andrea
O002446,C0122,P0063,2025-09-04,5,1134.78,UPI,Eugeneport
O002447,C0156,P0069,2025-08-06,2,1252.87,Credit Card,Millerhaven
O002448,C0158,P0006,2025-12-10,1,1954.23,PayPal,Alecborough
O002449,C0143,P0032,2025-12-29,3,2855.97,UPI,Collinsborough
O002450,C0040,P0036,2025-06-28,3,2233.14,Credit Card,North Jacqueline
O002451,C0161,P0041,2026-02-09,2,316.02,Credit Card,North Karen
O002452,C0194,P0062,2026-03-04,3,1270.29,Credit Card,Gabrielmouth
O002453,C0188,P0011,2025-12-15,4,1814.48,PayPal,West Jason
O002454,C0049,P0021,2025-08-26,5,29.75,Debit Card,West Jasonstad
O002455,C0231,P0022,2025-10-11,2,866.97,PayPal,Matthewport
O002456,C0258,P0045,2025-07-19,2,453.57,UPI,South Elizabeth
O002457,C0123,P0048,2026-02-18,2,388.32,Credit Card,East Tonyshire
O002458,C0112,P0075,2025-06-02,2,1574.33,PayPal,South Jennifer
O002459,C0007,P0018,2026-04-19,2,2044.07,Credit Card,East Willie
O002460,C0017,P0040,2025-06-27,5,619.42,Credit Card,New Claudia
O002461,C0131,P0039,2026-04-09,3,2158.93,Debit Card,Spencerland
O002462,C0294,P0042,2026-04-21,1,452.13,UPI,West Johnhaven
O002463,C0018,P0027,2026-02-06,3,2725.25,UPI,West Troyhaven
O002464,C0088,P0032,2026-01-04,2,1504.85,PayPal,North Michaelview
O002465,C0226,P0036,2025-12-24,1,1048.75,UPI,Theresaview
O002466,C0176,P0004,2025-07-10,5,147.3,UPI,New Marco
O002467,C0080,P0024,2025-06-12,2,783.98,PayPal,West Katherinebury
O002468,C0104,P0018,2025-10-27,4,2229.06,Debit Card,Port Connieview
O002469,C0259,P0077,2025-09-19,3,2923.87,UPI,North Markstad
O002470,C0077,P0016,2025-10-31,2,732.77,Credit Card,Harringtontown
O002471,C0290,P0004,2025-08-19,5,1993.35,Credit Card,Christopherfurt
O002472,C0050,P0055,2026-01-10,3,2222.39,Debit Card,Patriciaton
O002473,C0082,P0073,2025-05-11,3,976.41,UPI,South Eric
O002474,C0271,P0033,2025-07-13,4,309.92,UPI,Port Patrick
O002475,C0203,P0078,2025-06-09,5,1544.56,PayPal,Pierceside
O002476,C0128,P0067,2025-11-21,3,1042.45,Credit Card,East Angelaport
O002477,C0142,P0026,2026-02-19,1,2886.46,Credit Card,South Rebeccamouth
O002478,C0089,P0004,2025-12-11,2,764.56,Credit Card,Taylorburgh
O002479,C0146,P0043,2025-12-21,1,2974.73,UPI,Velazquezstad
O002480,C0263,P0066,2025-12-08,5,2622.36,Debit Card,South Davidfort
O002481,C0074,P0076,2025-11-01,5,2077.82,Credit Card,Port Clayton
O002482,C0249,P0061,2026-03-10,4,1830.72,UPI,Madelineberg
O002483,C0291,P0054,2026-04-27,3,2098.37,PayPal,New Jenniferside
O002484,C0235,P0027,2025-11-13,4,475.4,Debit Card,North Theresa
O002485,C0054,P0039,2026-03-15,1,2557.61,PayPal,Brianland
O002486,C0072,P0008,2026-01-29,3,1177.58,PayPal,Mooreborough
O002487,C0058,P0058,2026-03-13,4,226.39,UPI,Ruiztown
O002488,C0030,P0026,2025-09-20,4,2683.4,UPI,Lake Timothy
O002489,C0070,P0044,2025-10-18,5,1970.01,UPI,East Mary
O002490,C0244,P0038,2025-07-03,3,1819.94,Credit Card,Port Laura
O002491,C0031,P0023,2026-01-01,4,285.2,Credit Card,East Deannahaven
O002492,C0217,P0017,2026-04-09,2,703.48,UPI,Bryceside
O002493,C0100,P0071,2025-09-24,4,1101.16,UPI,Cantufurt
O002494,C0133,P0062,2026-01-23,4,795.64,Debit Card,Wellsfort
O002495,C0184,P0070,2026-04-30,5,2218.87,PayPal,Danielborough
O002496,C0180,P0044,2025-11-05,4,1217.29,Credit Card,Crystalview
O002497,C0050,P0001,2026-03-23,1,1560.57,UPI,Patriciaton
O002498,C0232,P0034,2025-05-12,4,1995.58,PayPal,East Gary
O002499,C0213,P0009,2026-03-14,1,610.33,UPI,Millerhaven
O002500,C0289,P0032,2025-08-22,3,236.19,Credit Card,Port Juanside
O002501,C0155,P0038,2025-06-04,1,1882.02,Credit Card,Patriciabury
O002502,C0009,P0079,2025-09-02,3,526.01,Credit Card,Cynthiachester
O002503,C0179,P0047,2025-10-16,2,553.64,Debit Card,Amandahaven
O002504,C0128,P0003,2025-10-01,2,1365.11,PayPal,East Angelaport
O002505,C0230,P0036,2025-09-09,3,1175.5,PayPal,South Rachelton
O002506,C0227,P0076,2025-09-03,2,1209.31,UPI,Isaacview
O002507,C0283,P0020,2026-03-06,1,65.74,UPI,New Craigborough
O002508,C0023,P0025,2025-08-02,4,2665.6,Debit Card,Hallview
O002509,C0078,P0043,2025-05-28,1,831.42,UPI,West Lisa
O002510,C0255,P0058,2025-06-08,3,210.22,UPI,Schmidtmouth
O002511,C0198,P0070,2026-01-11,4,471.88,UPI,West Kristen
O002512,C0251,P0001,2026-01-17,2,2086.97,Debit Card,Lake Bruce
O002513,C0035,P0063,2025-11-15,4,573.5,Credit Card,Theresaberg
O002514,C0125,P0038,2025-08-24,1,1582.55,Debit Card,Leonardton
O002515,C0046,P0036,2026-01-11,2,400.82,PayPal,Lake Matthew
O002516,C0047,P0005,2025-10-27,5,585.67,Debit Card,Lake Danielville
O002517,C0064,P0046,2026-02-04,4,156.24,PayPal,Stephenchester
O002518,C0070,P0032,2026-03-29,1,2670.58,Credit Card,East Mary
O002519,C0259,P0073,2026-04-20,5,2124.69,Debit Card,North Markstad
O002520,C0206,P0023,2025-09-14,3,785.15,PayPal,Christopherberg
O002521,C0259,P0009,2025-12-08,3,307.37,Debit Card,North Markstad
O002522,C0201,P0008,2025-08-27,5,704.04,Debit Card,East Crystal
O002523,C0208,P0047,2026-05-03,4,33.75,Debit Card,Zacharyberg
O002524,C0260,P0045,2025-06-15,1,494.02,UPI,Port Anthonystad
O002525,C0118,P0053,2025-08-22,5,763.84,Credit Card,Tinaside
O002526,C0124,P0005,2025-10-12,3,2289.66,Debit Card,New Nathan
O002527,C0247,P0022,2025-07-18,5,2247.52,PayPal,Lake Jenniferland
O002528,C0123,P0053,2025-05-21,2,2978.16,Debit Card,East Tonyshire
O002529,C0128,P0022,2026-01-02,4,2482.36,Credit Card,East Angelaport
O002530,C0252,P0011,2025-07-16,5,2592.43,UPI,North Veronicaside
O002531,C0227,P0069,2025-12-16,4,123.16,UPI,Isaacview
O002532,C0048,P0048,2026-01-18,4,219.77,PayPal,Smithview
O002533,C0262,P0041,2025-10-17,5,1602.18,UPI,Port Jasonfurt
O002534,C0192,P0033,2025-08-12,1,2484.93,Debit Card,Phillipsport
O002535,C0137,P0032,2025-11-29,3,2034.94,Credit Card,Wilsonfurt
O002536,C0017,P0036,2025-11-10,5,1641.8,Debit Card,New Claudia
O002537,C0149,P0041,2025-10-02,1,445.55,Credit Card,New Allison
O002538,C0180,P0065,2025-07-24,2,771.18,Debit Card,Crystalview
O002539,C0161,P0025,2025-10-27,4,1452.68,Debit Card,North Karen
O002540,C0229,P0021,2025-05-19,4,1097.81,Credit Card,Smithview
O002541,C0249,P0020,2026-04-08,1,1983.31,Credit Card,Madelineberg
O002542,C0135,P0052,2026-05-03,1,756.3,Credit Card,South Ryanshire
O002543,C0158,P0025,2025-08-27,4,2007.56,Debit Card,Alecborough
O002544,C0246,P0029,2026-03-18,5,2681.37,PayPal,Lake Jason
O002545,C0032,P0019,2025-06-20,5,273.01,Debit Card,West Michelleside
O002546,C0072,P0013,2026-01-10,4,497.77,PayPal,Mooreborough
O002547,C0123,P0018,2025-12-09,1,1795.81,Credit Card,East Tonyshire
O002548,C0015,P0009,2025-09-03,5,1433.05,Credit Card,East Brandon
O002549,C0150,P0074,2025-12-05,1,2395.51,Credit Card,North Paulside
O002550,C0113,P0015,2026-04-11,4,2019.99,Credit Card,North Pamela
O002551,C0075,P0075,2026-04-11,5,1769.53,Credit Card,Fuentesfurt
O002552,C0176,P0051,2025-07-30,2,1724.24,Credit Card,New Marco
O002553,C0040,P0020,2025-05-08,2,154.35,UPI,North Jacqueline
O002554,C0184,P0031,2025-06-12,5,2368.18,PayPal,Danielborough
O002555,C0125,P0019,2025-09-04,3,2336.57,Credit Card,Leonardton
O002556,C0155,P0008,2026-01-01,2,2762.74,Credit Card,Patriciabury
O002557,C0069,P0022,2025-10-04,1,852.65,Debit Card,West Kevinstad
O002558,C0287,P0072,2025-05-15,2,2991.46,Credit Card,Kevinland
O002559,C0263,P0037,2026-04-07,3,2167.46,Credit Card,South Davidfort
O002560,C0019,P0075,2025-09-02,3,2046.61,UPI,Bakerfurt
O002561,C0035,P0025,2025-09-09,3,2198.22,UPI,Theresaberg
O002562,C0071,P0053,2025-10-16,4,923.92,PayPal,Jennifershire
O002563,C0068,P0059,2025-10-02,1,1800.07,PayPal,West Cory
O002564,C0105,P0005,2025-10-21,5,1714.85,Credit Card,South Brianastad
O002565,C0101,P0070,2025-12-11,1,1440.15,Debit Card,Kristenfort
O002566,C0146,P0020,2026-03-23,1,1643.28,UPI,Velazquezstad
O002567,C0008,P0068,2025-05-31,4,2065.41,PayPal,West Ryantown
O002568,C0206,P0070,2025-08-05,2,1069.08,UPI,Christopherberg
O002569,C0031,P0070,2025-08-22,3,1022.44,PayPal,East Deannahaven
O002570,C0266,P0065,2026-04-08,3,2688.4,PayPal,Hebertmouth
O002571,C0137,P0003,2025-10-30,1,1189.38,UPI,Wilsonfurt
O002572,C0281,P0024,2026-02-10,3,1889.16,UPI,Crawfordmouth
O002573,C0206,P0002,2025-07-05,3,701.26,Credit Card,Christopherberg
O002574,C0251,P0036,2025-09-29,1,583.54,UPI,Lake Bruce
O002575,C0269,P0006,2025-11-06,2,872.05,Debit Card,New Michaelland
O002576,C0243,P0030,2026-03-10,2,557.38,UPI,New Randystad
O002577,C0176,P0049,2025-07-05,2,1290.48,UPI,New Marco
O002578,C0192,P0050,2025-10-12,1,1071.34,Debit Card,Phillipsport
O002579,C0024,P0050,2025-07-16,2,2316.35,Debit Card,New Ashley
O002580,C0201,P0041,2025-12-01,4,372.28,UPI,East Crystal
O002581,C0103,P0063,2026-01-14,2,2993.62,UPI,Hubbardberg
O002582,C0111,P0015,2025-11-30,3,2414.76,Debit Card,Williamshire
O002583,C0253,P0006,2025-10-28,4,2237.31,UPI,Lake Alicialand
O002584,C0284,P0003,2025-08-09,3,749.8,Credit Card,North Carrie
O002585,C0140,P0024,2025-11-01,1,2128.54,UPI,New Matthew
O002586,C0209,P0001,2025-10-21,5,1489.04,Debit Card,West Judy
O002587,C0191,P0037,2026-02-22,4,1410.38,Debit Card,Wheelershire
O002588,C0057,P0075,2025-12-03,4,1662.95,PayPal,Port Austin
O002589,C0205,P0003,2025-12-06,5,417.25,Credit Card,Spencetown
O002590,C0258,P0079,2026-04-06,2,1401.53,Debit Card,South Elizabeth
O002591,C0291,P0042,2025-07-07,4,165.86,UPI,New Jenniferside
O002592,C0206,P0071,2025-09-04,5,2461.97,Debit Card,Christopherberg
O002593,C0097,P0041,2026-04-04,5,1776.89,Credit Card,Brianstad
O002594,C0284,P0038,2026-01-06,5,1101.2,Credit Card,North Carrie
O002595,C0179,P0039,2026-05-05,5,2994.46,PayPal,Amandahaven
O002596,C0117,P0022,2025-10-24,4,2076.06,UPI,East Judithfurt
O002597,C0251,P0061,2026-04-07,1,736.25,UPI,Lake Bruce
O002598,C0250,P0002,2025-08-02,2,223.15,Debit Card,Kristenton
O002599,C0185,P0059,2025-09-21,3,581.4,Credit Card,Vanessaburgh
O002600,C0254,P0079,2026-04-01,4,2595.61,PayPal,Hillshire
O002601,C0295,P0069,2026-02-10,1,1537.44,UPI,Darrylport
O002602,C0067,P0002,2025-07-21,5,1889.98,Debit Card,Smithfurt
O002603,C0080,P0072,2025-08-28,5,1855.93,UPI,West Katherinebury
O002604,C0181,P0008,2025-06-28,2,2364.62,UPI,Lake Ryan
O002605,C0213,P0063,2025-07-15,3,1353.47,PayPal,Millerhaven
O002606,C0044,P0023,2025-06-29,3,2120.31,PayPal,Wardchester
O002607,C0275,P0001,2025-09-24,3,48.94,PayPal,Greenhaven
O002608,C0107,P0042,2026-03-30,5,2990.43,Debit Card,Cannonville
O002609,C0081,P0045,2026-02-19,4,2781.45,Credit Card,North Brucestad
O002610,C0019,P0057,2025-05-16,1,1550.37,UPI,Bakerfurt
O002611,C0021,P0017,2025-05-22,3,1441.73,Credit Card,Cherylmouth
O002612,C0070,P0009,2025-08-16,1,1822.94,Debit Card,East Mary
O002613,C0184,P0070,2025-08-03,2,1306.29,Debit Card,Danielborough
O002614,C0034,P0019,2026-03-09,4,995.37,Credit Card,West Aaronfort
O002615,C0148,P0049,2026-03-15,3,2634.36,UPI,Lake Megan
O002616,C0065,P0072,2026-03-27,4,306.91,Credit Card,East Dawnfurt
O002617,C0107,P0077,2025-06-11,4,1849.31,Debit Card,Cannonville
O002618,C0173,P0032,2025-11-11,2,2158.52,UPI,Torresberg
O002619,C0228,P0030,2026-02-02,5,2459.9,UPI,Port Amy
O002620,C0244,P0020,2025-11-05,1,1738.14,PayPal,Port Laura
O002621,C0221,P0071,2025-08-15,4,1434.68,PayPal,North Rebeccamouth
O002622,C0266,P0070,2025-08-04,2,2247.74,UPI,Hebertmouth
O002623,C0092,P0061,2026-04-26,4,2127.31,Credit Card,Ramirezville
O002624,C0022,P0044,2025-12-20,3,2211.29,Debit Card,South Andrea
O002625,C0213,P0035,2026-02-05,3,55.45,PayPal,Millerhaven
O002626,C0300,P0027,2025-12-11,5,1888.76,UPI,North Sarah
O002627,C0219,P0060,2025-12-05,4,811.27,Credit Card,Holmesbury
O002628,C0101,P0011,2026-04-23,5,1860.16,PayPal,Kristenfort
O002629,C0083,P0036,2026-04-05,1,575.67,Credit Card,East Juliaport
O002630,C0281,P0041,2026-04-07,1,1112.6,Credit Card,Crawfordmouth
O002631,C0215,P0055,2025-06-14,1,1263.37,Debit Card,Graymouth
O002632,C0128,P0049,2025-09-08,3,2959.89,Debit Card,East Angelaport
O002633,C0287,P0048,2026-02-17,1,2648.57,Credit Card,Kevinland
O002634,C0094,P0003,2025-05-29,1,630.45,UPI,Morganmouth
O002635,C0045,P0021,2025-06-15,5,975.64,Debit Card,East Marcia
O002636,C0015,P0001,2025-06-11,5,2905.03,PayPal,East Brandon
O002637,C0177,P0003,2025-05-23,1,2914.64,UPI,Stuarthaven
O002638,C0003,P0046,2025-09-12,4,747.58,Credit Card,Michaelland
O002639,C0015,P0064,2025-08-18,5,2978.13,Debit Card,East Brandon
O002640,C0066,P0053,2026-01-04,1,523.29,PayPal,Jimenezberg
O002641,C0203,P0031,2025-12-18,2,2761.43,PayPal,Pierceside
O002642,C0065,P0011,2025-07-11,5,851.93,Debit Card,East Dawnfurt
O002643,C0111,P0055,2026-04-18,3,821.74,Debit Card,Williamshire
O002644,C0083,P0002,2026-04-24,2,1197.97,UPI,East Juliaport
O002645,C0022,P0026,2025-09-27,4,896.8,PayPal,South Andrea
O002646,C0041,P0046,2025-11-29,4,1160.39,UPI,Lake Alishaland
O002647,C0151,P0069,2026-03-14,1,2679.31,PayPal,West Zacharyview
O002648,C0266,P0038,2026-04-04,4,1417.4,PayPal,Hebertmouth
O002649,C0289,P0018,2026-04-14,2,2213.15,Debit Card,Port Juanside
O002650,C0153,P0045,2025-05-16,2,950.37,UPI,Lake Jesus
O002651,C0207,P0036,2025-11-26,4,2316.49,UPI,Castillofurt
O002652,C0245,P0005,2025-12-30,4,1219.06,Credit Card,Adamsmouth
O002653,C0164,P0058,2025-08-10,3,2219.99,PayPal,East Sarahview
O002654,C0021,P0013,2025-07-13,4,1850.02,Credit Card,Cherylmouth
O002655,C0176,P0054,2025-11-09,3,2861.79,Credit Card,New Marco
O002656,C0035,P0021,2025-07-01,1,2681.34,Credit Card,Theresaberg
O002657,C0061,P0063,2026-02-28,4,2620.07,PayPal,West Dennis
O002658,C0268,P0077,2025-11-26,1,2675.79,Debit Card,Maldonadoview
O002659,C0292,P0072,2025-08-11,2,2079.87,Debit Card,Port Wesleyshire
O002660,C0155,P0008,2025-10-31,5,1555.45,UPI,Patriciabury
O002661,C0015,P0048,2025-10-29,1,1834.29,PayPal,East Brandon
O002662,C0219,P0039,2025-12-26,1,2719.84,Credit Card,Holmesbury
O002663,C0010,P0031,2026-01-22,1,902.78,PayPal,Housemouth
O002664,C0251,P0041,2026-02-01,2,522.64,PayPal,Lake Bruce
O002665,C0242,P0004,2025-12-03,1,2685.76,Debit Card,South Garrettborough
O002666,C0080,P0069,2025-07-21,5,2208.04,UPI,West Katherinebury
O002667,C0007,P0035,2026-02-04,3,236.22,UPI,East Willie
O002668,C0299,P0026,2025-09-29,5,2971.91,UPI,Marieland
O002669,C0254,P0067,2025-06-09,2,1858.03,PayPal,Hillshire
O002670,C0105,P0017,2025-06-26,5,1869.01,Credit Card,South Brianastad
O002671,C0187,P0040,2026-05-02,1,701.43,Debit Card,South Tracytown
O002672,C0148,P0021,2025-09-12,2,412.7,Credit Card,Lake Megan
O002673,C0131,P0022,2025-07-17,1,598.42,PayPal,Spencerland
O002674,C0213,P0027,2026-04-25,4,469.94,Credit Card,Millerhaven
O002675,C0071,P0069,2026-03-23,1,1414.04,PayPal,Jennifershire
O002676,C0057,P0065,2025-10-17,3,111.86,Debit Card,Port Austin
O002677,C0274,P0004,2026-04-02,5,1812.84,Debit Card,Josephberg
O002678,C0278,P0025,2026-03-14,2,189.75,PayPal,North Emilyville
O002679,C0234,P0031,2025-07-05,2,668.23,PayPal,Macdonaldberg
O002680,C0034,P0073,2025-05-08,5,728.17,PayPal,West Aaronfort
O002681,C0138,P0062,2026-04-14,2,2631.24,Debit Card,South Steve
O002682,C0168,P0072,2025-11-13,3,1942.76,Credit Card,South Janicefurt
O002683,C0055,P0018,2026-04-21,5,1668.57,PayPal,Ericshire
O002684,C0214,P0007,2025-08-01,5,2328.52,Credit Card,Gallegosfurt
O002685,C0191,P0064,2026-01-27,5,1837.02,Debit Card,Wheelershire
O002686,C0149,P0027,2025-12-10,3,381.27,PayPal,New Allison
O002687,C0250,P0047,2025-10-31,3,488.76,PayPal,Kristenton
O002688,C0180,P0026,2026-03-30,2,1151.99,Debit Card,Crystalview
O002689,C0296,P0014,2026-01-11,4,2773.9,Debit Card,Josephfort
O002690,C0234,P0007,2026-04-20,2,2075.62,Debit Card,Macdonaldberg
O002691,C0173,P0045,2025-10-31,4,789.9,Credit Card,Torresberg
O002692,C0293,P0028,2025-09-06,3,1037.25,UPI,New Aaronfort
O002693,C0264,P0018,2025-05-29,1,631.89,Debit Card,Lake Susanfort
O002694,C0026,P0005,2025-05-10,5,2806.29,PayPal,Lake Alison
O002695,C0285,P0030,2026-02-06,2,401.27,UPI,Campbellmouth
O002696,C0139,P0073,2025-12-21,5,834.74,Debit Card,Chapmanberg
O002697,C0135,P0057,2025-12-28,4,483.73,UPI,South Ryanshire
O002698,C0158,P0052,2026-04-29,2,2989.06,Debit Card,Alecborough
O002699,C0253,P0021,2026-02-02,4,414.44,Credit Card,Lake Alicialand
O002700,C0183,P0022,2025-09-05,1,986.06,Credit Card,North Thomas
O002701,C0062,P0019,2025-07-21,3,2088.83,PayPal,Carlland
O002702,C0257,P0002,2026-04-26,2,1294.03,Debit Card,Erinview
O002703,C0009,P0034,2025-09-27,4,1538.59,PayPal,Cynthiachester
O002704,C0182,P0017,2025-09-07,5,2397.86,UPI,Laurieborough
O002705,C0127,P0012,2025-09-15,4,1845.92,UPI,Deannachester
O002706,C0192,P0037,2025-08-28,1,2947.46,UPI,Phillipsport
O002707,C0192,P0022,2026-04-03,2,1373.13,PayPal,Phillipsport
O002708,C0234,P0017,2025-07-24,3,1466.69,Credit Card,Macdonaldberg
O002709,C0018,P0007,2025-07-26,1,1286.83,PayPal,West Troyhaven
O002710,C0274,P0015,2025-11-05,4,2349.73,PayPal,Josephberg
O002711,C0098,P0076,2025-07-21,5,1202.26,UPI,Chungport
O002712,C0121,P0036,2026-03-15,5,1438.4,UPI,Port Richardstad
O002713,C0097,P0018,2025-12-10,5,972.68,UPI,Brianstad
O002714,C0008,P0080,2026-01-31,5,2985.92,PayPal,West Ryantown
O002715,C0082,P0005,2025-09-23,3,137.56,Debit Card,South Eric
O002716,C0279,P0052,2025-07-13,4,2980.06,Debit Card,Juanchester
O002717,C0156,P0036,2026-01-07,3,320.47,Credit Card,Millerhaven
O002718,C0078,P0068,2025-08-03,5,2473.24,UPI,West Lisa
O002719,C0105,P0042,2025-09-05,4,1505.73,Debit Card,South Brianastad
O002720,C0075,P0053,2026-02-09,1,1454.68,UPI,Fuentesfurt
O002721,C0145,P0078,2026-02-19,1,1991.39,Debit Card,Jennifertown
O002722,C0116,P0023,2025-12-15,2,61.72,Credit Card,New Amandamouth
O002723,C0171,P0015,2025-08-30,3,2153.81,UPI,West Kimberly
O002724,C0052,P0018,2025-12-26,4,1111.35,UPI,Racheltown
O002725,C0078,P0006,2025-11-20,4,1210.96,UPI,West Lisa
O002726,C0267,P0020,2025-12-23,4,178.32,Credit Card,Lake Hannahborough
O002727,C0022,P0072,2026-03-06,5,1945.6,PayPal,South Andrea
O002728,C0212,P0058,2026-03-06,4,2681.09,PayPal,Ortegaton
O002729,C0205,P0003,2026-04-25,4,40.71,PayPal,Spencetown
O002730,C0187,P0077,2026-02-13,2,1499.15,UPI,South Tracytown
O002731,C0297,P0058,2025-12-07,3,682.66,Debit Card,West Paul
O002732,C0133,P0024,2026-04-19,3,261.82,Debit Card,Wellsfort
O002733,C0288,P0032,2025-06-16,3,2394.89,UPI,Lake Scottborough
O002734,C0045,P0036,2025-09-24,3,2171.02,Credit Card,East Marcia
O002735,C0123,P0014,2025-09-27,2,2158.01,Debit Card,East Tonyshire
O002736,C0252,P0061,2026-02-17,3,758.3,UPI,North Veronicaside
O002737,C0092,P0047,2025-05-11,3,1306.23,PayPal,Ramirezville
O002738,C0028,P0001,2025-09-22,1,121.08,Debit Card,East Kristen
O002739,C0118,P0067,2026-01-29,2,350.04,PayPal,Tinaside
O002740,C0180,P0059,2026-05-07,1,124.44,Debit Card,Crystalview
O002741,C0075,P0012,2025-08-21,1,1394.56,PayPal,Fuentesfurt
O002742,C0291,P0043,2026-03-24,2,1776.99,Credit Card,New Jenniferside
O002743,C0285,P0001,2025-07-09,3,2360.42,UPI,Campbellmouth
O002744,C0137,P0027,2025-08-28,3,2719.44,UPI,Wilsonfurt
O002745,C0139,P0057,2025-07-28,1,2170.73,UPI,Chapmanberg
O002746,C0190,P0057,2025-12-21,5,245.87,Credit Card,New Jennifer
O002747,C0039,P0056,2025-10-09,1,2527.72,PayPal,Port Tracyside
O002748,C0015,P0018,2026-01-20,1,2425.97,PayPal,East Brandon
O002749,C0136,P0042,2026-03-16,1,1073.21,Credit Card,West Jessicabury
O002750,C0052,P0006,2025-11-18,3,1432.54,Credit Card,Racheltown
O002751,C0204,P0061,2025-07-17,3,1918.29,PayPal,Port Elizabethshire
O002752,C0210,P0034,2025-12-18,3,1795.84,Credit Card,North Shelly
O002753,C0254,P0068,2025-06-05,3,2389.96,PayPal,Hillshire
O002754,C0277,P0009,2025-08-18,4,1941.8,Debit Card,Hurleymouth
O002755,C0078,P0046,2025-09-30,2,2491.69,Debit Card,West Lisa
O002756,C0266,P0070,2025-08-20,2,814.25,Debit Card,Hebertmouth
O002757,C0241,P0009,2026-01-26,4,2071.24,Debit Card,South Jake
O002758,C0003,P0006,2025-09-09,2,938.17,PayPal,Michaelland
O002759,C0117,P0065,2025-08-21,1,961.94,Credit Card,East Judithfurt
O002760,C0086,P0041,2025-06-11,2,2294.09,PayPal,Melissachester
O002761,C0216,P0028,2026-04-26,1,1208.63,UPI,North Mariastad
O002762,C0121,P0043,2026-01-30,3,841.8,UPI,Port Richardstad
O002763,C0190,P0068,2025-11-20,1,2944.97,UPI,New Jennifer
O002764,C0246,P0031,2025-06-24,4,1503.29,Debit Card,Lake Jason
O002765,C0105,P0054,2025-07-24,1,2161.41,UPI,South Brianastad
O002766,C0055,P0045,2026-02-28,5,1890.73,PayPal,Ericshire
O002767,C0231,P0036,2025-06-19,3,1766.03,PayPal,Matthewport
O002768,C0184,P0062,2025-05-13,1,388.7,PayPal,Danielborough
O002769,C0076,P0019,2025-08-03,3,1901.91,PayPal,Hessville
O002770,C0068,P0013,2025-06-04,3,1047.53,Debit Card,West Cory
O002771,C0273,P0059,2026-04-24,2,2347.59,PayPal,Watersside
O002772,C0016,P0031,2026-03-27,4,103.44,Credit Card,New Anthony
O002773,C0255,P0064,2025-05-24,1,1490.64,UPI,Schmidtmouth
O002774,C0036,P0042,2025-08-12,4,117.85,Credit Card,West Bryan
O002775,C0289,P0072,2025-06-21,1,1496.17,Debit Card,Port Juanside
O002776,C0100,P0044,2026-04-12,1,110.28,UPI,Cantufurt
O002777,C0075,P0013,2025-05-21,5,302.65,PayPal,Fuentesfurt
O002778,C0102,P0069,2025-08-09,2,1852.89,Debit Card,Allenville
O002779,C0181,P0017,2025-05-23,5,2644.99,PayPal,Lake Ryan
O002780,C0100,P0016,2025-11-11,4,1942.86,Debit Card,Cantufurt
O002781,C0147,P0030,2025-10-29,4,1459.54,Credit Card,North Alexander
O002782,C0270,P0001,2025-09-19,3,2722.82,UPI,Younghaven
O002783,C0138,P0068,2026-04-16,5,2505.77,PayPal,South Steve
O002784,C0018,P0013,2026-02-15,3,1366.42,PayPal,West Troyhaven
O002785,C0118,P0037,2025-12-12,3,848.2,PayPal,Tinaside
O002786,C0119,P0067,2025-09-03,3,1901.81,Debit Card,Grayfort
O002787,C0287,P0010,2025-12-14,5,2141.42,UPI,Kevinland
O002788,C0122,P0059,2026-02-17,5,1647.45,Credit Card,Eugeneport
O002789,C0168,P0005,2025-06-02,1,2066.7,UPI,South Janicefurt
O002790,C0220,P0010,2026-05-04,1,1810.76,PayPal,Riveraport
O002791,C0082,P0048,2025-06-20,5,1610.44,PayPal,South Eric
O002792,C0100,P0023,2025-10-21,5,2265.54,Credit Card,Cantufurt
O002793,C0001,P0058,2026-01-09,2,1861.41,Credit Card,East Denise
O002794,C0091,P0042,2026-04-07,3,1705.26,Debit Card,East Charles
O002795,C0191,P0041,2025-11-03,3,2059.27,PayPal,Wheelershire
O002796,C0112,P0014,2025-11-27,3,1880.48,PayPal,South Jennifer
O002797,C0105,P0009,2025-12-02,3,1682.69,Credit Card,South Brianastad
O002798,C0026,P0071,2025-06-15,3,537.5,Credit Card,Lake Alison
O002799,C0239,P0067,2026-02-20,4,213.23,Credit Card,Philipbury
O002800,C0234,P0001,2025-06-17,5,2599.02,UPI,Macdonaldberg
O002801,C0203,P0003,2025-08-28,2,764.99,Credit Card,Pierceside
O002802,C0061,P0064,2026-02-04,5,2774.35,PayPal,West Dennis
O002803,C0129,P0003,2026-01-11,1,2716.75,Debit Card,East Julia
O002804,C0077,P0061,2025-10-01,5,1612.52,PayPal,Harringtontown
O002805,C0046,P0054,2025-12-29,1,2098.79,Credit Card,Lake Matthew
O002806,C0170,P0060,2025-11-12,5,2453.44,UPI,Cartershire
O002807,C0214,P0073,2026-01-21,2,1396.51,UPI,Gallegosfurt
O002808,C0136,P0022,2025-12-07,3,120.34,Credit Card,West Jessicabury
O002809,C0268,P0068,2025-08-11,5,479.82,Credit Card,Maldonadoview
O002810,C0114,P0046,2026-01-13,2,1830.28,Credit Card,Port Michaelbury
O002811,C0248,P0058,2025-08-11,5,597.12,Debit Card,East Andrew
O002812,C0200,P0050,2025-09-15,1,2247.1,Credit Card,Grayfort
O002813,C0271,P0059,2026-04-16,2,1607.28,PayPal,Port Patrick
O002814,C0029,P0050,2025-07-15,2,1975.06,Credit Card,Michaelview
O002815,C0185,P0014,2026-04-12,2,831.3,Credit Card,Vanessaburgh
O002816,C0151,P0046,2026-01-15,5,2037.35,UPI,West Zacharyview
O002817,C0116,P0014,2026-02-10,5,719.54,Credit Card,New Amandamouth
O002818,C0242,P0009,2026-04-02,3,46.65,Credit Card,South Garrettborough
O002819,C0006,P0077,2025-08-15,4,2882.33,Debit Card,Port Vickie
O002820,C0095,P0049,2026-01-13,5,1591.84,PayPal,West Lisaberg
O002821,C0114,P0013,2025-08-31,1,267.2,UPI,Port Michaelbury
O002822,C0123,P0064,2025-09-09,4,2124.13,UPI,East Tonyshire
O002823,C0033,P0030,2025-06-06,4,885.13,Credit Card,New Christianshire
O002824,C0133,P0076,2025-08-02,3,2585.96,Credit Card,Wellsfort
O002825,C0223,P0057,2025-07-22,1,1074.01,UPI,New Kayla
O002826,C0233,P0009,2026-03-16,2,2453.76,PayPal,South Jose
O002827,C0192,P0029,2025-12-23,3,2356.15,Credit Card,Phillipsport
O002828,C0176,P0028,2025-11-14,3,2093.82,Debit Card,New Marco
O002829,C0245,P0070,2026-04-01,3,2273.21,UPI,Adamsmouth
O002830,C0132,P0024,2025-09-22,5,338.89,UPI,Christopherland
O002831,C0157,P0051,2025-11-23,4,2689.84,Debit Card,Port Donald
O002832,C0161,P0080,2025-07-19,1,233.35,Debit Card,North Karen
O002833,C0272,P0065,2026-03-06,1,419.96,Debit Card,Port Crystalhaven
O002834,C0187,P0006,2026-04-01,2,967.98,UPI,South Tracytown
O002835,C0193,P0005,2025-09-22,5,159.81,Credit Card,Johnathanstad
O002836,C0111,P0066,2025-10-27,2,1271.76,Debit Card,Williamshire
O002837,C0291,P0015,2025-08-06,1,1320.9,Debit Card,New Jenniferside
O002838,C0042,P0042,2026-02-04,4,2005.71,Credit Card,Lewischester
O002839,C0076,P0025,2025-06-12,4,2037.89,Debit Card,Hessville
O002840,C0274,P0065,2025-10-04,5,2803.22,PayPal,Josephberg
O002841,C0103,P0007,2025-11-06,5,1993.37,UPI,Hubbardberg
O002842,C0299,P0013,2025-09-28,5,1466.41,UPI,Marieland
O002843,C0151,P0072,2026-02-27,3,663.18,Debit Card,West Zacharyview
O002844,C0055,P0074,2026-01-03,3,993.72,Debit Card,Ericshire
O002845,C0090,P0006,2025-09-16,1,2848.28,PayPal,New Nathan
O002846,C0117,P0072,2025-06-18,2,652.16,Debit Card,East Judithfurt
O002847,C0124,P0033,2025-12-24,5,355.44,PayPal,New Nathan
O002848,C0171,P0037,2026-03-31,5,2169.17,Debit Card,West Kimberly
O002849,C0217,P0061,2026-03-12,3,920.1,Debit Card,Bryceside
O002850,C0003,P0062,2025-07-18,2,1069.52,UPI,Michaelland
O002851,C0160,P0044,2025-06-03,3,2783.22,UPI,Kimberlyton
O002852,C0147,P0024,2025-07-24,3,2187.85,Credit Card,North Alexander
O002853,C0215,P0074,2025-05-12,1,835.07,Debit Card,Graymouth
O002854,C0066,P0048,2026-01-05,1,210.34,UPI,Jimenezberg
O002855,C0128,P0069,2025-06-03,2,683.36,PayPal,East Angelaport
O002856,C0287,P0036,2026-02-04,3,1207.59,Debit Card,Kevinland
O002857,C0014,P0045,2025-12-12,4,1773.33,PayPal,Lake Robert
O002858,C0212,P0043,2026-04-06,4,2752.45,Credit Card,Ortegaton
O002859,C0003,P0010,2025-08-03,3,2046.35,Credit Card,Michaelland
O002860,C0059,P0017,2026-01-17,2,1641.67,Debit Card,Lake Stacey
O002861,C0187,P0037,2025-07-24,2,1047.39,PayPal,South Tracytown
O002862,C0255,P0011,2025-06-14,4,2780.75,Credit Card,Schmidtmouth
O002863,C0114,P0024,2025-11-29,4,2769.5,Credit Card,Port Michaelbury
O002864,C0163,P0077,2026-02-04,5,2496.23,UPI,Rachelchester
O002865,C0297,P0052,2026-02-16,3,1751.02,Debit Card,West Paul
O002866,C0260,P0069,2025-07-17,5,882.53,Debit Card,Port Anthonystad
O002867,C0290,P0046,2025-06-02,3,79.34,PayPal,Christopherfurt
O002868,C0160,P0014,2025-12-25,4,2885.55,UPI,Kimberlyton
O002869,C0032,P0020,2025-08-03,5,2407.33,PayPal,West Michelleside
O002870,C0211,P0059,2025-06-16,5,2528.43,Debit Card,Crystalburgh
O002871,C0004,P0057,2025-08-17,5,2303.22,Credit Card,East Hunterberg
O002872,C0214,P0033,2025-05-13,5,413.47,UPI,Gallegosfurt
O002873,C0160,P0028,2025-06-16,2,2788.88,UPI,Kimberlyton
O002874,C0229,P0067,2025-10-27,3,537.15,UPI,Smithview
O002875,C0242,P0046,2026-01-12,3,2851.36,UPI,South Garrettborough
O002876,C0062,P0071,2026-02-24,2,2656.51,Debit Card,Carlland
O002877,C0025,P0021,2025-11-28,3,2288.83,Debit Card,Port Anthonychester
O002878,C0068,P0017,2025-12-01,2,2018.18,PayPal,West Cory
O002879,C0240,P0079,2026-03-20,3,242.79,Credit Card,East Timothyport
O002880,C0274,P0020,2025-12-09,4,2537.93,PayPal,Josephberg
O002881,C0091,P0045,2025-06-16,1,1064.65,UPI,East Charles
O002882,C0243,P0043,2025-10-05,1,2644.86,UPI,New Randystad
O002883,C0042,P0054,2025-09-02,5,766.69,PayPal,Lewischester
O002884,C0064,P0056,2025-11-09,2,1439.22,Debit Card,Stephenchester
O002885,C0126,P0006,2025-12-04,3,1341.77,Credit Card,Singletonfurt
O002886,C0043,P0012,2025-09-19,3,52.79,PayPal,Scottburgh
O002887,C0091,P0036,2026-01-09,2,1612.38,UPI,East Charles
O002888,C0044,P0019,2026-03-08,4,2371.73,UPI,Wardchester
O002889,C0002,P0044,2025-09-11,5,689.31,PayPal,Thompsonstad
O002890,C0056,P0004,2025-05-10,4,2495.12,UPI,South Ebonybury
O002891,C0115,P0012,2026-02-15,2,2573.71,Credit Card,Allisonport
O002892,C0293,P0035,2026-02-17,5,98.37,UPI,New Aaronfort
O002893,C0155,P0036,2025-08-21,3,1276.41,PayPal,Patriciabury
O002894,C0123,P0031,2025-08-20,1,937.95,Debit Card,East Tonyshire
O002895,C0236,P0044,2025-10-07,2,1535.24,Credit Card,Robinport
O002896,C0098,P0073,2026-03-09,5,1151.9,UPI,Chungport
O002897,C0281,P0021,2025-10-11,2,340.37,Credit Card,Crawfordmouth
O002898,C0108,P0033,2026-02-22,1,670.75,Credit Card,Molinaburgh
O002899,C0217,P0042,2025-12-23,5,966.81,PayPal,Bryceside
O002900,C0142,P0045,2025-12-25,3,2286.61,UPI,South Rebeccamouth
O002901,C0040,P0066,2026-03-13,5,2253.13,Debit Card,North Jacqueline
O002902,C0040,P0060,2026-02-20,3,1735.6,Credit Card,North Jacqueline
O002903,C0012,P0029,2025-06-28,2,2686.99,UPI,Halltown
O002904,C0238,P0017,2025-07-12,1,1456.09,PayPal,South Susanborough
O002905,C0178,P0026,2026-03-22,4,1898.45,Debit Card,New Sarah
O002906,C0064,P0020,2025-06-28,4,2209.12,Credit Card,Stephenchester
O002907,C0010,P0018,2025-09-13,2,1297.77,UPI,Housemouth
O002908,C0240,P0077,2025-10-17,4,2580.53,Debit Card,East Timothyport
O002909,C0168,P0024,2025-07-31,4,2755.75,Debit Card,South Janicefurt
O002910,C0118,P0005,2025-11-13,2,2877.53,Debit Card,Tinaside
O002911,C0053,P0064,2025-08-18,2,2825.97,Debit Card,Jenniferburgh
O002912,C0214,P0043,2025-09-05,2,478.05,UPI,Gallegosfurt
O002913,C0202,P0036,2025-10-07,3,1574.98,PayPal,Ronaldland
O002914,C0128,P0074,2025-11-16,4,2095.66,Credit Card,East Angelaport
O002915,C0120,P0020,2026-01-16,5,463.5,UPI,Williamsbury
O002916,C0248,P0020,2025-11-24,4,2862.66,UPI,East Andrew
O002917,C0104,P0033,2025-12-16,5,506.39,Credit Card,Port Connieview
O002918,C0065,P0012,2025-10-17,1,1665.48,Debit Card,East Dawnfurt
O002919,C0180,P0049,2025-11-16,1,812.9,PayPal,Crystalview
O002920,C0108,P0067,2026-01-19,4,1829.74,Credit Card,Molinaburgh
O002921,C0299,P0054,2025-07-05,3,2123.43,PayPal,Marieland
O002922,C0173,P0062,2025-07-29,3,2609.11,PayPal,Torresberg
O002923,C0293,P0046,2026-04-29,4,2430.16,PayPal,New Aaronfort
O002924,C0098,P0049,2026-03-27,2,24.87,PayPal,Chungport
O002925,C0193,P0049,2025-05-21,1,1197.79,UPI,Johnathanstad
O002926,C0262,P0066,2025-10-04,4,1158.64,Debit Card,Port Jasonfurt
O002927,C0232,P0015,2025-06-06,1,1801.07,UPI,East Gary
O002928,C0130,P0024,2025-06-07,2,175.28,PayPal,North Phillip
O002929,C0237,P0079,2026-01-12,1,2200.25,Credit Card,West Amanda
O002930,C0168,P0007,2025-09-16,3,2112.61,PayPal,South Janicefurt
O002931,C0296,P0042,2025-05-19,4,1106.85,Credit Card,Josephfort
O002932,C0169,P0046,2026-01-08,4,698.54,PayPal,Edwardsview
O002933,C0134,P0058,2026-02-09,5,2242.44,UPI,East Sethmouth
O002934,C0220,P0030,2026-01-03,2,1144.03,Debit Card,Riveraport
O002935,C0159,P0073,2026-04-03,2,1644.08,PayPal,Mullenburgh
O002936,C0083,P0009,2026-01-03,2,732.82,Credit Card,East Juliaport
O002937,C0117,P0045,2026-05-04,5,1301.27,UPI,East Judithfurt
O002938,C0013,P0073,2025-07-20,4,2834.92,UPI,New Matthew
O002939,C0111,P0059,2026-01-09,4,2007.01,Debit Card,Williamshire
O002940,C0207,P0019,2025-12-18,3,2545.49,Debit Card,Castillofurt
O002941,C0293,P0047,2025-11-29,4,1084.81,PayPal,New Aaronfort
O002942,C0107,P0005,2026-02-28,1,2854.42,UPI,Cannonville
O002943,C0151,P0034,2026-04-10,4,450.68,PayPal,West Zacharyview
O002944,C0012,P0035,2026-02-06,5,56.39,Debit Card,Halltown
O002945,C0181,P0011,2025-07-20,2,2679.11,UPI,Lake Ryan
O002946,C0096,P0052,2025-11-10,2,157.2,PayPal,East Kimberlytown
O002947,C0014,P0035,2025-10-04,1,588.36,UPI,Lake Robert
O002948,C0076,P0046,2025-09-04,3,803.98,Credit Card,Hessville
O002949,C0034,P0078,2026-02-18,2,2247.53,PayPal,West Aaronfort
O002950,C0174,P0044,2026-04-15,5,874.02,Credit Card,Romanport
O002951,C0103,P0009,2025-08-11,1,406.82,UPI,Hubbardberg
O002952,C0058,P0049,2025-05-30,1,2515.55,Credit Card,Ruiztown
O002953,C0158,P0023,2025-11-25,1,1740.92,PayPal,Alecborough
O002954,C0296,P0010,2025-10-27,4,2023.77,UPI,Josephfort
O002955,C0245,P0079,2025-05-25,3,2482.53,UPI,Adamsmouth
O002956,C0066,P0077,2025-07-14,3,2085.44,PayPal,Jimenezberg
O002957,C0046,P0002,2026-04-05,2,1539.47,Credit Card,Lake Matthew
O002958,C0003,P0034,2026-01-26,1,2215.91,UPI,Michaelland
O002959,C0031,P0077,2026-02-28,1,2923.41,PayPal,East Deannahaven
O002960,C0088,P0044,2025-10-09,2,1013.93,Credit Card,North Michaelview
O002961,C0024,P0010,2026-04-23,1,1148.98,Credit Card,New Ashley
O002962,C0295,P0039,2026-01-30,4,2379.6,UPI,Darrylport
O002963,C0243,P0061,2025-05-25,5,2852.56,Debit Card,New Randystad
O002964,C0298,P0014,2026-02-11,2,2008.48,Credit Card,East Tammie
O002965,C0191,P0060,2026-04-04,3,1009.72,PayPal,Wheelershire
O002966,C0061,P0037,2025-09-28,1,1959.83,UPI,West Dennis
O002967,C0029,P0067,2026-01-22,1,2311.52,Debit Card,Michaelview
O002968,C0192,P0028,2025-07-12,4,2676.49,UPI,Phillipsport
O002969,C0146,P0051,2025-09-07,4,47.64,Credit Card,Velazquezstad
O002970,C0101,P0003,2026-03-02,5,1588.72,UPI,Kristenfort
O002971,C0231,P0047,2025-12-03,4,2221.17,Debit Card,Matthewport
O002972,C0089,P0025,2025-07-09,3,230.31,Credit Card,Taylorburgh
O002973,C0280,P0031,2025-12-11,5,1746.66,PayPal,East Timothychester
O002974,C0107,P0078,2025-08-30,5,82.36,UPI,Cannonville
O002975,C0165,P0052,2026-02-04,3,2070.71,PayPal,Dawnberg
O002976,C0143,P0035,2025-10-17,1,1295.29,PayPal,Collinsborough
O002977,C0289,P0049,2025-12-17,2,761.1,UPI,Port Juanside
O002978,C0182,P0074,2025-06-18,5,2560.56,UPI,Laurieborough
O002979,C0170,P0078,2026-03-17,5,841.08,Debit Card,Cartershire
O002980,C0134,P0069,2026-05-02,5,1444.62,Credit Card,East Sethmouth
O002981,C0145,P0048,2025-07-24,4,426.4,Debit Card,Jennifertown
O002982,C0133,P0011,2025-11-16,3,987.53,PayPal,Wellsfort
O002983,C0097,P0008,2025-07-06,1,706.11,PayPal,Brianstad
O002984,C0025,P0037,2026-03-23,4,2980.64,Credit Card,Port Anthonychester
O002985,C0277,P0012,2025-09-30,5,1874.48,PayPal,Hurleymouth
O002986,C0194,P0051,2025-05-16,5,1683.57,UPI,Gabrielmouth
O002987,C0211,P0001,2025-07-09,4,2485.0,UPI,Crystalburgh
O002988,C0169,P0041,2025-07-03,4,684.34,Credit Card,Edwardsview
O002989,C0287,P0063,2025-10-18,4,1630.19,Debit Card,Kevinland
O002990,C0128,P0037,2026-01-27,5,377.43,UPI,East Angelaport
O002991,C0034,P0061,2026-01-18,4,1570.42,UPI,West Aaronfort
O002992,C0082,P0074,2026-01-23,5,842.61,Debit Card,South Eric
O002993,C0043,P0026,2025-07-17,5,1003.64,PayPal,Scottburgh
O002994,C0080,P0048,2025-11-06,5,435.74,Debit Card,West Katherinebury
O002995,C0215,P0042,2026-03-05,4,2461.83,Debit Card,Graymouth
O002996,C0270,P0026,2025-10-20,1,2242.98,UPI,Younghaven
O002997,C0159,P0065,2025-10-09,4,270.68,UPI,Mullenburgh
O002998,C0210,P0065,2026-04-01,1,68.4,Credit Card,North Shelly
O002999,C0290,P0014,2025-11-17,4,169.5,Credit Card,Christopherfurt
O003000,C0031,P0043,2026-04-27,2,1950.9,PayPal,East Deannahaven
O003001,C0294,P0010,2026-04-22,1,2781.58,Debit Card,West Johnhaven
O003002,C0100,P0036,2025-09-20,5,1410.15,UPI,Cantufurt
O003003,C0188,P0050,2025-06-11,5,181.17,PayPal,West Jason
O003004,C0151,P0060,2025-05-07,3,2842.05,Credit Card,West Zacharyview
O003005,C0114,P0049,2025-11-09,4,2258.0,Credit Card,Port Michaelbury
O003006,C0284,P0035,2025-12-12,4,800.22,PayPal,North Carrie
O003007,C0086,P0010,2026-01-13,3,2034.64,Debit Card,Melissachester
O003008,C0287,P0002,2025-07-18,5,2936.53,Credit Card,Kevinland
O003009,C0092,P0080,2026-04-09,2,2808.18,Debit Card,Ramirezville
O003010,C0292,P0075,2025-07-12,5,2135.74,UPI,Port Wesleyshire
O003011,C0038,P0070,2025-10-01,3,984.21,PayPal,Bellville
O003012,C0035,P0062,2025-12-03,4,2774.94,Debit Card,Theresaberg
O003013,C0269,P0074,2025-05-17,3,237.32,Credit Card,New Michaelland
O003014,C0088,P0032,2025-06-20,5,580.3,Credit Card,North Michaelview
O003015,C0111,P0010,2025-12-13,3,1621.9,Credit Card,Williamshire
O003016,C0169,P0056,2025-10-08,1,1005.47,UPI,Edwardsview
O003017,C0055,P0005,2025-05-27,1,2153.83,Credit Card,Ericshire
O003018,C0162,P0062,2025-06-07,4,1291.4,Debit Card,Nelsonview
O003019,C0004,P0013,2025-10-19,4,938.16,UPI,East Hunterberg
O003020,C0155,P0034,2025-09-17,1,1146.85,PayPal,Patriciabury
O003021,C0102,P0080,2025-05-07,5,1066.95,Debit Card,Allenville
O003022,C0160,P0062,2025-12-05,4,2364.39,PayPal,Kimberlyton
O003023,C0257,P0050,2025-10-15,4,2395.97,PayPal,Erinview
O003024,C0275,P0015,2026-03-10,5,1611.05,PayPal,Greenhaven
O003025,C0225,P0024,2025-11-22,4,2851.79,Debit Card,Port Heatherview
O003026,C0047,P0070,2026-03-29,2,1625.54,Credit Card,Lake Danielville
O003027,C0249,P0008,2025-05-18,3,1081.09,PayPal,Madelineberg
O003028,C0008,P0012,2025-08-30,5,2620.09,UPI,West Ryantown
O003029,C0266,P0020,2026-01-21,4,971.67,PayPal,Hebertmouth
O003030,C0003,P0070,2026-03-19,3,1321.78,Credit Card,Michaelland
O003031,C0004,P0042,2025-12-29,2,336.66,Debit Card,East Hunterberg
O003032,C0039,P0029,2025-11-27,5,45.4,PayPal,Port Tracyside
O003033,C0064,P0021,2025-07-28,3,2340.45,Debit Card,Stephenchester
O003034,C0270,P0009,2025-10-15,3,2804.18,PayPal,Younghaven
O003035,C0291,P0051,2026-01-28,5,2953.41,UPI,New Jenniferside
O003036,C0055,P0003,2026-05-02,1,2199.35,Debit Card,Ericshire
O003037,C0119,P0049,2026-01-22,5,964.39,Credit Card,Grayfort
O003038,C0194,P0049,2026-03-17,5,1723.41,UPI,Gabrielmouth
O003039,C0206,P0036,2025-05-25,2,2362.7,Debit Card,Christopherberg
O003040,C0196,P0009,2025-10-18,1,2398.11,PayPal,Port Andrea
O003041,C0116,P0067,2025-11-06,1,2101.37,PayPal,New Amandamouth
O003042,C0087,P0020,2025-12-26,4,1301.04,Credit Card,Rojasberg
O003043,C0029,P0051,2025-09-22,2,1008.86,Credit Card,Michaelview
O003044,C0129,P0022,2025-07-30,3,1889.15,Credit Card,East Julia
O003045,C0269,P0009,2026-04-11,3,2422.64,Credit Card,New Michaelland
O003046,C0023,P0023,2025-08-31,5,2906.39,UPI,Hallview
O003047,C0112,P0017,2026-03-17,2,1848.28,Debit Card,South Jennifer
O003048,C0012,P0022,2025-08-21,5,1067.65,PayPal,Halltown
O003049,C0215,P0009,2026-03-11,3,193.54,Credit Card,Graymouth
O003050,C0073,P0023,2025-07-27,3,1232.66,UPI,Lake Lisahaven
O003051,C0252,P0033,2026-02-09,2,1838.93,UPI,North Veronicaside
O003052,C0181,P0006,2026-02-12,4,765.04,UPI,Lake Ryan
O003053,C0009,P0058,2025-07-26,4,699.27,Debit Card,Cynthiachester
O003054,C0025,P0019,2025-12-20,5,2616.77,UPI,Port Anthonychester
O003055,C0081,P0001,2026-03-28,4,1375.58,Credit Card,North Brucestad
O003056,C0240,P0061,2026-03-16,2,2062.76,Debit Card,East Timothyport
O003057,C0200,P0043,2026-03-11,4,111.82,Credit Card,Grayfort
O003058,C0073,P0021,2026-01-06,4,841.64,Debit Card,Lake Lisahaven
O003059,C0212,P0068,2026-02-28,1,973.46,PayPal,Ortegaton
O003060,C0085,P0037,2025-09-07,5,759.97,UPI,Delgadofurt
O003061,C0244,P0026,2025-09-30,5,2465.27,UPI,Port Laura
O003062,C0120,P0035,2026-04-26,5,37.44,PayPal,Williamsbury
O003063,C0282,P0052,2026-03-09,5,2210.48,Credit Card,North Jeremy
O003064,C0236,P0039,2025-05-25,3,1035.31,PayPal,Robinport
O003065,C0300,P0077,2025-12-03,2,2342.5,PayPal,North Sarah
O003066,C0283,P0048,2025-08-20,5,2120.54,UPI,New Craigborough
O003067,C0141,P0054,2025-06-08,1,1541.81,UPI,Farmerburgh
O003068,C0051,P0077,2025-11-19,4,1702.48,PayPal,Brianport
O003069,C0165,P0005,2025-05-07,3,325.51,UPI,Dawnberg
O003070,C0031,P0027,2026-03-02,2,2414.65,PayPal,East Deannahaven
O003071,C0240,P0048,2025-11-30,1,737.5,PayPal,East Timothyport
O003072,C0011,P0068,2026-03-26,5,2077.39,Debit Card,Parsonschester
O003073,C0044,P0032,2025-10-10,1,478.83,Credit Card,Wardchester
O003074,C0178,P0063,2025-05-26,2,905.33,Debit Card,New Sarah
O003075,C0085,P0032,2025-11-03,5,2171.5,UPI,Delgadofurt
O003076,C0030,P0035,2025-12-24,3,2046.54,PayPal,Lake Timothy
O003077,C0061,P0064,2026-02-10,4,2349.12,UPI,West Dennis
O003078,C0106,P0069,2025-12-31,1,1682.6,UPI,Comptonburgh
O003079,C0147,P0017,2025-05-10,1,2120.71,Debit Card,North Alexander
O003080,C0015,P0024,2026-01-19,2,1205.92,Debit Card,East Brandon
O003081,C0247,P0076,2025-08-24,2,1420.42,PayPal,Lake Jenniferland
O003082,C0249,P0065,2025-12-23,3,960.93,UPI,Madelineberg
O003083,C0018,P0025,2026-05-01,4,547.66,UPI,West Troyhaven
O003084,C0295,P0064,2025-10-08,2,1531.55,Credit Card,Darrylport
O003085,C0220,P0034,2026-01-25,3,2369.48,Debit Card,Riveraport
O003086,C0296,P0078,2025-06-19,2,2858.92,PayPal,Josephfort
O003087,C0072,P0077,2026-03-23,2,86.85,Debit Card,Mooreborough
O003088,C0031,P0066,2026-02-24,2,113.8,UPI,East Deannahaven
O003089,C0184,P0077,2026-05-01,5,894.09,PayPal,Danielborough
O003090,C0019,P0072,2025-08-10,1,1378.44,Credit Card,Bakerfurt
O003091,C0205,P0017,2025-06-26,3,2533.33,PayPal,Spencetown
O003092,C0209,P0016,2026-01-15,4,1746.9,UPI,West Judy
O003093,C0223,P0077,2026-03-31,4,1042.47,Credit Card,New Kayla
O003094,C0110,P0013,2026-01-11,4,2818.18,PayPal,Allisonview
O003095,C0219,P0028,2025-12-29,5,377.7,Debit Card,Holmesbury
O003096,C0144,P0047,2025-09-24,2,373.03,Debit Card,South Michelleberg
O003097,C0105,P0039,2026-03-02,3,1245.99,Debit Card,South Brianastad
O003098,C0265,P0031,2025-12-03,1,1833.72,PayPal,West Brenda
O003099,C0280,P0017,2025-08-28,2,663.18,UPI,East Timothychester
O003100,C0038,P0061,2025-06-25,2,254.64,Credit Card,Bellville
O003101,C0213,P0074,2026-01-01,4,965.12,UPI,Millerhaven
O003102,C0096,P0074,2025-10-11,1,722.5,PayPal,East Kimberlytown
O003103,C0163,P0080,2025-11-07,4,2042.83,Credit Card,Rachelchester
O003104,C0168,P0033,2026-02-17,1,367.71,PayPal,South Janicefurt
O003105,C0199,P0079,2026-02-23,5,636.71,Credit Card,New Glendahaven
O003106,C0019,P0052,2025-08-25,5,2397.25,Debit Card,Bakerfurt
O003107,C0219,P0017,2026-02-06,1,968.37,PayPal,Holmesbury
O003108,C0005,P0044,2025-08-24,4,2831.4,Debit Card,Laneside
O003109,C0007,P0061,2025-07-31,1,2448.89,Credit Card,East Willie
O003110,C0261,P0068,2026-02-01,1,2198.89,Credit Card,Pattersonland
O003111,C0276,P0070,2025-07-13,4,2721.63,PayPal,Lake Jimmy
O003112,C0298,P0043,2025-12-13,3,1227.93,Credit Card,East Tammie
O003113,C0037,P0033,2025-11-23,4,558.74,Debit Card,Lake Jeanetteview
O003114,C0038,P0080,2026-02-16,5,2705.35,Debit Card,Bellville
O003115,C0111,P0008,2025-07-23,5,204.0,PayPal,Williamshire
O003116,C0079,P0073,2026-02-03,1,1786.09,Credit Card,Stanleyland
O003117,C0230,P0046,2025-10-29,4,2755.82,Debit Card,South Rachelton
O003118,C0162,P0050,2025-12-02,2,1534.83,Debit Card,Nelsonview
O003119,C0015,P0006,2025-07-04,1,432.11,Credit Card,East Brandon
O003120,C0234,P0065,2026-04-10,5,874.94,UPI,Macdonaldberg
O003121,C0297,P0051,2025-11-19,5,425.4,PayPal,West Paul
O003122,C0256,P0066,2026-03-31,3,1607.21,UPI,Johnsonfort
O003123,C0034,P0042,2026-01-16,4,2535.62,PayPal,West Aaronfort
O003124,C0244,P0021,2026-04-15,4,1045.25,Credit Card,Port Laura
O003125,C0194,P0019,2026-03-19,5,488.72,PayPal,Gabrielmouth
O003126,C0271,P0064,2026-04-11,5,2064.18,UPI,Port Patrick
O003127,C0168,P0048,2025-05-29,2,639.12,UPI,South Janicefurt
O003128,C0221,P0002,2026-01-28,4,496.93,PayPal,North Rebeccamouth
O003129,C0273,P0042,2025-10-23,2,310.7,UPI,Watersside
O003130,C0217,P0008,2025-08-24,2,972.63,Debit Card,Bryceside
O003131,C0279,P0009,2025-06-06,2,2120.89,UPI,Juanchester
O003132,C0271,P0055,2025-10-08,5,1465.07,Credit Card,Port Patrick
O003133,C0089,P0057,2025-10-18,1,1956.33,Debit Card,Taylorburgh
O003134,C0253,P0017,2026-01-10,1,1645.89,Debit Card,Lake Alicialand
O003135,C0136,P0076,2026-01-18,4,1165.79,Debit Card,West Jessicabury
O003136,C0182,P0044,2025-05-16,1,2306.36,Credit Card,Laurieborough
O003137,C0097,P0023,2025-12-08,4,1602.64,Debit Card,Brianstad
O003138,C0289,P0062,2025-05-18,4,1733.58,PayPal,Port Juanside
O003139,C0065,P0007,2026-05-05,1,471.27,UPI,East Dawnfurt
O003140,C0211,P0028,2025-07-27,3,2834.34,UPI,Crystalburgh
O003141,C0114,P0035,2025-05-25,5,1079.94,UPI,Port Michaelbury
O003142,C0063,P0023,2025-09-13,4,531.06,PayPal,East Troy
O003143,C0121,P0063,2026-01-13,1,2192.09,UPI,Port Richardstad
O003144,C0144,P0031,2025-05-14,4,521.6,Credit Card,South Michelleberg
O003145,C0137,P0054,2025-07-12,3,1603.54,Credit Card,Wilsonfurt
O003146,C0037,P0066,2025-06-27,3,1484.13,Credit Card,Lake Jeanetteview
O003147,C0056,P0028,2026-02-03,5,2448.19,Credit Card,South Ebonybury
O003148,C0252,P0006,2025-10-07,1,422.4,Credit Card,North Veronicaside
O003149,C0285,P0003,2025-11-26,2,1068.32,Debit Card,Campbellmouth
O003150,C0207,P0051,2025-09-18,3,120.3,Credit Card,Castillofurt
O003151,C0156,P0008,2026-02-03,1,1015.52,PayPal,Millerhaven
O003152,C0134,P0032,2026-01-05,1,2733.43,Credit Card,East Sethmouth
O003153,C0233,P0013,2025-12-05,5,2388.99,Debit Card,South Jose
O003154,C0029,P0055,2026-03-27,5,925.98,PayPal,Michaelview
O003155,C0028,P0028,2025-08-29,3,657.58,PayPal,East Kristen
O003156,C0137,P0032,2025-12-09,4,1674.7,Credit Card,Wilsonfurt
O003157,C0074,P0050,2025-11-19,3,1797.95,Debit Card,Port Clayton
O003158,C0266,P0064,2025-05-07,3,801.69,Credit Card,Hebertmouth
O003159,C0197,P0002,2026-01-22,1,2998.12,Debit Card,Jamesborough
O003160,C0278,P0078,2025-12-25,5,2607.9,PayPal,North Emilyville
O003161,C0063,P0051,2025-06-02,1,2376.59,PayPal,East Troy
O003162,C0075,P0050,2026-03-17,5,2706.68,UPI,Fuentesfurt
O003163,C0045,P0058,2025-11-14,1,2861.72,Debit Card,East Marcia
O003164,C0124,P0054,2025-11-29,4,2966.56,UPI,New Nathan
O003165,C0160,P0054,2025-08-12,1,2012.68,UPI,Kimberlyton
O003166,C0020,P0004,2025-08-11,2,1824.7,PayPal,Port Juan
O003167,C0173,P0045,2025-10-31,2,1274.15,Debit Card,Torresberg
O003168,C0036,P0025,2025-06-02,2,2434.67,Credit Card,West Bryan
O003169,C0290,P0006,2025-05-27,2,1083.77,UPI,Christopherfurt
O003170,C0130,P0029,2025-08-30,3,28.24,UPI,North Phillip
O003171,C0277,P0053,2025-06-11,1,341.47,PayPal,Hurleymouth
O003172,C0069,P0030,2025-10-08,1,898.84,UPI,West Kevinstad
O003173,C0106,P0068,2025-09-22,5,773.44,UPI,Comptonburgh
O003174,C0032,P0054,2026-04-19,4,121.11,PayPal,West Michelleside
O003175,C0211,P0066,2025-07-31,2,2569.98,Credit Card,Crystalburgh
O003176,C0100,P0059,2025-05-24,1,1575.95,PayPal,Cantufurt
O003177,C0167,P0014,2026-05-02,4,2577.11,PayPal,Geraldbury
O003178,C0072,P0071,2025-06-06,1,1914.69,Debit Card,Mooreborough
O003179,C0188,P0025,2025-10-20,4,1812.93,Debit Card,West Jason
O003180,C0039,P0020,2025-10-14,4,2781.01,PayPal,Port Tracyside
O003181,C0076,P0066,2025-11-27,2,2543.41,UPI,Hessville
O003182,C0098,P0013,2025-07-06,1,1068.48,Debit Card,Chungport
O003183,C0271,P0019,2025-06-09,2,1122.26,Debit Card,Port Patrick
O003184,C0157,P0025,2026-04-19,2,716.07,Debit Card,Port Donald
O003185,C0030,P0076,2025-05-20,1,461.07,Credit Card,Lake Timothy
O003186,C0259,P0036,2025-08-07,4,247.43,UPI,North Markstad
O003187,C0003,P0032,2025-10-08,2,2525.9,PayPal,Michaelland
O003188,C0241,P0027,2026-02-20,4,787.93,Debit Card,South Jake
O003189,C0288,P0048,2026-04-06,4,1059.31,UPI,Lake Scottborough
O003190,C0281,P0005,2025-12-29,1,1024.32,Debit Card,Crawfordmouth
O003191,C0067,P0036,2025-07-23,4,80.42,UPI,Smithfurt
O003192,C0169,P0003,2026-04-26,4,967.79,Credit Card,Edwardsview
O003193,C0122,P0021,2025-09-17,5,2065.99,Credit Card,Eugeneport
O003194,C0180,P0001,2025-07-12,5,367.58,UPI,Crystalview
O003195,C0019,P0056,2026-03-27,4,2182.65,Debit Card,Bakerfurt
O003196,C0193,P0022,2025-09-13,5,147.49,PayPal,Johnathanstad
O003197,C0086,P0006,2025-10-06,5,264.13,PayPal,Melissachester
O003198,C0255,P0012,2025-08-16,2,976.61,Debit Card,Schmidtmouth
O003199,C0113,P0055,2025-11-27,3,985.04,PayPal,North Pamela
O003200,C0148,P0026,2025-09-04,5,2102.73,Credit Card,Lake Megan
O003201,C0188,P0056,2026-04-24,1,2886.64,UPI,West Jason
O003202,C0152,P0020,2025-09-13,1,2325.2,UPI,New Jamesfort
O003203,C0270,P0064,2025-06-10,2,2586.18,UPI,Younghaven
O003204,C0289,P0056,2025-08-05,3,1875.88,UPI,Port Juanside
O003205,C0038,P0069,2025-07-20,5,1385.57,Credit Card,Bellville
O003206,C0010,P0033,2025-06-22,2,1381.62,Credit Card,Housemouth
O003207,C0287,P0076,2025-12-02,4,268.58,Debit Card,Kevinland
O003208,C0191,P0023,2026-02-26,5,270.32,Debit Card,Wheelershire
O003209,C0093,P0015,2025-11-04,3,1287.55,PayPal,Rachelhaven
O003210,C0036,P0046,2026-04-18,1,2695.42,Debit Card,West Bryan
O003211,C0290,P0066,2026-03-24,2,1690.89,UPI,Christopherfurt
O003212,C0035,P0031,2026-04-10,2,1572.44,PayPal,Theresaberg
O003213,C0296,P0009,2026-04-25,2,40.4,UPI,Josephfort
O003214,C0058,P0075,2025-05-19,3,1155.78,Debit Card,Ruiztown
O003215,C0088,P0019,2026-04-07,1,2113.32,Credit Card,North Michaelview
O003216,C0174,P0046,2025-06-25,1,2172.6,UPI,Romanport
O003217,C0109,P0055,2025-12-28,5,1078.47,UPI,Hurleyfort
O003218,C0053,P0007,2025-11-05,5,2465.64,Credit Card,Jenniferburgh
O003219,C0294,P0035,2025-07-24,4,1117.43,UPI,West Johnhaven
O003220,C0066,P0014,2025-09-30,4,2361.86,PayPal,Jimenezberg
O003221,C0036,P0050,2026-02-14,2,1454.95,Credit Card,West Bryan
O003222,C0101,P0005,2025-10-20,5,179.43,Debit Card,Kristenfort
O003223,C0088,P0049,2026-03-20,4,1015.9,UPI,North Michaelview
O003224,C0175,P0050,2026-04-25,5,2271.03,PayPal,North Shannonstad
O003225,C0145,P0039,2026-04-26,5,2474.96,Credit Card,Jennifertown
O003226,C0067,P0068,2025-06-25,4,1464.02,Credit Card,Smithfurt
O003227,C0142,P0050,2025-05-29,2,1960.8,Credit Card,South Rebeccamouth
O003228,C0045,P0060,2026-03-18,4,2388.31,UPI,East Marcia
O003229,C0151,P0015,2025-12-05,4,1803.2,Credit Card,West Zacharyview
O003230,C0088,P0003,2025-05-13,1,1576.33,PayPal,North Michaelview
O003231,C0098,P0048,2026-03-12,2,758.71,Debit Card,Chungport
O003232,C0117,P0016,2025-09-10,3,864.93,PayPal,East Judithfurt
O003233,C0265,P0064,2025-10-17,4,2272.81,PayPal,West Brenda
O003234,C0257,P0067,2026-04-09,1,2605.24,UPI,Erinview
O003235,C0018,P0049,2026-03-18,3,902.42,Debit Card,West Troyhaven
O003236,C0190,P0012,2025-05-31,1,2065.18,PayPal,New Jennifer
O003237,C0047,P0035,2025-06-27,3,2629.83,Debit Card,Lake Danielville
O003238,C0048,P0029,2025-10-20,2,2439.44,Debit Card,Smithview
O003239,C0076,P0049,2026-04-23,3,1473.93,UPI,Hessville
O003240,C0224,P0011,2025-07-23,3,2815.96,PayPal,West Michelleland
O003241,C0105,P0018,2025-09-21,5,2733.26,UPI,South Brianastad
O003242,C0209,P0017,2025-06-23,1,1513.93,PayPal,West Judy
O003243,C0161,P0051,2025-11-19,3,1023.14,UPI,North Karen
O003244,C0242,P0014,2025-12-08,2,339.28,Credit Card,South Garrettborough
O003245,C0133,P0002,2025-10-14,4,190.85,PayPal,Wellsfort
O003246,C0219,P0004,2025-12-28,1,1492.66,UPI,Holmesbury
O003247,C0237,P0057,2025-09-28,2,730.08,Credit Card,West Amanda
O003248,C0082,P0071,2025-05-13,5,738.32,Credit Card,South Eric
O003249,C0156,P0080,2026-04-23,1,455.59,Credit Card,Millerhaven
O003250,C0255,P0041,2025-10-07,5,1398.59,UPI,Schmidtmouth
O003251,C0080,P0013,2025-12-30,2,2835.92,UPI,West Katherinebury
O003252,C0177,P0050,2025-12-13,2,2518.7,UPI,Stuarthaven
O003253,C0164,P0036,2025-12-31,5,2273.7,Credit Card,East Sarahview
O003254,C0129,P0010,2025-11-24,1,2637.83,UPI,East Julia
O003255,C0247,P0053,2025-07-02,5,391.18,UPI,Lake Jenniferland
O003256,C0265,P0063,2025-07-23,5,797.57,PayPal,West Brenda
O003257,C0058,P0016,2025-10-20,2,159.68,UPI,Ruiztown
O003258,C0198,P0075,2025-07-05,1,2643.06,PayPal,West Kristen
O003259,C0004,P0068,2025-10-28,5,298.85,UPI,East Hunterberg
O003260,C0225,P0036,2025-10-16,4,793.35,UPI,Port Heatherview
O003261,C0068,P0068,2025-05-18,3,844.85,Debit Card,West Cory
O003262,C0206,P0055,2025-10-25,1,677.84,Debit Card,Christopherberg
O003263,C0203,P0070,2025-08-04,2,415.32,UPI,Pierceside
O003264,C0208,P0030,2025-05-26,5,206.55,Debit Card,Zacharyberg
O003265,C0282,P0033,2025-06-19,4,525.49,PayPal,North Jeremy
O003266,C0109,P0054,2025-07-18,5,1385.87,Credit Card,Hurleyfort
O003267,C0120,P0006,2025-05-11,2,691.02,PayPal,Williamsbury
O003268,C0090,P0067,2026-03-09,1,637.97,UPI,New Nathan
O003269,C0183,P0045,2025-08-22,2,657.63,UPI,North Thomas
O003270,C0170,P0055,2025-05-27,1,796.63,UPI,Cartershire
O003271,C0013,P0079,2025-06-06,5,329.36,Debit Card,New Matthew
O003272,C0019,P0002,2025-07-28,1,561.21,UPI,Bakerfurt
O003273,C0198,P0058,2025-11-22,4,1258.76,PayPal,West Kristen
O003274,C0076,P0013,2025-11-25,3,1274.06,UPI,Hessville
O003275,C0159,P0045,2025-10-15,5,1038.27,UPI,Mullenburgh
O003276,C0285,P0040,2025-08-07,2,191.16,Debit Card,Campbellmouth
O003277,C0079,P0025,2025-09-17,5,2034.56,Debit Card,Stanleyland
O003278,C0267,P0058,2026-03-05,2,192.84,UPI,Lake Hannahborough
O003279,C0213,P0027,2025-06-22,5,2039.69,Credit Card,Millerhaven
O003280,C0036,P0077,2026-03-01,3,1502.11,Debit Card,West Bryan
O003281,C0298,P0062,2026-04-09,3,2981.96,Debit Card,East Tammie
O003282,C0218,P0059,2025-10-21,2,2477.57,Debit Card,North Crystal
O003283,C0041,P0030,2026-03-30,1,1228.58,UPI,Lake Alishaland
O003284,C0249,P0061,2026-02-02,2,214.49,Credit Card,Madelineberg
O003285,C0191,P0064,2026-04-29,2,2926.91,UPI,Wheelershire
O003286,C0229,P0022,2025-09-17,2,519.21,Credit Card,Smithview
O003287,C0148,P0014,2025-09-21,3,447.34,UPI,Lake Megan
O003288,C0025,P0078,2026-01-23,5,78.25,UPI,Port Anthonychester
O003289,C0163,P0029,2025-06-28,4,2908.99,PayPal,Rachelchester
O003290,C0063,P0030,2025-06-11,1,145.88,PayPal,East Troy
O003291,C0196,P0012,2025-12-22,5,2900.44,Debit Card,Port Andrea
O003292,C0246,P0055,2025-11-07,4,2995.47,PayPal,Lake Jason
O003293,C0178,P0019,2025-05-29,5,89.09,Debit Card,New Sarah
O003294,C0106,P0032,2025-06-17,4,2538.86,Debit Card,Comptonburgh
O003295,C0233,P0023,2025-10-03,5,2558.63,PayPal,South Jose
O003296,C0196,P0055,2025-08-06,5,1115.23,UPI,Port Andrea
O003297,C0124,P0033,2025-10-06,1,1117.27,Debit Card,New Nathan
O003298,C0243,P0071,2026-04-14,4,2884.02,Debit Card,New Randystad
O003299,C0047,P0003,2025-11-14,3,2806.24,UPI,Lake Danielville
O003300,C0072,P0031,2026-04-03,2,416.35,PayPal,Mooreborough
O003301,C0099,P0050,2025-05-30,5,2328.13,Debit Card,Robertsonland
O003302,C0106,P0080,2025-06-25,2,489.27,UPI,Comptonburgh
O003303,C0153,P0080,2026-04-12,5,2107.9,Credit Card,Lake Jesus
O003304,C0119,P0046,2025-09-24,5,2664.2,Credit Card,Grayfort
O003305,C0177,P0076,2026-01-02,1,591.3,Debit Card,Stuarthaven
O003306,C0071,P0002,2026-04-24,5,1762.6,Credit Card,Jennifershire
O003307,C0050,P0042,2025-09-02,4,1517.62,PayPal,Patriciaton
O003308,C0187,P0011,2025-09-10,1,1929.13,UPI,South Tracytown
O003309,C0099,P0046,2025-11-05,4,2992.56,PayPal,Robertsonland
O003310,C0222,P0023,2025-06-01,4,1104.35,Debit Card,Shannonstad
O003311,C0172,P0036,2025-10-30,3,1332.15,PayPal,Williamstad
O003312,C0139,P0013,2026-03-09,1,2305.94,UPI,Chapmanberg
O003313,C0062,P0059,2025-10-24,5,2403.81,Debit Card,Carlland
O003314,C0038,P0068,2025-11-26,5,2119.76,UPI,Bellville
O003315,C0155,P0077,2025-05-20,1,2864.02,PayPal,Patriciabury
O003316,C0271,P0058,2026-01-12,5,1570.12,Credit Card,Port Patrick
O003317,C0190,P0018,2026-01-04,5,677.22,PayPal,New Jennifer
O003318,C0297,P0043,2026-04-10,4,2843.12,Debit Card,West Paul
O003319,C0300,P0045,2025-11-14,2,116.9,UPI,North Sarah
O003320,C0110,P0048,2025-09-22,4,2141.15,UPI,Allisonview
O003321,C0198,P0037,2026-04-07,3,207.95,UPI,West Kristen
O003322,C0274,P0029,2026-03-05,2,2569.54,UPI,Josephberg
O003323,C0123,P0069,2025-10-02,3,2905.5,Credit Card,East Tonyshire
O003324,C0178,P0028,2025-12-04,4,1171.72,PayPal,New Sarah
O003325,C0245,P0027,2025-08-22,1,61.38,UPI,Adamsmouth
O003326,C0047,P0050,2026-02-10,4,688.7,Debit Card,Lake Danielville
O003327,C0193,P0058,2025-05-27,5,1069.14,UPI,Johnathanstad
O003328,C0171,P0009,2026-05-06,4,2002.61,Credit Card,West Kimberly
O003329,C0196,P0049,2026-03-23,5,2653.39,Debit Card,Port Andrea
O003330,C0135,P0073,2025-05-18,2,2645.59,PayPal,South Ryanshire
O003331,C0259,P0080,2025-05-16,2,1084.34,Credit Card,North Markstad
O003332,C0284,P0013,2025-08-19,1,1647.95,PayPal,North Carrie
O003333,C0023,P0079,2026-02-16,1,2126.16,PayPal,Hallview
O003334,C0160,P0060,2025-12-06,5,1259.41,UPI,Kimberlyton
O003335,C0243,P0076,2025-07-22,2,918.52,UPI,New Randystad
O003336,C0297,P0013,2026-02-23,5,2800.07,Debit Card,West Paul
O003337,C0084,P0005,2025-10-07,1,1858.57,UPI,New Kyle
O003338,C0126,P0010,2025-07-20,3,724.69,Debit Card,Singletonfurt
O003339,C0194,P0043,2025-05-21,1,2727.19,PayPal,Gabrielmouth
O003340,C0076,P0057,2025-09-08,1,1119.16,Debit Card,Hessville
O003341,C0034,P0046,2025-12-20,4,2009.21,UPI,West Aaronfort
O003342,C0248,P0051,2025-12-16,4,1958.07,Debit Card,East Andrew
O003343,C0298,P0042,2026-03-15,5,2489.62,UPI,East Tammie
O003344,C0073,P0051,2025-09-10,2,1363.42,UPI,Lake Lisahaven
O003345,C0069,P0046,2026-02-12,4,579.09,PayPal,West Kevinstad
O003346,C0122,P0055,2025-06-03,3,1769.94,UPI,Eugeneport
O003347,C0121,P0009,2025-10-31,1,2180.05,PayPal,Port Richardstad
O003348,C0230,P0072,2026-03-28,1,611.57,Credit Card,South Rachelton
O003349,C0291,P0017,2026-04-14,5,1293.37,Credit Card,New Jenniferside
O003350,C0197,P0016,2025-10-01,4,839.9,Credit Card,Jamesborough
O003351,C0061,P0068,2026-01-22,4,2927.63,UPI,West Dennis
O003352,C0147,P0024,2025-07-04,2,1599.22,PayPal,North Alexander
O003353,C0235,P0023,2025-06-29,5,1024.14,PayPal,North Theresa
O003354,C0241,P0031,2026-04-05,2,792.03,UPI,South Jake
O003355,C0221,P0044,2025-07-17,4,1617.35,Credit Card,North Rebeccamouth
O003356,C0138,P0032,2025-10-19,3,2347.97,Credit Card,South Steve
O003357,C0093,P0007,2025-07-26,2,1361.03,UPI,Rachelhaven
O003358,C0285,P0020,2025-07-25,2,226.32,Debit Card,Campbellmouth
O003359,C0084,P0007,2025-09-26,2,638.03,Debit Card,New Kyle
O003360,C0223,P0078,2026-01-31,3,432.69,Credit Card,New Kayla
O003361,C0067,P0023,2025-05-15,3,2788.83,PayPal,Smithfurt
O003362,C0100,P0075,2026-03-11,1,1634.65,Debit Card,Cantufurt
O003363,C0115,P0077,2026-01-13,4,464.25,Credit Card,Allisonport
O003364,C0057,P0007,2026-05-05,1,2747.41,Credit Card,Port Austin
O003365,C0214,P0034,2026-01-29,5,632.43,PayPal,Gallegosfurt
O003366,C0225,P0078,2025-09-18,2,717.1,Credit Card,Port Heatherview
O003367,C0239,P0062,2025-11-06,1,1691.56,Debit Card,Philipbury
O003368,C0234,P0060,2025-10-31,2,1128.8,UPI,Macdonaldberg
O003369,C0260,P0080,2026-01-11,4,1425.0,Credit Card,Port Anthonystad
O003370,C0209,P0001,2025-05-12,2,1955.65,Credit Card,West Judy
O003371,C0288,P0020,2025-05-11,1,1971.78,Credit Card,Lake Scottborough
O003372,C0123,P0015,2025-11-26,5,571.18,UPI,East Tonyshire
O003373,C0274,P0078,2025-12-22,1,2130.2,Credit Card,Josephberg
O003374,C0077,P0049,2026-01-23,1,1969.51,PayPal,Harringtontown
O003375,C0069,P0044,2026-02-03,4,2454.75,Credit Card,West Kevinstad
O003376,C0048,P0036,2026-02-11,1,608.87,Credit Card,Smithview
O003377,C0070,P0013,2026-03-31,4,314.98,Credit Card,East Mary
O003378,C0095,P0016,2026-04-20,2,899.83,Debit Card,West Lisaberg
O003379,C0001,P0009,2025-12-12,1,1983.16,Debit Card,East Denise
O003380,C0092,P0007,2026-02-26,2,1609.39,PayPal,Ramirezville
O003381,C0265,P0009,2025-09-11,5,1211.32,Debit Card,West Brenda
O003382,C0220,P0024,2026-01-29,3,2796.63,UPI,Riveraport
O003383,C0094,P0058,2026-04-06,1,1881.95,PayPal,Morganmouth
O003384,C0218,P0042,2025-10-19,3,797.85,Debit Card,North Crystal
O003385,C0187,P0041,2026-04-10,3,2913.97,Debit Card,South Tracytown
O003386,C0074,P0055,2026-04-11,2,1836.81,UPI,Port Clayton
O003387,C0233,P0068,2025-09-16,4,2735.62,PayPal,South Jose
O003388,C0066,P0045,2025-08-21,5,1101.93,PayPal,Jimenezberg
O003389,C0085,P0011,2025-05-21,4,1322.93,Debit Card,Delgadofurt
O003390,C0203,P0076,2025-12-31,5,202.47,UPI,Pierceside
O003391,C0151,P0059,2025-09-08,3,2092.11,Debit Card,West Zacharyview
O003392,C0035,P0036,2025-08-01,4,2268.1,PayPal,Theresaberg
O003393,C0243,P0022,2025-05-07,2,2140.52,UPI,New Randystad
O003394,C0271,P0065,2025-07-12,1,255.72,PayPal,Port Patrick
O003395,C0109,P0033,2025-06-23,4,2800.12,Debit Card,Hurleyfort
O003396,C0084,P0079,2026-03-25,3,1796.46,Debit Card,New Kyle
O003397,C0075,P0067,2026-04-16,3,2087.59,Credit Card,Fuentesfurt
O003398,C0108,P0079,2025-09-21,5,943.39,Credit Card,Molinaburgh
O003399,C0243,P0006,2025-08-21,4,1179.38,UPI,New Randystad
O003400,C0285,P0047,2025-07-21,4,606.49,UPI,Campbellmouth
O003401,C0018,P0039,2025-09-28,2,864.87,PayPal,West Troyhaven
O003402,C0080,P0075,2026-02-26,2,1632.15,PayPal,West Katherinebury
O003403,C0295,P0019,2025-11-15,2,1748.03,UPI,Darrylport
O003404,C0198,P0007,2026-02-01,5,373.36,UPI,West Kristen
O003405,C0089,P0002,2025-11-24,5,1315.63,UPI,Taylorburgh
O003406,C0141,P0012,2026-03-29,2,2868.07,PayPal,Farmerburgh
O003407,C0255,P0041,2025-07-20,2,2044.77,Debit Card,Schmidtmouth
O003408,C0147,P0004,2025-07-22,5,2805.02,UPI,North Alexander
O003409,C0018,P0004,2025-10-18,5,2030.92,Debit Card,West Troyhaven
O003410,C0237,P0074,2026-04-01,4,2531.83,PayPal,West Amanda
O003411,C0067,P0010,2025-11-05,5,1406.22,Credit Card,Smithfurt
O003412,C0173,P0055,2026-03-05,1,822.89,UPI,Torresberg
O003413,C0284,P0008,2026-01-08,4,396.73,Credit Card,North Carrie
O003414,C0059,P0026,2025-11-02,2,2150.72,UPI,Lake Stacey
O003415,C0175,P0012,2025-07-18,1,155.83,UPI,North Shannonstad
O003416,C0128,P0078,2026-01-07,4,2333.88,UPI,East Angelaport
O003417,C0178,P0072,2025-09-20,5,2439.0,PayPal,New Sarah
O003418,C0277,P0011,2025-07-27,3,1465.91,Credit Card,Hurleymouth
O003419,C0019,P0075,2025-06-07,5,499.74,UPI,Bakerfurt
O003420,C0271,P0068,2025-11-07,1,918.1,UPI,Port Patrick
O003421,C0113,P0067,2025-08-18,4,2822.04,UPI,North Pamela
O003422,C0003,P0016,2026-04-30,5,1937.08,UPI,Michaelland
O003423,C0013,P0045,2026-04-05,3,1003.44,UPI,New Matthew
O003424,C0076,P0011,2026-04-19,5,43.11,Debit Card,Hessville
O003425,C0035,P0029,2025-08-23,4,1856.08,UPI,Theresaberg
O003426,C0031,P0006,2026-04-01,5,2978.42,Credit Card,East Deannahaven
O003427,C0267,P0061,2025-08-03,5,1832.73,UPI,Lake Hannahborough
O003428,C0150,P0014,2025-06-21,3,2564.61,UPI,North Paulside
O003429,C0128,P0078,2026-01-07,3,1356.05,UPI,East Angelaport
O003430,C0021,P0056,2025-08-05,1,1731.16,Credit Card,Cherylmouth
O003431,C0258,P0051,2025-08-19,1,485.58,Credit Card,South Elizabeth
O003432,C0022,P0044,2025-08-30,3,55.34,Credit Card,South Andrea
O003433,C0247,P0048,2025-12-27,4,2792.84,Credit Card,Lake Jenniferland
O003434,C0275,P0051,2025-06-16,5,2712.55,Credit Card,Greenhaven
O003435,C0158,P0006,2025-08-12,2,1016.28,Credit Card,Alecborough
O003436,C0250,P0060,2026-02-24,2,2063.84,UPI,Kristenton
O003437,C0022,P0020,2026-03-20,1,108.09,Debit Card,South Andrea
O003438,C0062,P0001,2026-03-04,2,490.04,UPI,Carlland
O003439,C0298,P0046,2026-01-27,2,1924.14,PayPal,East Tammie
O003440,C0064,P0046,2025-11-07,1,747.93,UPI,Stephenchester
O003441,C0291,P0026,2026-01-10,5,1365.24,PayPal,New Jenniferside
O003442,C0216,P0040,2025-08-11,5,2832.38,Credit Card,North Mariastad
O003443,C0066,P0072,2025-11-27,5,1737.57,Credit Card,Jimenezberg
O003444,C0156,P0053,2025-10-29,2,986.22,UPI,Millerhaven
O003445,C0207,P0079,2026-04-29,5,599.65,UPI,Castillofurt
O003446,C0106,P0054,2025-07-28,2,774.44,Debit Card,Comptonburgh
O003447,C0101,P0028,2026-03-13,3,622.4,PayPal,Kristenfort
O003448,C0077,P0061,2026-02-21,5,564.46,Debit Card,Harringtontown
O003449,C0167,P0078,2025-07-28,3,1225.73,Credit Card,Geraldbury
O003450,C0011,P0019,2025-12-23,1,1809.56,UPI,Parsonschester
O003451,C0218,P0053,2025-08-12,5,1948.81,Credit Card,North Crystal
O003452,C0137,P0077,2025-06-09,3,1204.51,Debit Card,Wilsonfurt
O003453,C0123,P0001,2026-04-27,4,291.33,Debit Card,East Tonyshire
O003454,C0182,P0038,2025-06-18,4,930.2,PayPal,Laurieborough
O003455,C0290,P0060,2026-05-05,5,2354.18,Credit Card,Christopherfurt
O003456,C0232,P0066,2025-11-24,2,2967.21,Debit Card,East Gary
O003457,C0022,P0009,2025-10-03,3,2477.92,UPI,South Andrea
O003458,C0284,P0078,2026-04-16,4,2903.89,UPI,North Carrie
O003459,C0060,P0058,2025-12-13,2,299.81,UPI,Nguyentown
O003460,C0163,P0072,2025-10-08,1,2899.73,Credit Card,Rachelchester
O003461,C0005,P0061,2025-07-05,5,2765.46,UPI,Laneside
O003462,C0259,P0036,2025-08-11,4,1916.44,PayPal,North Markstad
O003463,C0223,P0077,2025-08-19,5,2120.08,PayPal,New Kayla
O003464,C0210,P0060,2025-06-14,3,2669.36,PayPal,North Shelly
O003465,C0017,P0074,2025-11-07,2,494.76,UPI,New Claudia
O003466,C0241,P0033,2026-03-08,3,710.19,UPI,South Jake
O003467,C0146,P0058,2025-07-29,2,762.07,Debit Card,Velazquezstad
O003468,C0168,P0069,2026-04-23,1,718.97,Credit Card,South Janicefurt
O003469,C0288,P0059,2025-05-10,2,284.36,PayPal,Lake Scottborough
O003470,C0228,P0050,2025-06-21,3,474.49,PayPal,Port Amy
O003471,C0012,P0066,2025-11-18,5,2980.55,UPI,Halltown
O003472,C0118,P0057,2026-03-10,1,2474.26,Credit Card,Tinaside
O003473,C0111,P0069,2026-02-16,3,482.31,Credit Card,Williamshire
O003474,C0186,P0028,2025-08-18,4,501.64,UPI,Arroyofurt
O003475,C0239,P0014,2025-06-25,1,565.12,Credit Card,Philipbury
O003476,C0261,P0016,2025-06-07,4,1247.55,Debit Card,Pattersonland
O003477,C0243,P0018,2026-03-12,2,2288.46,PayPal,New Randystad
O003478,C0261,P0079,2026-03-22,5,1484.69,Debit Card,Pattersonland
O003479,C0152,P0023,2025-12-25,5,2371.75,PayPal,New Jamesfort
O003480,C0232,P0017,2025-07-13,5,503.98,Debit Card,East Gary
O003481,C0095,P0017,2025-09-11,1,2203.92,Credit Card,West Lisaberg
O003482,C0165,P0062,2026-02-15,1,2608.79,Credit Card,Dawnberg
O003483,C0007,P0042,2025-06-22,2,2151.43,Credit Card,East Willie
O003484,C0006,P0004,2026-03-03,2,1314.9,Credit Card,Port Vickie
O003485,C0047,P0015,2026-03-22,4,852.43,Credit Card,Lake Danielville
O003486,C0180,P0064,2026-01-31,3,1405.94,PayPal,Crystalview
O003487,C0126,P0006,2025-09-29,2,2218.89,PayPal,Singletonfurt
O003488,C0266,P0079,2025-09-03,2,566.5,PayPal,Hebertmouth
O003489,C0204,P0020,2026-02-01,2,1615.37,PayPal,Port Elizabethshire
O003490,C0222,P0065,2026-01-18,2,1413.44,Credit Card,Shannonstad
O003491,C0103,P0068,2026-01-19,5,1872.0,Debit Card,Hubbardberg
O003492,C0215,P0019,2025-11-03,4,1496.61,UPI,Graymouth
O003493,C0156,P0078,2026-03-25,2,617.16,PayPal,Millerhaven
O003494,C0230,P0031,2025-05-17,2,630.18,Debit Card,South Rachelton
O003495,C0125,P0010,2026-01-04,1,535.58,Debit Card,Leonardton
O003496,C0001,P0018,2025-10-14,1,1122.48,PayPal,East Denise
O003497,C0232,P0035,2025-12-30,3,2311.59,Debit Card,East Gary
O003498,C0185,P0053,2026-03-25,5,2522.34,PayPal,Vanessaburgh
O003499,C0223,P0018,2025-07-09,5,2560.42,UPI,New Kayla
O003500,C0214,P0028,2025-10-27,5,528.27,Credit Card,Gallegosfurt
O003501,C0145,P0042,2025-09-27,3,1536.25,Debit Card,Jennifertown
O003502,C0242,P0059,2025-10-10,2,481.94,Credit Card,South Garrettborough
O003503,C0258,P0005,2025-07-09,4,1056.78,PayPal,South Elizabeth
O003504,C0021,P0074,2025-07-13,2,2443.84,Debit Card,Cherylmouth
O003505,C0150,P0060,2026-03-13,5,2028.58,Credit Card,North Paulside
O003506,C0160,P0058,2025-09-22,4,464.74,PayPal,Kimberlyton
O003507,C0240,P0037,2026-04-08,2,1954.87,Credit Card,East Timothyport
O003508,C0174,P0035,2026-04-23,3,2789.53,UPI,Romanport
O003509,C0297,P0049,2026-02-16,5,2580.58,Credit Card,West Paul
O003510,C0165,P0076,2026-02-21,4,1939.43,PayPal,Dawnberg
O003511,C0097,P0068,2026-05-03,4,266.4,Debit Card,Brianstad
O003512,C0064,P0037,2025-09-24,1,971.86,PayPal,Stephenchester
O003513,C0107,P0047,2025-06-18,1,492.58,Credit Card,Cannonville
O003514,C0205,P0009,2026-01-23,1,2086.21,UPI,Spencetown
O003515,C0220,P0045,2026-02-11,5,2885.08,PayPal,Riveraport
O003516,C0195,P0078,2025-08-07,1,2288.55,Credit Card,Port Patrickville
O003517,C0251,P0066,2025-09-14,4,2507.03,UPI,Lake Bruce
O003518,C0159,P0073,2026-02-21,4,260.01,PayPal,Mullenburgh
O003519,C0049,P0064,2026-01-23,3,855.34,UPI,West Jasonstad
O003520,C0191,P0016,2026-03-22,5,137.56,Debit Card,Wheelershire
O003521,C0190,P0016,2025-10-12,3,2477.69,Debit Card,New Jennifer
O003522,C0269,P0046,2025-08-05,2,1954.77,UPI,New Michaelland
O003523,C0059,P0007,2025-05-11,1,436.95,Credit Card,Lake Stacey
O003524,C0089,P0034,2025-06-14,2,311.68,Debit Card,Taylorburgh
O003525,C0186,P0058,2025-09-14,4,88.29,UPI,Arroyofurt
O003526,C0199,P0080,2025-06-07,3,2010.49,Debit Card,New Glendahaven
O003527,C0035,P0067,2025-09-21,3,1215.66,PayPal,Theresaberg
O003528,C0237,P0026,2025-12-10,2,378.69,PayPal,West Amanda
O003529,C0084,P0019,2025-07-08,2,1258.83,UPI,New Kyle
O003530,C0182,P0036,2025-08-14,2,1300.36,PayPal,Laurieborough
O003531,C0037,P0067,2026-02-09,2,2168.61,Debit Card,Lake Jeanetteview
O003532,C0021,P0047,2026-01-03,5,953.76,UPI,Cherylmouth
O003533,C0166,P0077,2026-04-28,4,2814.02,UPI,Brittanyberg
O003534,C0177,P0026,2025-08-09,2,1607.1,Debit Card,Stuarthaven
O003535,C0124,P0023,2025-07-03,2,1562.88,Debit Card,New Nathan
O003536,C0009,P0004,2026-03-28,5,527.49,Credit Card,Cynthiachester
O003537,C0267,P0070,2026-01-10,3,1529.54,PayPal,Lake Hannahborough
O003538,C0049,P0057,2026-03-12,5,1748.05,Debit Card,West Jasonstad
O003539,C0053,P0011,2026-03-26,3,2396.93,PayPal,Jenniferburgh
O003540,C0288,P0060,2025-10-24,2,864.73,Credit Card,Lake Scottborough
O003541,C0060,P0039,2025-08-22,5,1822.29,UPI,Nguyentown
O003542,C0154,P0032,2025-12-07,5,1546.41,PayPal,South Susanmouth
O003543,C0148,P0038,2025-07-16,2,1808.76,Credit Card,Lake Megan
O003544,C0172,P0016,2025-06-27,1,2363.68,Debit Card,Williamstad
O003545,C0295,P0050,2025-08-02,4,2746.36,Credit Card,Darrylport
O003546,C0179,P0010,2025-11-17,4,464.5,Credit Card,Amandahaven
O003547,C0288,P0044,2025-12-03,2,2274.04,UPI,Lake Scottborough
O003548,C0098,P0004,2025-11-20,4,2482.39,Credit Card,Chungport
O003549,C0198,P0035,2025-05-11,1,1918.55,Credit Card,West Kristen
O003550,C0144,P0022,2026-04-04,2,1983.24,UPI,South Michelleberg
O003551,C0163,P0041,2026-04-21,2,1911.99,PayPal,Rachelchester
O003552,C0130,P0033,2026-04-24,4,1331.79,UPI,North Phillip
O003553,C0199,P0073,2026-01-05,1,2246.58,Credit Card,New Glendahaven
O003554,C0170,P0003,2025-10-30,2,1786.62,Credit Card,Cartershire
O003555,C0166,P0021,2025-08-12,3,842.18,UPI,Brittanyberg
O003556,C0209,P0060,2026-02-09,5,2109.04,Debit Card,West Judy
O003557,C0097,P0012,2026-04-01,4,1633.15,UPI,Brianstad
O003558,C0286,P0029,2026-03-18,4,2679.63,Credit Card,Martinezberg
O003559,C0078,P0061,2025-11-05,2,2538.99,UPI,West Lisa
O003560,C0043,P0059,2025-05-15,5,1142.18,PayPal,Scottburgh
O003561,C0235,P0037,2025-10-23,4,2413.63,Debit Card,North Theresa
O003562,C0108,P0050,2025-11-08,1,490.39,Credit Card,Molinaburgh
O003563,C0117,P0012,2025-05-10,5,2572.81,Credit Card,East Judithfurt
O003564,C0195,P0067,2026-02-24,2,1450.97,Debit Card,Port Patrickville
O003565,C0018,P0039,2025-10-03,1,597.18,Debit Card,West Troyhaven
O003566,C0107,P0008,2026-02-15,2,1999.99,UPI,Cannonville
O003567,C0269,P0020,2026-02-13,5,1897.94,PayPal,New Michaelland
O003568,C0058,P0054,2025-05-15,2,915.31,Debit Card,Ruiztown
O003569,C0168,P0015,2026-04-19,4,2790.73,Debit Card,South Janicefurt
O003570,C0148,P0020,2026-04-22,2,619.73,UPI,Lake Megan
O003571,C0262,P0007,2025-08-28,4,2035.71,Debit Card,Port Jasonfurt
O003572,C0139,P0044,2026-02-05,3,1463.61,UPI,Chapmanberg
O003573,C0278,P0064,2026-01-25,4,2966.95,PayPal,North Emilyville
O003574,C0289,P0041,2026-04-18,2,313.85,Debit Card,Port Juanside
O003575,C0211,P0021,2026-04-04,1,2097.9,Debit Card,Crystalburgh
O003576,C0257,P0012,2025-06-08,3,1629.47,Credit Card,Erinview
O003577,C0019,P0064,2026-01-02,4,1146.0,Debit Card,Bakerfurt
O003578,C0155,P0072,2025-10-12,1,995.5,Credit Card,Patriciabury
O003579,C0235,P0025,2025-12-25,1,478.28,PayPal,North Theresa
O003580,C0014,P0065,2025-05-24,5,2649.32,PayPal,Lake Robert
O003581,C0255,P0073,2026-04-25,3,1547.96,Credit Card,Schmidtmouth
O003582,C0169,P0068,2026-01-15,4,2411.43,PayPal,Edwardsview
O003583,C0124,P0080,2026-04-10,1,2040.16,Credit Card,New Nathan
O003584,C0298,P0054,2026-04-27,5,44.91,Credit Card,East Tammie
O003585,C0127,P0014,2025-08-27,5,509.36,Credit Card,Deannachester
O003586,C0228,P0078,2025-08-10,1,2538.59,UPI,Port Amy
O003587,C0267,P0044,2025-05-11,1,1524.65,PayPal,Lake Hannahborough
O003588,C0060,P0051,2025-10-06,3,699.59,Credit Card,Nguyentown
O003589,C0066,P0004,2025-10-10,2,922.84,Credit Card,Jimenezberg
O003590,C0267,P0027,2026-01-15,2,2027.1,PayPal,Lake Hannahborough
O003591,C0013,P0033,2026-01-09,5,1289.26,Credit Card,New Matthew
O003592,C0050,P0013,2025-08-18,1,269.63,PayPal,Patriciaton
O003593,C0098,P0018,2025-10-26,1,1212.5,Credit Card,Chungport
O003594,C0138,P0019,2025-10-06,1,2811.12,Credit Card,South Steve
O003595,C0259,P0080,2025-07-10,3,2966.15,Credit Card,North Markstad
O003596,C0068,P0016,2026-02-11,3,2503.17,UPI,West Cory
O003597,C0149,P0033,2025-11-02,5,2549.51,Credit Card,New Allison
O003598,C0026,P0013,2026-01-22,5,2077.87,Debit Card,Lake Alison
O003599,C0022,P0004,2025-09-03,1,1241.61,Debit Card,South Andrea
O003600,C0267,P0017,2025-10-06,2,1639.07,PayPal,Lake Hannahborough
O003601,C0277,P0012,2025-11-06,2,1193.52,UPI,Hurleymouth
O003602,C0039,P0024,2026-02-19,3,538.66,UPI,Port Tracyside
O003603,C0217,P0013,2025-09-24,4,1870.2,PayPal,Bryceside
O003604,C0167,P0002,2025-06-29,5,1664.91,PayPal,Geraldbury
O003605,C0117,P0073,2025-11-06,1,1001.99,Debit Card,East Judithfurt
O003606,C0137,P0030,2025-07-03,1,1083.25,PayPal,Wilsonfurt
O003607,C0104,P0034,2025-05-25,4,1004.2,PayPal,Port Connieview
O003608,C0264,P0066,2025-09-23,2,989.49,UPI,Lake Susanfort
O003609,C0131,P0068,2026-04-08,3,2365.78,UPI,Spencerland
O003610,C0110,P0054,2025-05-22,5,808.31,Credit Card,Allisonview
O003611,C0197,P0030,2026-02-28,2,2532.9,Credit Card,Jamesborough
O003612,C0218,P0051,2026-03-01,2,2328.71,PayPal,North Crystal
O003613,C0072,P0066,2025-07-07,5,2869.83,Credit Card,Mooreborough
O003614,C0294,P0059,2025-11-29,3,1878.14,Credit Card,West Johnhaven
O003615,C0253,P0007,2026-01-14,4,2466.2,Debit Card,Lake Alicialand
O003616,C0070,P0067,2026-02-25,4,1408.81,UPI,East Mary
O003617,C0177,P0017,2025-07-01,2,182.52,Debit Card,Stuarthaven
O003618,C0093,P0079,2026-01-11,4,564.06,Debit Card,Rachelhaven
O003619,C0004,P0064,2026-04-08,1,2211.3,UPI,East Hunterberg
O003620,C0176,P0035,2026-02-07,1,2470.67,UPI,New Marco
O003621,C0286,P0053,2025-05-19,2,2422.55,Debit Card,Martinezberg
O003622,C0239,P0058,2026-02-14,1,2548.62,Credit Card,Philipbury
O003623,C0230,P0070,2026-04-14,4,1002.4,UPI,South Rachelton
O003624,C0034,P0022,2025-11-21,1,2789.4,UPI,West Aaronfort
O003625,C0077,P0051,2025-11-07,2,2987.69,UPI,Harringtontown
O003626,C0220,P0070,2025-12-24,1,2587.87,Debit Card,Riveraport
O003627,C0229,P0003,2025-08-21,5,513.37,Debit Card,Smithview
O003628,C0170,P0074,2026-04-04,4,874.04,PayPal,Cartershire
O003629,C0057,P0057,2026-03-12,5,1838.91,PayPal,Port Austin
O003630,C0101,P0068,2025-07-05,1,2124.13,PayPal,Kristenfort
O003631,C0178,P0049,2025-07-27,2,1822.75,Debit Card,New Sarah
O003632,C0228,P0036,2025-12-05,1,127.68,Credit Card,Port Amy
O003633,C0247,P0038,2025-05-20,5,1633.46,UPI,Lake Jenniferland
O003634,C0237,P0024,2025-07-19,5,203.24,PayPal,West Amanda
O003635,C0276,P0035,2025-10-20,2,1846.52,Credit Card,Lake Jimmy
O003636,C0133,P0029,2025-09-27,4,2359.75,PayPal,Wellsfort
O003637,C0005,P0032,2025-07-16,2,1004.06,Debit Card,Laneside
O003638,C0120,P0077,2026-03-06,2,1460.6,PayPal,Williamsbury
O003639,C0227,P0021,2025-06-10,3,1916.02,Credit Card,Isaacview
O003640,C0099,P0017,2026-04-25,4,1015.72,Credit Card,Robertsonland
O003641,C0245,P0017,2025-09-05,4,1085.93,UPI,Adamsmouth
O003642,C0208,P0044,2026-03-11,3,1107.63,UPI,Zacharyberg
O003643,C0222,P0039,2025-08-13,5,2258.19,UPI,Shannonstad
O003644,C0282,P0025,2026-01-02,5,2211.1,Credit Card,North Jeremy
O003645,C0039,P0051,2025-10-26,1,2032.99,Debit Card,Port Tracyside
O003646,C0003,P0018,2025-11-29,4,2130.94,UPI,Michaelland
O003647,C0244,P0020,2025-08-16,4,258.91,PayPal,Port Laura
O003648,C0065,P0045,2025-06-05,3,1938.95,Debit Card,East Dawnfurt
O003649,C0265,P0001,2025-06-27,3,2619.16,Debit Card,West Brenda
O003650,C0274,P0045,2026-03-25,3,1632.94,UPI,Josephberg
O003651,C0299,P0017,2026-04-22,3,1075.41,Credit Card,Marieland
O003652,C0077,P0019,2025-07-12,5,1293.62,Credit Card,Harringtontown
O003653,C0054,P0041,2026-02-12,5,1114.67,Credit Card,Brianland
O003654,C0074,P0056,2025-12-08,5,617.12,PayPal,Port Clayton
O003655,C0187,P0027,2026-03-07,3,748.67,PayPal,South Tracytown
O003656,C0289,P0016,2025-09-30,1,2916.14,Credit Card,Port Juanside
O003657,C0165,P0057,2025-06-09,4,2720.99,PayPal,Dawnberg
O003658,C0026,P0039,2026-02-14,5,2437.24,UPI,Lake Alison
O003659,C0042,P0051,2026-02-14,5,2152.02,Debit Card,Lewischester
O003660,C0015,P0061,2026-02-06,3,2610.28,PayPal,East Brandon
O003661,C0058,P0069,2025-09-08,3,2321.91,Debit Card,Ruiztown
O003662,C0300,P0065,2025-07-25,4,154.98,Debit Card,North Sarah
O003663,C0294,P0035,2025-09-27,4,719.45,Debit Card,West Johnhaven
O003664,C0193,P0043,2026-03-09,2,303.45,PayPal,Johnathanstad
O003665,C0136,P0025,2026-03-26,5,2233.0,Debit Card,West Jessicabury
O003666,C0135,P0041,2025-09-02,1,1993.79,UPI,South Ryanshire
O003667,C0103,P0030,2026-01-23,4,2551.29,Credit Card,Hubbardberg
O003668,C0001,P0068,2026-03-20,1,183.29,UPI,East Denise
O003669,C0078,P0035,2026-01-20,3,2117.47,UPI,West Lisa
O003670,C0105,P0078,2026-03-01,5,948.78,Debit Card,South Brianastad
O003671,C0091,P0009,2026-04-10,1,2478.98,Debit Card,East Charles
O003672,C0217,P0072,2026-02-26,4,2652.94,Credit Card,Bryceside
O003673,C0034,P0072,2026-03-15,5,675.37,Credit Card,West Aaronfort
O003674,C0068,P0080,2025-09-22,2,961.69,UPI,West Cory
O003675,C0042,P0067,2026-04-19,4,2020.68,PayPal,Lewischester
O003676,C0116,P0078,2025-07-14,5,1083.46,PayPal,New Amandamouth
O003677,C0160,P0026,2025-06-22,4,2149.69,Debit Card,Kimberlyton
O003678,C0226,P0061,2025-08-08,1,2877.9,Credit Card,Theresaview
O003679,C0137,P0025,2026-01-08,2,2674.05,Credit Card,Wilsonfurt
O003680,C0280,P0030,2025-12-07,2,2726.15,PayPal,East Timothychester
O003681,C0058,P0042,2025-06-22,4,415.58,Credit Card,Ruiztown
O003682,C0034,P0021,2026-03-22,3,1498.41,Debit Card,West Aaronfort
O003683,C0044,P0047,2025-08-28,1,180.89,Debit Card,Wardchester
O003684,C0034,P0051,2025-12-13,3,996.59,Debit Card,West Aaronfort
O003685,C0232,P0015,2026-04-11,3,2130.89,Debit Card,East Gary
O003686,C0169,P0069,2026-02-02,3,2156.6,UPI,Edwardsview
O003687,C0022,P0044,2025-08-16,1,1777.71,Credit Card,South Andrea
O003688,C0260,P0010,2026-01-21,4,1265.45,UPI,Port Anthonystad
O003689,C0016,P0015,2026-04-02,2,423.76,Credit Card,New Anthony
O003690,C0086,P0052,2026-03-30,4,497.2,UPI,Melissachester
O003691,C0108,P0035,2026-01-18,2,1931.91,Credit Card,Molinaburgh
O003692,C0093,P0068,2025-05-25,4,1920.88,PayPal,Rachelhaven
O003693,C0142,P0043,2026-04-24,4,248.2,PayPal,South Rebeccamouth
O003694,C0133,P0068,2025-05-10,1,1203.84,Debit Card,Wellsfort
O003695,C0066,P0050,2025-08-18,5,116.3,PayPal,Jimenezberg
O003696,C0170,P0008,2026-04-10,1,1691.22,UPI,Cartershire
O003697,C0243,P0067,2025-12-15,2,1228.46,UPI,New Randystad
O003698,C0004,P0077,2026-02-11,5,417.2,Debit Card,East Hunterberg
O003699,C0041,P0064,2026-05-06,1,2648.34,PayPal,Lake Alishaland
O003700,C0142,P0060,2026-02-25,3,545.64,PayPal,South Rebeccamouth
O003701,C0117,P0076,2025-06-08,4,2944.09,Debit Card,East Judithfurt
O003702,C0291,P0009,2025-06-10,2,2136.87,Credit Card,New Jenniferside
O003703,C0161,P0053,2025-12-11,1,2158.25,Credit Card,North Karen
O003704,C0119,P0078,2026-03-19,4,607.9,UPI,Grayfort
O003705,C0229,P0013,2025-08-18,1,2033.66,Debit Card,Smithview
O003706,C0280,P0056,2026-02-04,1,2721.35,Debit Card,East Timothychester
O003707,C0202,P0018,2026-04-12,4,1766.4,Credit Card,Ronaldland
O003708,C0153,P0015,2026-02-23,4,1505.19,PayPal,Lake Jesus
O003709,C0172,P0066,2026-01-30,4,1388.27,Debit Card,Williamstad
O003710,C0097,P0070,2025-12-26,2,213.34,Debit Card,Brianstad
O003711,C0138,P0036,2025-05-17,5,2259.29,Credit Card,South Steve
O003712,C0200,P0056,2026-01-12,1,2950.58,PayPal,Grayfort
O003713,C0190,P0003,2025-06-12,1,359.49,PayPal,New Jennifer
O003714,C0165,P0038,2026-02-09,3,204.66,Credit Card,Dawnberg
O003715,C0300,P0046,2025-07-02,3,566.62,Credit Card,North Sarah
O003716,C0158,P0057,2025-08-12,4,2876.09,Debit Card,Alecborough
O003717,C0277,P0052,2026-03-09,2,1953.28,Debit Card,Hurleymouth
O003718,C0103,P0072,2025-09-14,4,2573.12,PayPal,Hubbardberg
O003719,C0033,P0042,2025-06-19,4,2518.51,PayPal,New Christianshire
O003720,C0090,P0017,2025-10-17,3,2665.91,Debit Card,New Nathan
O003721,C0243,P0022,2025-05-18,2,2078.38,Debit Card,New Randystad
O003722,C0113,P0005,2026-01-11,1,718.21,Debit Card,North Pamela
O003723,C0179,P0078,2025-08-08,4,1660.68,PayPal,Amandahaven
O003724,C0088,P0020,2025-05-17,1,2392.68,PayPal,North Michaelview
O003725,C0101,P0041,2025-08-22,3,2178.4,PayPal,Kristenfort
O003726,C0250,P0034,2025-12-19,5,925.77,UPI,Kristenton
O003727,C0103,P0057,2025-05-09,3,2248.45,Debit Card,Hubbardberg
O003728,C0211,P0072,2025-11-07,5,1969.53,Debit Card,Crystalburgh
O003729,C0025,P0046,2025-09-12,3,1806.85,PayPal,Port Anthonychester
O003730,C0097,P0018,2025-11-28,3,1385.77,Debit Card,Brianstad
O003731,C0099,P0035,2025-05-07,4,215.46,UPI,Robertsonland
O003732,C0131,P0043,2026-01-05,1,603.79,Credit Card,Spencerland
O003733,C0279,P0024,2026-01-15,2,2823.23,UPI,Juanchester
O003734,C0046,P0028,2026-05-01,1,908.74,PayPal,Lake Matthew
O003735,C0240,P0071,2025-12-29,1,803.21,PayPal,East Timothyport
O003736,C0072,P0004,2025-05-22,1,2687.91,PayPal,Mooreborough
O003737,C0181,P0058,2025-05-17,3,1256.6,Debit Card,Lake Ryan
O003738,C0107,P0055,2025-07-10,1,2261.31,Debit Card,Cannonville
O003739,C0152,P0004,2026-01-28,4,994.91,PayPal,New Jamesfort
O003740,C0134,P0053,2026-01-18,2,765.32,PayPal,East Sethmouth
O003741,C0175,P0027,2026-01-23,4,1097.6,Credit Card,North Shannonstad
O003742,C0164,P0023,2025-08-17,5,1568.48,UPI,East Sarahview
O003743,C0059,P0045,2025-05-24,1,1679.24,PayPal,Lake Stacey
O003744,C0048,P0030,2026-01-14,2,1132.95,PayPal,Smithview
O003745,C0252,P0010,2026-02-14,3,1674.93,PayPal,North Veronicaside
O003746,C0162,P0069,2026-01-12,5,29.64,UPI,Nelsonview
O003747,C0008,P0060,2025-07-20,1,1120.72,UPI,West Ryantown
O003748,C0118,P0078,2026-03-17,5,2699.73,Debit Card,Tinaside
O003749,C0065,P0063,2025-07-13,1,1128.2,Credit Card,East Dawnfurt
O003750,C0192,P0073,2026-01-18,4,2239.26,Debit Card,Phillipsport
O003751,C0213,P0037,2025-07-27,3,1552.53,Debit Card,Millerhaven
O003752,C0229,P0020,2026-02-27,1,1551.67,Credit Card,Smithview
O003753,C0195,P0026,2026-03-13,1,1950.12,Debit Card,Port Patrickville
O003754,C0030,P0059,2026-03-11,5,1864.12,UPI,Lake Timothy
O003755,C0099,P0024,2025-10-01,4,2566.43,UPI,Robertsonland
O003756,C0268,P0079,2025-11-08,1,2523.28,Debit Card,Maldonadoview
O003757,C0110,P0045,2025-07-23,3,1056.14,PayPal,Allisonview
O003758,C0018,P0027,2026-02-28,2,2869.43,Debit Card,West Troyhaven
O003759,C0032,P0065,2026-03-16,3,1218.53,Debit Card,West Michelleside
O003760,C0110,P0038,2025-08-18,1,1485.94,Debit Card,Allisonview
O003761,C0048,P0062,2025-05-24,5,1378.72,PayPal,Smithview
O003762,C0224,P0052,2026-04-07,1,2019.41,UPI,West Michelleland
O003763,C0238,P0040,2025-11-23,4,354.04,PayPal,South Susanborough
O003764,C0264,P0062,2026-02-11,3,2951.82,PayPal,Lake Susanfort
O003765,C0149,P0008,2025-05-14,1,886.97,Debit Card,New Allison
O003766,C0133,P0013,2025-08-04,1,1492.22,Credit Card,Wellsfort
O003767,C0242,P0034,2025-10-26,4,1840.15,Debit Card,South Garrettborough
O003768,C0275,P0076,2026-01-24,5,2713.51,UPI,Greenhaven
O003769,C0149,P0035,2026-02-07,4,1321.82,UPI,New Allison
O003770,C0204,P0062,2026-01-05,3,780.09,Credit Card,Port Elizabethshire
O003771,C0098,P0080,2025-07-27,4,1351.23,Credit Card,Chungport
O003772,C0058,P0009,2025-10-28,3,1319.65,Debit Card,Ruiztown
O003773,C0178,P0063,2025-07-16,3,2643.25,PayPal,New Sarah
O003774,C0041,P0046,2025-12-31,4,2882.84,Debit Card,Lake Alishaland
O003775,C0292,P0006,2026-01-19,3,925.7,Credit Card,Port Wesleyshire
O003776,C0119,P0052,2025-06-14,5,1731.35,UPI,Grayfort
O003777,C0259,P0017,2025-07-15,1,1844.31,UPI,North Markstad
O003778,C0261,P0030,2025-09-01,3,1798.13,UPI,Pattersonland
O003779,C0156,P0074,2025-12-13,3,1737.44,PayPal,Millerhaven
O003780,C0265,P0028,2025-11-08,5,563.77,Debit Card,West Brenda
O003781,C0027,P0004,2025-05-20,2,1890.9,PayPal,New Andre
O003782,C0293,P0044,2025-10-10,1,1974.6,PayPal,New Aaronfort
O003783,C0201,P0053,2025-11-26,5,1999.04,Debit Card,East Crystal
O003784,C0172,P0059,2026-01-20,4,1587.69,UPI,Williamstad
O003785,C0290,P0048,2025-12-21,5,1665.81,PayPal,Christopherfurt
O003786,C0282,P0015,2026-04-04,1,1259.02,PayPal,North Jeremy
O003787,C0194,P0007,2025-11-15,3,2907.61,Credit Card,Gabrielmouth
O003788,C0192,P0036,2025-10-03,3,1989.9,UPI,Phillipsport
O003789,C0191,P0069,2025-11-23,3,2171.42,Debit Card,Wheelershire
O003790,C0092,P0034,2026-03-23,1,1047.31,PayPal,Ramirezville
O003791,C0275,P0037,2025-10-18,3,2732.67,PayPal,Greenhaven
O003792,C0119,P0025,2026-01-01,4,916.01,PayPal,Grayfort
O003793,C0268,P0017,2026-03-21,2,1768.98,PayPal,Maldonadoview
O003794,C0199,P0012,2025-11-25,5,1610.79,Credit Card,New Glendahaven
O003795,C0035,P0026,2025-05-24,2,229.09,PayPal,Theresaberg
O003796,C0029,P0048,2025-11-25,5,1934.08,Debit Card,Michaelview
O003797,C0210,P0034,2025-05-19,1,2796.22,Credit Card,North Shelly
O003798,C0092,P0037,2025-10-30,4,1653.17,Credit Card,Ramirezville
O003799,C0209,P0041,2025-05-21,1,303.56,UPI,West Judy
O003800,C0300,P0034,2026-04-15,4,2254.14,PayPal,North Sarah
O003801,C0099,P0034,2025-07-21,2,1187.04,Credit Card,Robertsonland
O003802,C0213,P0041,2025-10-17,4,2877.5,Debit Card,Millerhaven
O003803,C0180,P0026,2025-06-12,2,655.84,Debit Card,Crystalview
O003804,C0235,P0078,2025-11-25,1,349.25,PayPal,North Theresa
O003805,C0085,P0030,2025-10-29,5,1866.05,Credit Card,Delgadofurt
O003806,C0234,P0051,2025-11-25,5,399.65,Debit Card,Macdonaldberg
O003807,C0245,P0065,2025-10-30,1,854.43,Debit Card,Adamsmouth
O003808,C0078,P0008,2025-10-22,4,1191.79,UPI,West Lisa
O003809,C0048,P0008,2025-09-19,3,2891.77,PayPal,Smithview
O003810,C0242,P0063,2026-01-04,5,2813.19,PayPal,South Garrettborough
O003811,C0241,P0015,2025-06-10,1,1982.2,Debit Card,South Jake
O003812,C0300,P0015,2025-10-02,3,578.56,PayPal,North Sarah
O003813,C0289,P0061,2025-08-18,1,2576.28,UPI,Port Juanside
O003814,C0226,P0032,2025-08-25,1,74.74,UPI,Theresaview
O003815,C0266,P0058,2025-09-30,4,1349.61,Credit Card,Hebertmouth
O003816,C0284,P0041,2025-10-19,2,2077.2,UPI,North Carrie
O003817,C0230,P0070,2025-07-28,1,365.11,UPI,South Rachelton
O003818,C0165,P0064,2025-10-24,3,2124.69,PayPal,Dawnberg
O003819,C0120,P0014,2025-12-06,5,913.11,Credit Card,Williamsbury
O003820,C0258,P0029,2025-09-30,2,2134.24,Debit Card,South Elizabeth
O003821,C0217,P0078,2026-04-21,2,2653.72,Debit Card,Bryceside
O003822,C0202,P0058,2025-10-10,4,2668.58,UPI,Ronaldland
O003823,C0195,P0073,2025-12-17,1,2179.76,PayPal,Port Patrickville
O003824,C0155,P0048,2025-08-07,2,989.55,Credit Card,Patriciabury
O003825,C0061,P0012,2025-08-04,5,1445.53,PayPal,West Dennis
O003826,C0070,P0061,2025-06-17,4,2619.44,Debit Card,East Mary
O003827,C0048,P0039,2025-12-27,5,2942.69,Credit Card,Smithview
O003828,C0290,P0029,2025-10-17,4,1146.64,Debit Card,Christopherfurt
O003829,C0258,P0004,2025-07-18,2,2427.55,PayPal,South Elizabeth
O003830,C0224,P0005,2026-04-26,3,746.08,Debit Card,West Michelleland
O003831,C0040,P0013,2026-03-07,4,2367.63,Debit Card,North Jacqueline
O003832,C0186,P0059,2026-02-11,5,1343.96,Debit Card,Arroyofurt
O003833,C0126,P0016,2025-10-09,5,1085.65,PayPal,Singletonfurt
O003834,C0114,P0034,2025-12-20,3,2020.02,Credit Card,Port Michaelbury
O003835,C0142,P0076,2025-09-22,4,1718.67,UPI,South Rebeccamouth
O003836,C0071,P0018,2025-09-09,3,742.1,PayPal,Jennifershire
O003837,C0020,P0050,2025-09-22,2,2632.2,PayPal,Port Juan
O003838,C0194,P0072,2026-02-01,4,1386.58,UPI,Gabrielmouth
O003839,C0169,P0037,2025-12-15,4,1666.75,Credit Card,Edwardsview
O003840,C0201,P0058,2025-10-21,4,509.66,Debit Card,East Crystal
O003841,C0261,P0040,2025-09-26,5,1166.78,Credit Card,Pattersonland
O003842,C0149,P0031,2025-05-11,2,1834.06,UPI,New Allison
O003843,C0077,P0067,2025-09-22,4,1338.18,UPI,Harringtontown
O003844,C0300,P0048,2025-09-02,1,1181.81,PayPal,North Sarah
O003845,C0162,P0026,2026-04-22,3,2723.21,UPI,Nelsonview
O003846,C0090,P0060,2025-09-14,2,1947.94,PayPal,New Nathan
O003847,C0128,P0026,2026-04-25,5,2833.51,UPI,East Angelaport
O003848,C0236,P0032,2025-09-02,2,1219.82,UPI,Robinport
O003849,C0289,P0071,2026-05-04,5,456.31,UPI,Port Juanside
O003850,C0044,P0032,2025-08-14,2,631.84,Credit Card,Wardchester
O003851,C0298,P0066,2025-12-16,5,2724.96,PayPal,East Tammie
O003852,C0032,P0077,2026-01-29,1,306.5,Credit Card,West Michelleside
O003853,C0013,P0044,2025-07-25,1,1629.96,UPI,New Matthew
O003854,C0162,P0070,2025-10-22,4,994.2,PayPal,Nelsonview
O003855,C0126,P0027,2026-04-14,3,2149.27,Debit Card,Singletonfurt
O003856,C0256,P0055,2025-10-07,3,1874.17,Debit Card,Johnsonfort
O003857,C0028,P0049,2025-08-07,5,1162.44,PayPal,East Kristen
O003858,C0203,P0060,2025-11-22,4,2714.31,Debit Card,Pierceside
O003859,C0154,P0069,2025-07-14,4,1088.1,Credit Card,South Susanmouth
O003860,C0046,P0013,2025-10-04,2,2564.47,UPI,Lake Matthew
O003861,C0029,P0054,2025-11-14,3,2111.76,Credit Card,Michaelview
O003862,C0220,P0001,2025-11-18,1,129.11,Debit Card,Riveraport
O003863,C0160,P0011,2025-08-28,2,520.67,PayPal,Kimberlyton
O003864,C0214,P0058,2025-12-04,2,2044.48,Debit Card,Gallegosfurt
O003865,C0113,P0015,2026-03-06,5,2555.21,Credit Card,North Pamela
O003866,C0005,P0001,2025-10-21,5,1348.14,PayPal,Laneside
O003867,C0260,P0044,2025-07-11,4,2749.5,Credit Card,Port Anthonystad
O003868,C0122,P0047,2025-11-01,3,1575.59,UPI,Eugeneport
O003869,C0252,P0042,2025-09-07,2,2163.05,Credit Card,North Veronicaside
O003870,C0252,P0001,2025-10-24,3,421.14,Credit Card,North Veronicaside
O003871,C0005,P0018,2025-09-28,5,457.55,PayPal,Laneside
O003872,C0011,P0048,2025-10-30,4,1637.54,Debit Card,Parsonschester
O003873,C0186,P0046,2026-03-17,3,783.61,Debit Card,Arroyofurt
O003874,C0275,P0020,2025-08-07,3,338.0,Debit Card,Greenhaven
O003875,C0071,P0006,2025-05-30,2,2969.45,Credit Card,Jennifershire
O003876,C0159,P0063,2025-08-27,3,2156.02,Credit Card,Mullenburgh
O003877,C0062,P0075,2026-01-20,5,2889.71,Debit Card,Carlland
O003878,C0073,P0037,2025-06-02,2,339.38,Debit Card,Lake Lisahaven
O003879,C0043,P0047,2025-10-09,4,715.2,Credit Card,Scottburgh
O003880,C0246,P0003,2025-05-20,2,2839.74,Debit Card,Lake Jason
O003881,C0187,P0006,2025-09-23,3,110.73,UPI,South Tracytown
O003882,C0159,P0011,2025-12-29,2,659.1,UPI,Mullenburgh
O003883,C0251,P0037,2026-01-14,1,2521.48,PayPal,Lake Bruce
O003884,C0085,P0072,2025-06-15,1,2064.21,Debit Card,Delgadofurt
O003885,C0112,P0009,2025-11-20,2,1808.74,UPI,South Jennifer
O003886,C0277,P0070,2025-08-25,5,2936.3,Debit Card,Hurleymouth
O003887,C0104,P0043,2026-03-18,2,805.52,UPI,Port Connieview
O003888,C0273,P0011,2025-10-01,1,36.05,Credit Card,Watersside
O003889,C0112,P0073,2025-10-26,1,883.94,Credit Card,South Jennifer
O003890,C0246,P0002,2025-12-24,5,2297.06,UPI,Lake Jason
O003891,C0222,P0022,2026-01-04,2,1568.72,UPI,Shannonstad
O003892,C0127,P0040,2026-04-07,5,67.67,UPI,Deannachester
O003893,C0104,P0005,2025-09-21,2,1292.96,PayPal,Port Connieview
O003894,C0287,P0055,2025-08-02,3,2183.54,PayPal,Kevinland
O003895,C0140,P0023,2026-04-30,2,2944.04,PayPal,New Matthew
O003896,C0138,P0073,2026-02-28,1,469.93,Credit Card,South Steve
O003897,C0266,P0037,2025-05-16,2,375.93,Credit Card,Hebertmouth
O003898,C0190,P0014,2025-12-06,5,1006.62,Debit Card,New Jennifer
O003899,C0182,P0022,2025-10-04,4,1532.23,UPI,Laurieborough
O003900,C0057,P0025,2025-11-27,5,1062.55,Credit Card,Port Austin
O003901,C0218,P0025,2025-12-15,5,1650.53,Credit Card,North Crystal
O003902,C0083,P0064,2025-07-09,2,2308.7,UPI,East Juliaport
O003903,C0149,P0006,2026-04-14,2,1634.65,PayPal,New Allison
O003904,C0229,P0026,2025-06-22,4,2543.43,PayPal,Smithview
O003905,C0297,P0046,2026-01-23,4,2316.9,Debit Card,West Paul
O003906,C0217,P0020,2025-12-04,5,616.43,Credit Card,Bryceside
O003907,C0006,P0035,2025-12-30,3,2643.73,Credit Card,Port Vickie
O003908,C0018,P0055,2025-10-23,3,1674.41,PayPal,West Troyhaven
O003909,C0150,P0006,2026-04-21,1,855.05,Credit Card,North Paulside
O003910,C0060,P0037,2025-07-04,1,2963.96,Credit Card,Nguyentown
O003911,C0210,P0063,2026-04-01,3,2795.69,UPI,North Shelly
O003912,C0112,P0052,2025-09-27,5,946.74,Credit Card,South Jennifer
O003913,C0151,P0036,2026-04-27,5,1468.11,Credit Card,West Zacharyview
O003914,C0024,P0070,2025-08-23,5,800.46,PayPal,New Ashley
O003915,C0102,P0076,2025-12-31,5,254.61,PayPal,Allenville
O003916,C0256,P0012,2025-10-17,4,2714.48,PayPal,Johnsonfort
O003917,C0149,P0025,2025-12-03,3,1580.55,Credit Card,New Allison
O003918,C0047,P0043,2026-03-14,1,2392.64,Credit Card,Lake Danielville
O003919,C0181,P0025,2025-06-08,2,1239.0,UPI,Lake Ryan
O003920,C0110,P0022,2025-08-04,5,1208.07,Credit Card,Allisonview
O003921,C0050,P0008,2025-07-30,4,150.48,PayPal,Patriciaton
O003922,C0156,P0055,2026-05-05,3,321.52,PayPal,Millerhaven
O003923,C0224,P0074,2025-05-10,2,503.46,Credit Card,West Michelleland
O003924,C0084,P0079,2026-02-24,3,2530.72,Debit Card,New Kyle
O003925,C0146,P0014,2025-09-07,1,1884.22,Debit Card,Velazquezstad
O003926,C0213,P0046,2026-04-10,2,1751.11,Credit Card,Millerhaven
O003927,C0038,P0073,2025-08-03,5,1203.04,UPI,Bellville
O003928,C0061,P0036,2025-11-07,5,1389.33,PayPal,West Dennis
O003929,C0256,P0070,2025-12-12,4,2997.43,Debit Card,Johnsonfort
O003930,C0016,P0011,2026-01-13,3,1182.08,PayPal,New Anthony
O003931,C0264,P0075,2025-12-22,3,1728.76,Credit Card,Lake Susanfort
O003932,C0074,P0062,2026-01-19,2,2870.84,Credit Card,Port Clayton
O003933,C0212,P0055,2025-12-18,3,974.83,PayPal,Ortegaton
O003934,C0019,P0022,2026-02-23,4,2952.87,UPI,Bakerfurt
O003935,C0123,P0024,2025-09-24,5,2879.44,Debit Card,East Tonyshire
O003936,C0165,P0060,2025-12-31,1,2242.79,Debit Card,Dawnberg
O003937,C0234,P0063,2025-10-12,2,767.73,UPI,Macdonaldberg
O003938,C0172,P0005,2025-05-13,5,595.59,UPI,Williamstad
O003939,C0274,P0046,2025-07-14,2,2015.75,Credit Card,Josephberg
O003940,C0254,P0062,2025-10-04,2,684.24,PayPal,Hillshire
O003941,C0046,P0009,2025-05-20,5,1356.97,UPI,Lake Matthew
O003942,C0154,P0018,2025-06-16,5,1944.39,PayPal,South Susanmouth
O003943,C0084,P0014,2025-06-09,3,2621.26,Debit Card,New Kyle
O003944,C0200,P0019,2025-08-19,3,837.26,UPI,Grayfort
O003945,C0044,P0036,2025-06-21,4,1027.78,UPI,Wardchester
O003946,C0063,P0056,2026-05-05,2,1845.28,UPI,East Troy
O003947,C0071,P0061,2025-07-13,3,565.14,Credit Card,Jennifershire
O003948,C0222,P0053,2025-06-26,3,2286.7,PayPal,Shannonstad
O003949,C0088,P0016,2025-07-08,3,739.92,PayPal,North Michaelview
O003950,C0077,P0074,2025-05-19,4,1729.49,Debit Card,Harringtontown
O003951,C0152,P0044,2025-11-23,3,2148.82,Debit Card,New Jamesfort
O003952,C0195,P0078,2026-04-23,5,2122.07,Debit Card,Port Patrickville
O003953,C0116,P0014,2025-05-13,5,1919.27,Credit Card,New Amandamouth
O003954,C0123,P0067,2026-04-12,5,1488.89,Debit Card,East Tonyshire
O003955,C0211,P0053,2025-11-13,5,1671.7,UPI,Crystalburgh
O003956,C0204,P0039,2025-11-04,5,1193.11,PayPal,Port Elizabethshire
O003957,C0093,P0004,2025-09-24,1,2842.7,UPI,Rachelhaven
O003958,C0160,P0009,2026-01-28,1,649.21,PayPal,Kimberlyton
O003959,C0114,P0027,2025-11-08,3,2086.04,UPI,Port Michaelbury
O003960,C0196,P0018,2026-01-06,2,1884.97,UPI,Port Andrea
O003961,C0236,P0011,2025-09-25,4,2643.74,UPI,Robinport
O003962,C0162,P0037,2025-06-07,5,2874.34,PayPal,Nelsonview
O003963,C0214,P0068,2025-09-11,5,1692.16,UPI,Gallegosfurt
O003964,C0169,P0075,2026-03-12,4,821.12,Credit Card,Edwardsview
O003965,C0171,P0038,2025-12-01,1,604.23,Credit Card,West Kimberly
O003966,C0225,P0075,2025-11-30,5,1337.48,Debit Card,Port Heatherview
O003967,C0208,P0019,2025-12-09,4,2742.87,PayPal,Zacharyberg
O003968,C0060,P0041,2025-10-10,3,1827.01,PayPal,Nguyentown
O003969,C0168,P0061,2026-01-31,1,849.72,PayPal,South Janicefurt
O003970,C0012,P0018,2025-11-25,2,373.97,UPI,Halltown
O003971,C0211,P0012,2025-07-02,1,2141.82,Credit Card,Crystalburgh
O003972,C0212,P0002,2025-09-30,5,765.73,Debit Card,Ortegaton
O003973,C0221,P0038,2026-01-16,2,2214.24,UPI,North Rebeccamouth
O003974,C0013,P0058,2025-07-29,1,1209.3,PayPal,New Matthew
O003975,C0172,P0077,2025-07-04,1,2172.9,UPI,Williamstad
O003976,C0225,P0008,2025-11-25,1,181.44,PayPal,Port Heatherview
O003977,C0009,P0060,2025-09-26,1,1712.13,Credit Card,Cynthiachester
O003978,C0257,P0010,2025-12-10,1,1349.7,Credit Card,Erinview
O003979,C0051,P0004,2025-11-30,3,106.13,Debit Card,Brianport
O003980,C0230,P0001,2025-10-20,1,1322.63,UPI,South Rachelton
O003981,C0031,P0063,2026-02-21,2,1789.09,Debit Card,East Deannahaven
O003982,C0065,P0057,2026-01-18,2,1591.76,PayPal,East Dawnfurt
O003983,C0110,P0040,2026-03-22,1,2981.07,Credit Card,Allisonview
O003984,C0223,P0072,2025-09-02,5,1454.01,UPI,New Kayla
O003985,C0276,P0022,2026-02-28,4,414.53,Debit Card,Lake Jimmy
O003986,C0023,P0043,2026-05-07,5,1666.71,UPI,Hallview
O003987,C0155,P0011,2026-04-23,5,329.79,UPI,Patriciabury
O003988,C0078,P0044,2025-12-06,3,92.68,PayPal,West Lisa
O003989,C0186,P0007,2026-03-01,2,1199.02,UPI,Arroyofurt
O003990,C0003,P0036,2025-10-18,2,874.39,Debit Card,Michaelland
O003991,C0136,P0010,2026-04-22,3,2515.7,Debit Card,West Jessicabury
O003992,C0146,P0068,2025-09-27,4,291.47,PayPal,Velazquezstad
O003993,C0051,P0041,2025-11-12,5,165.46,Debit Card,Brianport
O003994,C0289,P0033,2026-03-29,5,2828.21,Debit Card,Port Juanside
O003995,C0103,P0047,2025-07-23,5,2340.9,PayPal,Hubbardberg
O003996,C0020,P0032,2025-11-10,1,32.83,Debit Card,Port Juan
O003997,C0036,P0048,2026-01-09,1,1129.78,UPI,West Bryan
O003998,C0269,P0032,2026-03-02,5,534.87,Debit Card,New Michaelland
O003999,C0052,P0021,2026-01-24,3,1216.83,Debit Card,Racheltown
O004000,C0251,P0023,2025-07-14,1,784.8,Debit Card,Lake Bruce
O004001,C0215,P0036,2025-09-18,5,321.29,Debit Card,Graymouth
O004002,C0082,P0026,2026-03-13,1,2624.98,PayPal,South Eric
O004003,C0221,P0058,2025-06-01,5,1703.82,PayPal,North Rebeccamouth
O004004,C0175,P0042,2025-12-01,3,530.21,Debit Card,North Shannonstad
O004005,C0171,P0003,2026-01-09,3,910.28,PayPal,West Kimberly
O004006,C0289,P0022,2025-06-20,4,1484.49,UPI,Port Juanside
O004007,C0168,P0012,2026-04-24,1,402.98,PayPal,South Janicefurt
O004008,C0092,P0060,2025-09-30,3,1826.54,PayPal,Ramirezville
O004009,C0299,P0073,2026-04-24,2,2685.9,UPI,Marieland
O004010,C0104,P0064,2026-02-26,4,268.31,Debit Card,Port Connieview
O004011,C0134,P0031,2026-03-02,4,72.79,Debit Card,East Sethmouth
O004012,C0244,P0069,2026-03-12,5,591.28,Credit Card,Port Laura
O004013,C0178,P0056,2025-05-13,2,845.14,UPI,New Sarah
O004014,C0056,P0055,2025-10-15,4,345.26,Credit Card,South Ebonybury
O004015,C0194,P0031,2025-12-04,3,2957.61,UPI,Gabrielmouth
O004016,C0166,P0041,2026-04-06,3,1834.31,Debit Card,Brittanyberg
O004017,C0013,P0048,2025-06-19,1,660.3,PayPal,New Matthew
O004018,C0124,P0055,2025-05-30,4,1486.31,Debit Card,New Nathan
O004019,C0170,P0032,2025-07-17,1,2697.98,UPI,Cartershire
O004020,C0282,P0066,2026-04-14,1,1779.29,Credit Card,North Jeremy
O004021,C0027,P0055,2026-04-23,4,2288.84,UPI,New Andre
O004022,C0084,P0057,2025-06-14,3,930.37,UPI,New Kyle
O004023,C0255,P0045,2026-02-21,4,2476.2,PayPal,Schmidtmouth
O004024,C0142,P0079,2026-02-06,2,1711.43,PayPal,South Rebeccamouth
O004025,C0121,P0020,2026-03-07,5,199.86,PayPal,Port Richardstad
O004026,C0035,P0032,2026-05-06,5,1587.21,PayPal,Theresaberg
O004027,C0044,P0057,2025-05-30,1,1090.78,UPI,Wardchester
O004028,C0245,P0021,2026-03-15,1,2054.78,UPI,Adamsmouth
O004029,C0231,P0051,2025-07-03,2,1557.57,Credit Card,Matthewport
O004030,C0229,P0019,2026-04-09,1,1776.54,PayPal,Smithview
O004031,C0126,P0066,2026-04-09,5,2182.94,Debit Card,Singletonfurt
O004032,C0090,P0059,2026-03-03,2,575.97,UPI,New Nathan
O004033,C0134,P0060,2025-10-06,5,1411.9,PayPal,East Sethmouth
O004034,C0286,P0070,2025-10-20,5,843.04,Debit Card,Martinezberg
O004035,C0289,P0056,2025-11-09,2,527.17,UPI,Port Juanside
O004036,C0134,P0080,2026-03-29,1,2052.69,Debit Card,East Sethmouth
O004037,C0099,P0035,2025-09-21,2,654.23,Credit Card,Robertsonland
O004038,C0202,P0058,2025-11-25,1,1590.66,Debit Card,Ronaldland
O004039,C0017,P0031,2025-09-07,1,2900.78,PayPal,New Claudia
O004040,C0091,P0065,2025-09-18,2,921.61,Debit Card,East Charles
O004041,C0288,P0074,2025-08-02,3,856.45,PayPal,Lake Scottborough
O004042,C0049,P0047,2026-01-24,3,437.5,PayPal,West Jasonstad
O004043,C0243,P0077,2026-04-27,5,1225.15,PayPal,New Randystad
O004044,C0021,P0042,2026-02-18,5,2136.95,Debit Card,Cherylmouth
O004045,C0154,P0031,2025-06-03,3,2712.37,PayPal,South Susanmouth
O004046,C0202,P0034,2026-02-16,4,1695.57,Credit Card,Ronaldland
O004047,C0141,P0027,2025-05-07,4,220.63,Debit Card,Farmerburgh
O004048,C0207,P0019,2025-07-18,5,1765.68,Credit Card,Castillofurt
O004049,C0298,P0078,2025-08-22,1,116.51,PayPal,East Tammie
O004050,C0249,P0011,2026-04-30,2,761.22,Credit Card,Madelineberg
O004051,C0032,P0067,2026-02-21,4,623.21,PayPal,West Michelleside
O004052,C0204,P0037,2026-04-07,1,827.48,PayPal,Port Elizabethshire
O004053,C0207,P0077,2026-05-07,3,1104.93,Debit Card,Castillofurt
O004054,C0077,P0025,2025-12-14,4,2589.71,Credit Card,Harringtontown
O004055,C0058,P0002,2025-06-27,4,1796.7,Credit Card,Ruiztown
O004056,C0050,P0032,2026-01-13,3,1904.35,PayPal,Patriciaton
O004057,C0093,P0042,2026-03-03,2,24.08,PayPal,Rachelhaven
O004058,C0289,P0047,2025-12-18,5,2447.67,Credit Card,Port Juanside
O004059,C0223,P0058,2025-05-14,3,2430.68,UPI,New Kayla
O004060,C0138,P0070,2025-07-02,1,1653.99,Debit Card,South Steve
O004061,C0134,P0026,2026-02-16,4,538.57,UPI,East Sethmouth
O004062,C0181,P0053,2025-09-21,1,2277.32,PayPal,Lake Ryan
O004063,C0110,P0069,2026-01-08,5,754.26,Credit Card,Allisonview
O004064,C0275,P0077,2026-04-05,5,785.75,UPI,Greenhaven
O004065,C0211,P0079,2025-11-01,5,981.05,PayPal,Crystalburgh
O004066,C0202,P0030,2026-03-07,2,1317.08,Debit Card,Ronaldland
O004067,C0129,P0019,2026-05-02,5,2059.85,Debit Card,East Julia
O004068,C0203,P0020,2026-04-11,5,2296.31,PayPal,Pierceside
O004069,C0192,P0065,2025-08-31,5,1791.11,UPI,Phillipsport
O004070,C0211,P0071,2025-11-23,2,705.74,Debit Card,Crystalburgh
O004071,C0209,P0032,2025-10-16,3,246.75,PayPal,West Judy
O004072,C0030,P0055,2026-02-11,2,2591.97,UPI,Lake Timothy
O004073,C0087,P0073,2026-01-06,1,991.49,PayPal,Rojasberg
O004074,C0118,P0051,2025-05-21,5,1466.47,PayPal,Tinaside
O004075,C0257,P0038,2025-09-16,3,1174.56,UPI,Erinview
O004076,C0092,P0050,2025-06-15,5,730.65,UPI,Ramirezville
O004077,C0218,P0073,2025-09-14,4,2894.75,Credit Card,North Crystal
O004078,C0118,P0041,2025-10-23,1,2403.12,Debit Card,Tinaside
O004079,C0279,P0066,2025-11-29,2,2528.19,PayPal,Juanchester
O004080,C0203,P0013,2025-12-28,5,993.96,Debit Card,Pierceside
O004081,C0062,P0002,2025-07-17,4,1654.45,Debit Card,Carlland
O004082,C0043,P0075,2026-01-19,5,1196.67,PayPal,Scottburgh
O004083,C0164,P0004,2025-05-19,1,2834.81,Debit Card,East Sarahview
O004084,C0137,P0022,2025-12-06,3,1069.42,Debit Card,Wilsonfurt
O004085,C0293,P0031,2025-08-23,5,2456.24,PayPal,New Aaronfort
O004086,C0259,P0004,2025-12-26,5,2442.2,Debit Card,North Markstad
O004087,C0108,P0037,2026-04-07,4,2390.33,PayPal,Molinaburgh
O004088,C0094,P0065,2025-06-27,4,2517.25,Credit Card,Morganmouth
O004089,C0205,P0026,2025-08-03,1,731.59,Credit Card,Spencetown
O004090,C0093,P0008,2026-03-07,4,606.72,Credit Card,Rachelhaven
O004091,C0054,P0001,2025-11-18,3,2443.49,Debit Card,Brianland
O004092,C0298,P0047,2025-10-21,2,1992.54,Debit Card,East Tammie
O004093,C0076,P0056,2025-10-01,2,184.73,Debit Card,Hessville
O004094,C0126,P0027,2025-08-28,2,432.61,Debit Card,Singletonfurt
O004095,C0102,P0006,2026-03-12,3,1281.34,UPI,Allenville
O004096,C0205,P0059,2025-09-14,2,2630.18,PayPal,Spencetown
O004097,C0116,P0021,2025-06-14,3,536.27,UPI,New Amandamouth
O004098,C0155,P0057,2025-06-01,3,1622.87,UPI,Patriciabury
O004099,C0077,P0078,2025-07-09,3,2390.54,PayPal,Harringtontown
O004100,C0221,P0026,2025-11-01,1,1754.48,Debit Card,North Rebeccamouth
O004101,C0299,P0054,2026-02-17,2,1647.19,Credit Card,Marieland
O004102,C0077,P0059,2025-08-08,3,2601.52,Credit Card,Harringtontown
O004103,C0051,P0018,2026-03-28,4,222.19,Debit Card,Brianport
O004104,C0268,P0013,2025-06-29,1,1312.38,Credit Card,Maldonadoview
O004105,C0197,P0071,2025-12-16,1,2113.71,UPI,Jamesborough
O004106,C0223,P0023,2025-12-28,4,2471.32,UPI,New Kayla
O004107,C0018,P0016,2025-11-13,5,683.56,UPI,West Troyhaven
O004108,C0192,P0030,2025-06-29,5,2580.0,Credit Card,Phillipsport
O004109,C0203,P0012,2025-10-18,1,325.42,PayPal,Pierceside
O004110,C0294,P0044,2025-08-08,5,2304.99,UPI,West Johnhaven
O004111,C0010,P0051,2025-11-09,2,1684.12,PayPal,Housemouth
O004112,C0204,P0066,2025-09-07,5,844.48,UPI,Port Elizabethshire
O004113,C0232,P0051,2025-11-19,2,2083.29,PayPal,East Gary
O004114,C0012,P0072,2025-06-19,5,2320.48,UPI,Halltown
O004115,C0095,P0026,2025-06-02,4,1584.25,PayPal,West Lisaberg
O004116,C0208,P0054,2025-11-24,2,827.66,Credit Card,Zacharyberg
O004117,C0058,P0009,2025-09-21,5,1220.06,PayPal,Ruiztown
O004118,C0175,P0054,2025-06-03,5,1517.52,PayPal,North Shannonstad
O004119,C0141,P0069,2025-05-10,5,1576.83,Debit Card,Farmerburgh
O004120,C0034,P0063,2025-05-14,2,2998.09,Debit Card,West Aaronfort
O004121,C0008,P0070,2026-04-04,4,2711.38,Credit Card,West Ryantown
O004122,C0048,P0045,2026-04-28,1,596.39,UPI,Smithview
O004123,C0235,P0004,2025-06-02,3,353.45,Debit Card,North Theresa
O004124,C0280,P0007,2026-04-01,1,1012.69,UPI,East Timothychester
O004125,C0256,P0030,2025-11-02,4,268.91,UPI,Johnsonfort
O004126,C0278,P0027,2026-04-23,1,789.99,Credit Card,North Emilyville
O004127,C0136,P0068,2025-10-31,1,2759.63,Debit Card,West Jessicabury
O004128,C0016,P0060,2025-10-10,4,2235.4,PayPal,New Anthony
O004129,C0158,P0056,2025-07-13,3,2612.66,PayPal,Alecborough
O004130,C0059,P0015,2025-07-18,1,704.39,Credit Card,Lake Stacey
O004131,C0169,P0011,2025-08-25,1,2549.27,UPI,Edwardsview
O004132,C0012,P0043,2026-01-05,3,1295.59,UPI,Halltown
O004133,C0205,P0016,2025-12-30,3,904.09,Debit Card,Spencetown
O004134,C0099,P0069,2026-04-25,5,2507.1,Credit Card,Robertsonland
O004135,C0241,P0066,2025-05-11,2,2069.79,Debit Card,South Jake
O004136,C0163,P0074,2026-02-23,4,2146.99,Credit Card,Rachelchester
O004137,C0127,P0007,2025-07-02,2,1872.94,Credit Card,Deannachester
O004138,C0080,P0017,2025-11-14,5,699.86,PayPal,West Katherinebury
O004139,C0082,P0028,2025-06-28,2,614.25,Credit Card,South Eric
O004140,C0213,P0011,2025-11-03,2,828.77,UPI,Millerhaven
O004141,C0174,P0037,2025-05-29,3,2124.07,UPI,Romanport
O004142,C0064,P0050,2025-06-14,2,87.08,Debit Card,Stephenchester
O004143,C0179,P0015,2026-04-04,4,315.93,UPI,Amandahaven
O004144,C0095,P0031,2026-01-29,1,235.85,Debit Card,West Lisaberg
O004145,C0029,P0021,2025-07-17,1,737.06,Credit Card,Michaelview
O004146,C0037,P0048,2026-04-24,3,2655.02,Credit Card,Lake Jeanetteview
O004147,C0229,P0043,2025-07-06,2,294.32,UPI,Smithview
O004148,C0084,P0035,2026-02-15,3,893.36,PayPal,New Kyle
O004149,C0213,P0029,2026-04-22,5,1971.71,Credit Card,Millerhaven
O004150,C0060,P0035,2025-07-29,5,2954.3,Debit Card,Nguyentown
O004151,C0040,P0042,2025-07-22,1,2778.03,UPI,North Jacqueline
O004152,C0185,P0054,2026-01-25,2,2705.07,Credit Card,Vanessaburgh
O004153,C0189,P0063,2026-03-07,1,2867.39,UPI,Lake Georgefurt
O004154,C0241,P0073,2025-09-04,4,2238.18,PayPal,South Jake
O004155,C0180,P0063,2026-01-28,4,305.35,Credit Card,Crystalview
O004156,C0040,P0018,2025-12-07,2,254.34,UPI,North Jacqueline
O004157,C0224,P0027,2025-09-19,5,2994.35,Credit Card,West Michelleland
O004158,C0278,P0035,2026-04-12,3,1564.62,PayPal,North Emilyville
O004159,C0257,P0056,2026-03-08,1,2523.45,UPI,Erinview
O004160,C0261,P0031,2026-03-31,1,2070.65,PayPal,Pattersonland
O004161,C0054,P0060,2026-03-23,5,283.37,PayPal,Brianland
O004162,C0248,P0058,2026-02-28,1,2600.8,PayPal,East Andrew
O004163,C0181,P0041,2026-02-21,2,433.76,UPI,Lake Ryan
O004164,C0252,P0071,2025-08-01,5,2050.07,UPI,North Veronicaside
O004165,C0016,P0060,2026-01-30,2,2641.38,UPI,New Anthony
O004166,C0021,P0042,2025-07-04,5,1644.13,PayPal,Cherylmouth
O004167,C0023,P0001,2026-01-30,3,816.24,PayPal,Hallview
O004168,C0209,P0023,2025-10-27,3,82.4,UPI,West Judy
O004169,C0232,P0001,2026-04-08,3,150.14,UPI,East Gary
O004170,C0131,P0075,2026-03-11,1,1841.88,UPI,Spencerland
O004171,C0177,P0023,2025-09-09,1,229.59,PayPal,Stuarthaven
O004172,C0108,P0036,2025-07-25,4,975.11,Debit Card,Molinaburgh
O004173,C0018,P0043,2025-12-19,2,2999.1,PayPal,West Troyhaven
O004174,C0215,P0058,2025-09-23,2,2789.33,Debit Card,Graymouth
O004175,C0181,P0053,2025-12-03,1,1710.87,UPI,Lake Ryan
O004176,C0283,P0019,2026-01-31,1,2762.64,PayPal,New Craigborough
O004177,C0262,P0046,2025-10-01,2,1917.92,PayPal,Port Jasonfurt
O004178,C0017,P0010,2026-03-27,5,568.37,Credit Card,New Claudia
O004179,C0247,P0029,2025-07-18,2,838.58,Credit Card,Lake Jenniferland
O004180,C0146,P0016,2025-07-20,4,462.04,PayPal,Velazquezstad
O004181,C0175,P0041,2026-03-08,3,2617.31,UPI,North Shannonstad
O004182,C0105,P0070,2026-03-01,2,24.02,Credit Card,South Brianastad
O004183,C0201,P0002,2026-01-28,3,1003.99,PayPal,East Crystal
O004184,C0262,P0023,2025-07-24,2,1696.17,Credit Card,Port Jasonfurt
O004185,C0084,P0063,2025-11-03,2,715.13,PayPal,New Kyle
O004186,C0215,P0066,2026-04-08,3,1147.1,PayPal,Graymouth
O004187,C0298,P0054,2025-08-05,1,1186.49,Debit Card,East Tammie
O004188,C0108,P0042,2025-10-14,4,628.56,PayPal,Molinaburgh
O004189,C0124,P0066,2025-06-20,3,1057.75,Debit Card,New Nathan
O004190,C0268,P0020,2025-09-18,5,2114.39,UPI,Maldonadoview
O004191,C0079,P0006,2025-10-15,5,1070.25,PayPal,Stanleyland
O004192,C0299,P0047,2025-12-18,3,2676.88,UPI,Marieland
O004193,C0220,P0080,2025-11-15,1,1588.07,UPI,Riveraport
O004194,C0078,P0079,2025-09-22,4,1460.34,PayPal,West Lisa
O004195,C0085,P0029,2026-03-19,5,664.8,PayPal,Delgadofurt
O004196,C0256,P0031,2026-01-18,2,782.74,UPI,Johnsonfort
O004197,C0106,P0058,2025-12-03,5,474.85,UPI,Comptonburgh
O004198,C0125,P0065,2025-10-25,5,1089.64,UPI,Leonardton
O004199,C0255,P0010,2026-04-05,5,2601.01,UPI,Schmidtmouth
O004200,C0280,P0072,2026-02-09,3,2396.08,PayPal,East Timothychester
O004201,C0151,P0032,2025-08-23,1,2460.06,Credit Card,West Zacharyview
O004202,C0281,P0064,2026-05-04,2,1020.57,Debit Card,Crawfordmouth
O004203,C0138,P0010,2025-08-03,2,1441.17,PayPal,South Steve
O004204,C0138,P0068,2026-04-02,3,1121.71,UPI,South Steve
O004205,C0253,P0061,2026-04-01,1,840.49,Debit Card,Lake Alicialand
O004206,C0076,P0010,2026-01-20,2,1465.61,PayPal,Hessville
O004207,C0090,P0029,2026-03-09,3,2203.15,Credit Card,New Nathan
O004208,C0167,P0048,2025-12-18,4,616.36,Credit Card,Geraldbury
O004209,C0216,P0062,2025-07-21,4,1362.67,PayPal,North Mariastad
O004210,C0095,P0057,2025-07-31,1,1125.44,UPI,West Lisaberg
O004211,C0181,P0034,2026-01-17,4,2864.07,Debit Card,Lake Ryan
O004212,C0053,P0057,2026-03-13,4,1791.5,Debit Card,Jenniferburgh
O004213,C0007,P0035,2025-08-04,4,364.24,UPI,East Willie
O004214,C0023,P0078,2026-03-24,3,2512.08,PayPal,Hallview
O004215,C0013,P0055,2025-12-14,3,2403.58,PayPal,New Matthew
O004216,C0246,P0021,2026-03-12,4,390.67,UPI,Lake Jason
O004217,C0261,P0039,2025-05-11,4,2297.42,Credit Card,Pattersonland
O004218,C0275,P0058,2025-09-20,5,2062.39,PayPal,Greenhaven
O004219,C0050,P0014,2026-03-02,3,2355.99,UPI,Patriciaton
O004220,C0296,P0055,2025-12-02,5,1829.49,Debit Card,Josephfort
O004221,C0033,P0057,2025-10-27,2,2234.67,PayPal,New Christianshire
O004222,C0290,P0043,2025-11-04,4,531.38,Debit Card,Christopherfurt
O004223,C0014,P0056,2025-05-24,2,436.85,Debit Card,Lake Robert
O004224,C0109,P0016,2025-05-24,5,1204.77,Debit Card,Hurleyfort
O004225,C0267,P0032,2025-06-18,5,2482.42,UPI,Lake Hannahborough
O004226,C0299,P0079,2025-07-05,3,2727.9,Credit Card,Marieland
O004227,C0197,P0003,2026-01-10,4,2465.97,PayPal,Jamesborough
O004228,C0180,P0031,2025-11-11,3,59.45,UPI,Crystalview
O004229,C0200,P0029,2026-01-10,5,2407.38,Credit Card,Grayfort
O004230,C0209,P0059,2025-11-18,3,640.12,UPI,West Judy
O004231,C0288,P0054,2025-07-18,2,1148.55,PayPal,Lake Scottborough
O004232,C0079,P0040,2025-07-01,1,2958.55,Credit Card,Stanleyland
O004233,C0077,P0065,2025-08-07,5,859.15,Debit Card,Harringtontown
O004234,C0056,P0075,2026-02-20,2,2000.98,UPI,South Ebonybury
O004235,C0005,P0051,2026-02-15,3,2504.45,Credit Card,Laneside
O004236,C0129,P0080,2026-01-24,1,646.79,UPI,East Julia
O004237,C0096,P0015,2025-06-02,3,2227.54,Credit Card,East Kimberlytown
O004238,C0116,P0008,2025-12-19,5,1008.39,PayPal,New Amandamouth
O004239,C0065,P0052,2025-09-24,3,1828.91,UPI,East Dawnfurt
O004240,C0031,P0037,2026-04-06,5,1761.68,UPI,East Deannahaven
O004241,C0023,P0040,2026-03-15,1,1645.99,PayPal,Hallview
O004242,C0134,P0070,2025-10-25,3,2850.84,PayPal,East Sethmouth
O004243,C0019,P0057,2026-02-08,1,2594.93,Credit Card,Bakerfurt
O004244,C0230,P0007,2026-02-24,4,591.57,Debit Card,South Rachelton
O004245,C0268,P0050,2025-07-08,3,1034.4,Credit Card,Maldonadoview
O004246,C0061,P0029,2025-09-08,2,973.09,Debit Card,West Dennis
O004247,C0085,P0076,2025-12-22,5,1832.08,UPI,Delgadofurt
O004248,C0009,P0013,2026-02-04,2,1890.8,Debit Card,Cynthiachester
O004249,C0004,P0045,2025-09-27,1,416.37,PayPal,East Hunterberg
O004250,C0112,P0037,2026-02-05,2,2605.9,UPI,South Jennifer
O004251,C0294,P0018,2025-05-31,3,1141.49,PayPal,West Johnhaven
O004252,C0289,P0022,2025-12-02,1,1815.1,UPI,Port Juanside
O004253,C0229,P0021,2025-08-07,4,1041.05,Debit Card,Smithview
O004254,C0294,P0071,2025-12-18,5,2596.62,Credit Card,West Johnhaven
O004255,C0187,P0067,2025-08-23,2,1989.82,Credit Card,South Tracytown
O004256,C0147,P0017,2025-06-05,3,2668.7,Debit Card,North Alexander
O004257,C0050,P0019,2025-09-14,2,1097.96,PayPal,Patriciaton
O004258,C0186,P0010,2025-12-12,5,2566.43,Debit Card,Arroyofurt
O004259,C0152,P0051,2025-09-17,5,2641.92,UPI,New Jamesfort
O004260,C0198,P0002,2025-11-20,3,1841.5,PayPal,West Kristen
O004261,C0089,P0022,2026-03-25,5,1193.96,UPI,Taylorburgh
O004262,C0298,P0072,2026-01-28,5,2200.23,PayPal,East Tammie
O004263,C0166,P0073,2026-04-28,4,1470.31,Debit Card,Brittanyberg
O004264,C0263,P0032,2025-05-11,5,1273.52,Debit Card,South Davidfort
O004265,C0086,P0014,2025-11-11,1,1947.37,PayPal,Melissachester
O004266,C0160,P0026,2025-11-26,3,2862.72,Debit Card,Kimberlyton
O004267,C0285,P0012,2026-03-29,1,157.96,Debit Card,Campbellmouth
O004268,C0202,P0014,2026-02-16,1,310.75,UPI,Ronaldland
O004269,C0065,P0023,2025-06-27,5,1413.43,UPI,East Dawnfurt
O004270,C0021,P0013,2025-05-11,3,2609.62,UPI,Cherylmouth
O004271,C0237,P0039,2026-01-29,3,991.73,Credit Card,West Amanda
O004272,C0226,P0031,2025-08-29,2,377.12,UPI,Theresaview
O004273,C0027,P0020,2026-04-22,3,2132.91,Credit Card,New Andre
O004274,C0221,P0043,2025-08-15,3,1916.53,Credit Card,North Rebeccamouth
O004275,C0232,P0030,2025-08-06,2,2653.42,PayPal,East Gary
O004276,C0204,P0055,2025-08-18,4,689.86,Credit Card,Port Elizabethshire
O004277,C0094,P0008,2025-06-22,3,1516.92,Debit Card,Morganmouth
O004278,C0111,P0071,2025-06-06,4,1652.05,UPI,Williamshire
O004279,C0079,P0057,2026-04-27,5,156.77,UPI,Stanleyland
O004280,C0291,P0008,2026-01-20,2,2920.35,Debit Card,New Jenniferside
O004281,C0271,P0044,2025-12-09,4,2068.1,UPI,Port Patrick
O004282,C0245,P0030,2026-05-01,3,1557.03,PayPal,Adamsmouth
O004283,C0219,P0031,2025-05-23,1,274.68,PayPal,Holmesbury
O004284,C0271,P0058,2025-11-08,2,988.13,UPI,Port Patrick
O004285,C0039,P0048,2026-01-14,5,995.7,PayPal,Port Tracyside
O004286,C0115,P0021,2025-09-29,4,388.37,UPI,Allisonport
O004287,C0067,P0018,2026-03-31,1,788.04,Debit Card,Smithfurt
O004288,C0144,P0043,2025-06-08,5,2956.53,Credit Card,South Michelleberg
O004289,C0154,P0061,2025-07-11,3,1073.03,PayPal,South Susanmouth
O004290,C0238,P0021,2025-09-07,5,2495.77,Credit Card,South Susanborough
O004291,C0295,P0051,2025-09-19,2,1442.17,Debit Card,Darrylport
O004292,C0052,P0050,2026-02-03,3,1273.22,UPI,Racheltown
O004293,C0266,P0019,2026-03-27,4,2465.33,Debit Card,Hebertmouth
O004294,C0149,P0074,2026-03-04,2,2002.89,Debit Card,New Allison
O004295,C0049,P0054,2026-03-20,1,650.91,UPI,West Jasonstad
O004296,C0162,P0071,2025-09-20,4,754.41,PayPal,Nelsonview
O004297,C0183,P0080,2025-09-13,3,560.13,UPI,North Thomas
O004298,C0071,P0012,2025-12-02,3,1233.61,UPI,Jennifershire
O004299,C0050,P0064,2025-05-10,1,1380.54,PayPal,Patriciaton
O004300,C0029,P0030,2025-07-16,3,2151.1,Debit Card,Michaelview
O004301,C0082,P0048,2025-08-22,4,1983.65,Credit Card,South Eric
O004302,C0161,P0042,2025-06-02,5,411.44,Credit Card,North Karen
O004303,C0296,P0032,2026-01-05,5,1236.76,PayPal,Josephfort
O004304,C0018,P0013,2026-02-08,5,294.99,UPI,West Troyhaven
O004305,C0139,P0024,2025-12-21,1,1318.29,Debit Card,Chapmanberg
O004306,C0011,P0002,2025-12-22,4,2638.54,Debit Card,Parsonschester
O004307,C0190,P0003,2025-10-31,2,2607.7,PayPal,New Jennifer
O004308,C0218,P0001,2025-11-10,1,1828.22,Debit Card,North Crystal
O004309,C0144,P0051,2025-10-28,1,1863.97,PayPal,South Michelleberg
O004310,C0035,P0051,2026-01-24,1,796.04,Debit Card,Theresaberg
O004311,C0134,P0020,2026-04-02,3,1432.97,UPI,East Sethmouth
O004312,C0170,P0018,2025-08-28,1,1056.55,PayPal,Cartershire
O004313,C0105,P0053,2025-09-21,4,2513.61,UPI,South Brianastad
O004314,C0264,P0037,2025-07-15,1,663.45,Debit Card,Lake Susanfort
O004315,C0047,P0009,2026-03-02,3,1708.39,Credit Card,Lake Danielville
O004316,C0243,P0058,2026-04-05,5,2479.59,Credit Card,New Randystad
O004317,C0237,P0078,2025-06-22,1,988.12,Credit Card,West Amanda
O004318,C0030,P0035,2025-08-09,5,2443.29,Debit Card,Lake Timothy
O004319,C0241,P0033,2025-07-04,3,361.29,Debit Card,South Jake
O004320,C0163,P0044,2025-11-27,5,1317.37,UPI,Rachelchester
O004321,C0259,P0003,2025-09-19,3,1106.13,Debit Card,North Markstad
O004322,C0139,P0040,2025-11-01,4,2011.58,UPI,Chapmanberg
O004323,C0110,P0075,2025-09-05,1,2528.79,Debit Card,Allisonview
O004324,C0293,P0023,2025-12-30,4,2414.47,Debit Card,New Aaronfort
O004325,C0178,P0014,2025-06-03,3,125.94,Credit Card,New Sarah
O004326,C0070,P0023,2026-01-19,1,547.62,PayPal,East Mary
O004327,C0141,P0024,2026-04-09,3,1671.67,Debit Card,Farmerburgh
O004328,C0066,P0010,2026-01-28,1,1594.95,PayPal,Jimenezberg
O004329,C0130,P0032,2026-03-25,3,531.72,Debit Card,North Phillip
O004330,C0106,P0022,2025-09-22,3,319.73,PayPal,Comptonburgh
O004331,C0030,P0033,2025-05-07,1,2030.28,UPI,Lake Timothy
O004332,C0184,P0010,2025-10-20,2,2619.3,Debit Card,Danielborough
O004333,C0287,P0040,2026-03-10,4,1410.29,Debit Card,Kevinland
O004334,C0089,P0032,2025-10-07,3,641.35,PayPal,Taylorburgh
O004335,C0101,P0006,2025-11-01,4,2830.88,UPI,Kristenfort
O004336,C0078,P0075,2026-04-20,1,297.22,PayPal,West Lisa
O004337,C0079,P0061,2026-05-02,3,459.33,PayPal,Stanleyland
O004338,C0278,P0002,2025-05-31,4,2522.79,PayPal,North Emilyville
O004339,C0128,P0040,2025-05-13,3,2787.77,UPI,East Angelaport
O004340,C0211,P0003,2025-05-17,2,2616.94,Debit Card,Crystalburgh
O004341,C0074,P0040,2025-12-13,4,569.57,Credit Card,Port Clayton
O004342,C0219,P0038,2025-12-11,5,2399.25,Credit Card,Holmesbury
O004343,C0056,P0013,2025-05-25,2,2444.24,Credit Card,South Ebonybury
O004344,C0138,P0073,2025-11-19,5,892.25,Credit Card,South Steve
O004345,C0240,P0022,2025-10-15,5,42.35,UPI,East Timothyport
O004346,C0289,P0057,2025-10-10,4,1667.91,UPI,Port Juanside
O004347,C0019,P0021,2025-06-10,3,2243.81,Debit Card,Bakerfurt
O004348,C0256,P0077,2026-03-04,2,1994.67,PayPal,Johnsonfort
O004349,C0277,P0001,2025-12-10,4,1390.34,PayPal,Hurleymouth
O004350,C0018,P0012,2025-06-05,2,43.82,UPI,West Troyhaven
O004351,C0051,P0017,2026-01-09,5,1881.33,Credit Card,Brianport
O004352,C0157,P0040,2025-06-05,5,2928.78,PayPal,Port Donald
O004353,C0258,P0053,2025-10-23,1,1439.19,Credit Card,South Elizabeth
O004354,C0196,P0035,2025-09-13,1,1773.79,UPI,Port Andrea
O004355,C0290,P0056,2025-07-29,4,263.43,PayPal,Christopherfurt
O004356,C0296,P0064,2025-07-09,2,1462.44,UPI,Josephfort
O004357,C0143,P0059,2025-12-28,3,161.71,Debit Card,Collinsborough
O004358,C0265,P0029,2025-10-07,5,2956.17,Debit Card,West Brenda
O004359,C0053,P0009,2025-11-20,2,2038.73,Debit Card,Jenniferburgh
O004360,C0018,P0068,2025-09-01,2,1095.43,PayPal,West Troyhaven
O004361,C0262,P0080,2025-05-09,5,2229.37,PayPal,Port Jasonfurt
O004362,C0295,P0024,2025-10-01,2,2871.82,Credit Card,Darrylport
O004363,C0223,P0069,2025-08-29,1,1047.82,PayPal,New Kayla
O004364,C0277,P0008,2025-05-28,3,1148.71,PayPal,Hurleymouth
O004365,C0044,P0007,2025-05-09,4,2080.0,UPI,Wardchester
O004366,C0163,P0046,2026-02-07,4,163.43,Debit Card,Rachelchester
O004367,C0207,P0033,2026-01-30,1,2864.16,Debit Card,Castillofurt
O004368,C0137,P0061,2025-06-09,2,290.78,Debit Card,Wilsonfurt
O004369,C0139,P0044,2025-09-06,5,459.64,Debit Card,Chapmanberg
O004370,C0246,P0044,2025-06-06,2,1983.29,PayPal,Lake Jason
O004371,C0299,P0041,2026-04-19,5,2811.84,PayPal,Marieland
O004372,C0123,P0033,2025-07-04,2,581.33,Debit Card,East Tonyshire
O004373,C0220,P0073,2025-07-10,3,2592.23,Debit Card,Riveraport
O004374,C0016,P0058,2026-02-11,2,153.55,UPI,New Anthony
O004375,C0265,P0051,2025-08-03,2,1276.36,UPI,West Brenda
O004376,C0173,P0037,2025-09-28,4,2187.23,Credit Card,Torresberg
O004377,C0139,P0003,2025-08-07,4,2171.04,Credit Card,Chapmanberg
O004378,C0265,P0058,2026-01-07,1,1604.53,Credit Card,West Brenda
O004379,C0279,P0072,2026-01-20,2,707.88,PayPal,Juanchester
O004380,C0102,P0063,2025-11-01,4,1027.1,UPI,Allenville
O004381,C0276,P0071,2025-06-21,3,598.16,Credit Card,Lake Jimmy
O004382,C0078,P0079,2026-03-10,2,538.84,Debit Card,West Lisa
O004383,C0211,P0027,2026-01-27,5,646.2,PayPal,Crystalburgh
O004384,C0165,P0009,2026-01-13,4,1652.88,PayPal,Dawnberg
O004385,C0018,P0070,2025-11-01,4,1484.86,PayPal,West Troyhaven
O004386,C0074,P0073,2025-05-24,2,2734.35,Credit Card,Port Clayton
O004387,C0125,P0060,2026-01-19,2,1360.62,UPI,Leonardton
O004388,C0111,P0032,2026-01-11,4,1387.92,Credit Card,Williamshire
O004389,C0121,P0017,2025-07-28,5,2402.99,UPI,Port Richardstad
O004390,C0155,P0047,2026-01-26,2,157.99,Credit Card,Patriciabury
O004391,C0244,P0002,2025-07-25,2,1545.25,Credit Card,Port Laura
O004392,C0061,P0040,2025-10-08,1,644.52,UPI,West Dennis
O004393,C0096,P0008,2025-07-21,1,792.57,UPI,East Kimberlytown
O004394,C0152,P0025,2025-10-14,1,646.96,Debit Card,New Jamesfort
O004395,C0193,P0051,2026-02-11,4,1821.08,UPI,Johnathanstad
O004396,C0019,P0063,2026-03-24,3,1564.97,Credit Card,Bakerfurt
O004397,C0211,P0060,2025-05-23,5,2803.84,UPI,Crystalburgh
O004398,C0152,P0003,2025-07-23,2,465.09,Debit Card,New Jamesfort
O004399,C0055,P0024,2026-01-06,1,345.37,Credit Card,Ericshire
O004400,C0012,P0062,2025-07-09,5,205.36,PayPal,Halltown
O004401,C0248,P0054,2025-11-24,3,59.59,Debit Card,East Andrew
O004402,C0221,P0060,2026-05-01,5,2577.93,UPI,North Rebeccamouth
O004403,C0164,P0053,2026-03-07,4,2507.6,Debit Card,East Sarahview
O004404,C0106,P0031,2026-02-05,4,1111.68,PayPal,Comptonburgh
O004405,C0264,P0028,2026-01-22,3,1247.92,Debit Card,Lake Susanfort
O004406,C0132,P0072,2025-09-29,5,2774.09,Debit Card,Christopherland
O004407,C0017,P0054,2026-04-06,3,244.65,Credit Card,New Claudia
O004408,C0145,P0024,2025-10-11,5,1268.82,UPI,Jennifertown
O004409,C0084,P0047,2026-02-08,1,2138.48,UPI,New Kyle
O004410,C0049,P0080,2025-11-23,3,1832.86,Credit Card,West Jasonstad
O004411,C0122,P0045,2026-01-22,5,1770.83,Credit Card,Eugeneport
O004412,C0300,P0057,2026-02-24,4,1662.3,Credit Card,North Sarah
O004413,C0179,P0035,2025-09-08,4,734.7,UPI,Amandahaven
O004414,C0090,P0037,2025-05-13,1,1999.75,UPI,New Nathan
O004415,C0276,P0054,2026-01-30,1,1091.56,UPI,Lake Jimmy
O004416,C0004,P0069,2025-07-28,3,1868.86,UPI,East Hunterberg
O004417,C0183,P0042,2025-06-12,1,2733.64,Debit Card,North Thomas
O004418,C0171,P0073,2026-01-05,3,1345.94,UPI,West Kimberly
O004419,C0223,P0054,2025-09-10,2,2042.81,Debit Card,New Kayla
O004420,C0068,P0073,2025-07-22,4,1009.59,PayPal,West Cory
O004421,C0064,P0030,2026-01-02,4,1486.82,UPI,Stephenchester
O004422,C0286,P0061,2026-03-10,1,1540.14,Debit Card,Martinezberg
O004423,C0131,P0046,2025-07-17,2,295.16,UPI,Spencerland
O004424,C0224,P0011,2025-10-23,2,1886.95,UPI,West Michelleland
O004425,C0224,P0057,2025-10-17,5,398.41,Credit Card,West Michelleland
O004426,C0264,P0076,2025-11-27,1,2578.65,Debit Card,Lake Susanfort
O004427,C0057,P0012,2026-01-06,4,2281.1,Debit Card,Port Austin
O004428,C0014,P0043,2025-10-20,5,1188.06,UPI,Lake Robert
O004429,C0007,P0061,2026-05-03,1,2019.47,Credit Card,East Willie
O004430,C0070,P0018,2026-01-01,1,246.5,PayPal,East Mary
O004431,C0119,P0054,2025-06-20,1,1859.41,PayPal,Grayfort
O004432,C0017,P0048,2026-03-17,5,700.62,PayPal,New Claudia
O004433,C0104,P0074,2025-06-02,5,2837.75,UPI,Port Connieview
O004434,C0028,P0030,2025-08-31,1,1861.84,PayPal,East Kristen
O004435,C0012,P0028,2025-11-09,3,1969.3,Credit Card,Halltown
O004436,C0115,P0068,2025-06-19,4,2203.48,UPI,Allisonport
O004437,C0179,P0075,2025-11-19,3,571.56,Debit Card,Amandahaven
O004438,C0244,P0080,2026-05-03,3,2560.86,Credit Card,Port Laura
O004439,C0246,P0004,2026-03-02,4,2892.25,UPI,Lake Jason
O004440,C0105,P0074,2025-05-22,2,246.06,Credit Card,South Brianastad
O004441,C0110,P0014,2025-07-27,5,248.76,Credit Card,Allisonview
O004442,C0218,P0014,2025-05-19,3,466.16,Credit Card,North Crystal
O004443,C0244,P0051,2025-11-20,3,1120.86,UPI,Port Laura
O004444,C0201,P0052,2026-04-15,1,2427.68,Credit Card,East Crystal
O004445,C0176,P0008,2025-06-23,3,1821.35,Credit Card,New Marco
O004446,C0116,P0074,2025-12-29,5,1642.49,PayPal,New Amandamouth
O004447,C0159,P0011,2025-10-10,4,1669.3,Credit Card,Mullenburgh
O004448,C0228,P0074,2026-04-11,2,1367.7,UPI,Port Amy
O004449,C0034,P0015,2025-08-03,3,1591.03,Debit Card,West Aaronfort
O004450,C0029,P0054,2025-08-16,3,2098.86,Debit Card,Michaelview
O004451,C0288,P0063,2026-03-08,1,1565.19,PayPal,Lake Scottborough
O004452,C0168,P0074,2025-09-16,4,1176.75,Credit Card,South Janicefurt
O004453,C0071,P0008,2025-12-01,1,80.91,PayPal,Jennifershire
O004454,C0140,P0074,2025-11-03,4,1310.59,PayPal,New Matthew
O004455,C0087,P0030,2026-02-13,2,2288.68,Credit Card,Rojasberg
O004456,C0122,P0029,2026-03-25,5,688.49,Debit Card,Eugeneport
O004457,C0213,P0033,2025-10-25,3,462.91,PayPal,Millerhaven
O004458,C0244,P0008,2026-01-22,3,1721.48,PayPal,Port Laura
O004459,C0181,P0024,2026-01-08,3,990.66,Credit Card,Lake Ryan
O004460,C0293,P0028,2025-12-25,5,1300.69,UPI,New Aaronfort
O004461,C0040,P0006,2025-05-13,4,1055.02,PayPal,North Jacqueline
O004462,C0209,P0075,2025-10-04,2,918.07,UPI,West Judy
O004463,C0232,P0036,2025-07-08,5,703.94,UPI,East Gary
O004464,C0102,P0048,2025-10-26,3,71.69,Credit Card,Allenville
O004465,C0111,P0044,2025-09-19,3,866.61,UPI,Williamshire
O004466,C0193,P0079,2025-10-15,5,95.54,UPI,Johnathanstad
O004467,C0029,P0025,2025-07-13,2,2505.67,Debit Card,Michaelview
O004468,C0222,P0014,2025-07-23,3,514.3,UPI,Shannonstad
O004469,C0155,P0061,2025-09-08,4,2940.44,Credit Card,Patriciabury
O004470,C0121,P0055,2025-06-21,2,1852.93,PayPal,Port Richardstad
O004471,C0209,P0071,2026-03-20,2,1889.84,PayPal,West Judy
O004472,C0122,P0024,2025-09-06,4,626.25,UPI,Eugeneport
O004473,C0233,P0073,2025-11-03,5,1625.05,Debit Card,South Jose
O004474,C0084,P0073,2025-06-15,1,1138.48,UPI,New Kyle
O004475,C0109,P0047,2025-11-03,5,1450.04,UPI,Hurleyfort
O004476,C0232,P0046,2025-11-26,3,1706.59,UPI,East Gary
O004477,C0235,P0047,2025-07-22,4,2390.35,Debit Card,North Theresa
O004478,C0282,P0029,2025-07-04,1,2797.23,Debit Card,North Jeremy
O004479,C0027,P0052,2026-02-18,5,397.4,Credit Card,New Andre
O004480,C0003,P0007,2025-09-14,4,2001.33,PayPal,Michaelland
O004481,C0184,P0047,2025-12-16,2,305.46,Debit Card,Danielborough
O004482,C0217,P0019,2026-03-22,5,2617.43,Credit Card,Bryceside
O004483,C0158,P0021,2025-10-02,4,151.14,PayPal,Alecborough
O004484,C0113,P0033,2026-04-23,2,2998.63,Debit Card,North Pamela
O004485,C0267,P0053,2025-08-22,1,740.24,Debit Card,Lake Hannahborough
O004486,C0259,P0037,2026-02-03,4,1373.68,UPI,North Markstad
O004487,C0199,P0057,2025-06-11,2,1241.38,PayPal,New Glendahaven
O004488,C0002,P0035,2025-11-08,1,2964.21,Debit Card,Thompsonstad
O004489,C0102,P0003,2025-09-28,3,1942.03,Debit Card,Allenville
O004490,C0143,P0036,2026-01-06,5,33.37,PayPal,Collinsborough
O004491,C0039,P0036,2026-01-13,1,74.14,Debit Card,Port Tracyside
O004492,C0252,P0078,2025-07-11,1,1538.41,Credit Card,North Veronicaside
O004493,C0260,P0075,2025-12-28,5,2758.09,Debit Card,Port Anthonystad
O004494,C0054,P0027,2026-05-01,2,1656.24,UPI,Brianland
O004495,C0222,P0009,2025-11-10,2,1680.16,Credit Card,Shannonstad
O004496,C0299,P0049,2025-11-24,2,1337.23,Debit Card,Marieland
O004497,C0295,P0002,2025-06-29,2,242.84,Credit Card,Darrylport
O004498,C0027,P0026,2025-11-16,3,298.56,PayPal,New Andre
O004499,C0060,P0004,2026-04-05,5,2425.04,Credit Card,Nguyentown
O004500,C0098,P0053,2025-08-02,4,1144.52,Credit Card,Chungport
O004501,C0136,P0016,2026-04-20,1,2001.29,UPI,West Jessicabury
O004502,C0036,P0032,2025-11-23,4,2219.53,Credit Card,West Bryan
O004503,C0142,P0049,2025-07-18,2,1271.44,Debit Card,South Rebeccamouth
O004504,C0232,P0025,2026-03-10,5,1206.62,Credit Card,East Gary
O004505,C0114,P0064,2026-03-12,5,1834.47,PayPal,Port Michaelbury
O004506,C0026,P0052,2025-07-28,4,1212.2,UPI,Lake Alison
O004507,C0246,P0047,2026-04-12,1,2771.99,Debit Card,Lake Jason
O004508,C0270,P0026,2025-05-26,4,340.04,Credit Card,Younghaven
O004509,C0180,P0002,2025-08-02,3,1011.43,Debit Card,Crystalview
O004510,C0053,P0021,2025-10-24,1,2764.99,Debit Card,Jenniferburgh
O004511,C0243,P0008,2026-02-03,3,1787.21,Credit Card,New Randystad
O004512,C0052,P0014,2025-07-30,3,2370.51,Debit Card,Racheltown
O004513,C0006,P0006,2026-01-06,4,690.25,Debit Card,Port Vickie
O004514,C0265,P0022,2026-02-24,4,1127.94,Debit Card,West Brenda
O004515,C0169,P0056,2025-09-05,3,2036.34,Debit Card,Edwardsview
O004516,C0296,P0068,2025-05-27,3,1812.8,Debit Card,Josephfort
O004517,C0212,P0024,2026-03-21,5,178.02,PayPal,Ortegaton
O004518,C0191,P0052,2026-04-12,4,1004.4,PayPal,Wheelershire
O004519,C0209,P0005,2025-06-06,1,1215.95,PayPal,West Judy
O004520,C0257,P0023,2025-10-02,2,1534.84,PayPal,Erinview
O004521,C0008,P0066,2025-07-23,3,1029.52,Debit Card,West Ryantown
O004522,C0227,P0065,2025-11-19,4,1400.75,Debit Card,Isaacview
O004523,C0294,P0079,2025-05-07,5,2187.64,Credit Card,West Johnhaven
O004524,C0174,P0049,2026-03-15,5,140.89,Credit Card,Romanport
O004525,C0064,P0047,2025-05-29,1,2955.23,Debit Card,Stephenchester
O004526,C0048,P0040,2026-01-04,4,384.55,Credit Card,Smithview
O004527,C0003,P0032,2025-08-24,1,1835.37,Debit Card,Michaelland
O004528,C0107,P0059,2026-04-02,1,2371.41,PayPal,Cannonville
O004529,C0010,P0070,2026-01-18,1,41.9,PayPal,Housemouth
O004530,C0107,P0026,2025-05-18,5,1552.41,UPI,Cannonville
O004531,C0188,P0021,2025-06-13,4,556.37,Credit Card,West Jason
O004532,C0162,P0003,2026-02-18,4,1195.47,Credit Card,Nelsonview
O004533,C0282,P0041,2025-08-10,1,435.04,Credit Card,North Jeremy
O004534,C0108,P0040,2025-10-12,1,911.34,PayPal,Molinaburgh
O004535,C0254,P0062,2026-03-16,2,1677.35,Credit Card,Hillshire
O004536,C0090,P0063,2026-02-04,2,1478.47,UPI,New Nathan
O004537,C0080,P0014,2025-08-04,3,180.83,Debit Card,West Katherinebury
O004538,C0215,P0005,2025-08-28,5,966.46,UPI,Graymouth
O004539,C0182,P0015,2025-11-09,5,1562.36,Debit Card,Laurieborough
O004540,C0078,P0064,2025-11-22,4,1380.43,Credit Card,West Lisa
O004541,C0239,P0069,2026-01-18,3,643.21,Debit Card,Philipbury
O004542,C0080,P0044,2026-02-16,4,122.22,Credit Card,West Katherinebury
O004543,C0087,P0062,2025-05-09,4,922.37,Credit Card,Rojasberg
O004544,C0098,P0004,2025-10-21,4,210.69,Debit Card,Chungport
O004545,C0027,P0072,2025-08-27,2,2588.38,Debit Card,New Andre
O004546,C0186,P0009,2025-06-19,2,1756.39,Debit Card,Arroyofurt
O004547,C0154,P0041,2025-09-27,2,371.46,Credit Card,South Susanmouth
O004548,C0223,P0057,2025-06-16,2,1439.84,UPI,New Kayla
O004549,C0234,P0032,2025-06-14,3,2702.87,UPI,Macdonaldberg
O004550,C0202,P0015,2025-12-28,1,807.5,PayPal,Ronaldland
O004551,C0185,P0067,2026-01-21,1,2038.47,Credit Card,Vanessaburgh
O004552,C0116,P0061,2026-02-09,1,1226.93,UPI,New Amandamouth
O004553,C0115,P0045,2026-04-15,1,2775.49,Debit Card,Allisonport
O004554,C0278,P0012,2025-08-04,1,1259.6,Debit Card,North Emilyville
O004555,C0239,P0054,2026-01-08,5,311.09,UPI,Philipbury
O004556,C0225,P0033,2025-06-20,4,1626.3,Credit Card,Port Heatherview
O004557,C0198,P0040,2025-08-14,2,2605.88,UPI,West Kristen
O004558,C0084,P0064,2025-09-11,3,997.16,UPI,New Kyle
O004559,C0287,P0011,2025-05-18,3,2893.36,Credit Card,Kevinland
O004560,C0192,P0069,2026-02-01,5,2460.12,PayPal,Phillipsport
O004561,C0122,P0004,2025-05-25,1,429.98,PayPal,Eugeneport
O004562,C0062,P0019,2026-03-15,5,2041.36,Debit Card,Carlland
O004563,C0100,P0048,2025-09-24,3,2878.36,Debit Card,Cantufurt
O004564,C0177,P0059,2026-02-13,5,541.75,Debit Card,Stuarthaven
O004565,C0237,P0009,2025-09-25,5,2229.49,Credit Card,West Amanda
O004566,C0109,P0007,2026-03-24,1,2675.57,UPI,Hurleyfort
O004567,C0211,P0046,2025-08-04,2,356.52,UPI,Crystalburgh
O004568,C0204,P0057,2025-12-21,2,2399.08,PayPal,Port Elizabethshire
O004569,C0076,P0059,2026-03-11,1,1918.08,Debit Card,Hessville
O004570,C0242,P0005,2025-08-02,5,2484.26,Credit Card,South Garrettborough
O004571,C0256,P0075,2025-12-18,4,746.05,Debit Card,Johnsonfort
O004572,C0296,P0008,2025-11-24,1,1226.42,UPI,Josephfort
O004573,C0282,P0050,2025-08-11,4,1200.63,Credit Card,North Jeremy
O004574,C0093,P0001,2026-03-05,3,1891.08,Debit Card,Rachelhaven
O004575,C0077,P0041,2025-10-10,1,760.02,UPI,Harringtontown
O004576,C0195,P0042,2026-04-02,1,2097.34,Debit Card,Port Patrickville
O004577,C0079,P0007,2025-10-13,2,919.83,Credit Card,Stanleyland
O004578,C0109,P0054,2025-12-31,2,949.41,Debit Card,Hurleyfort
O004579,C0156,P0035,2026-01-21,3,1134.2,PayPal,Millerhaven
O004580,C0067,P0018,2025-12-08,3,2980.16,UPI,Smithfurt
O004581,C0176,P0034,2026-01-05,1,2523.28,Debit Card,New Marco
O004582,C0252,P0046,2026-01-11,4,1048.36,PayPal,North Veronicaside
O004583,C0260,P0044,2025-08-07,1,1130.89,Debit Card,Port Anthonystad
O004584,C0205,P0003,2025-08-30,4,1920.88,Credit Card,Spencetown
O004585,C0161,P0028,2025-11-21,5,2833.71,Credit Card,North Karen
O004586,C0245,P0072,2025-11-12,1,896.45,PayPal,Adamsmouth
O004587,C0177,P0080,2026-03-03,2,2544.38,Credit Card,Stuarthaven
O004588,C0140,P0039,2026-02-03,2,702.28,Credit Card,New Matthew
O004589,C0197,P0053,2025-09-24,4,1891.35,Debit Card,Jamesborough
O004590,C0040,P0004,2025-11-08,2,547.73,PayPal,North Jacqueline
O004591,C0103,P0010,2026-02-05,4,668.69,Debit Card,Hubbardberg
O004592,C0117,P0065,2026-04-14,4,427.14,Debit Card,East Judithfurt
O004593,C0300,P0072,2025-09-12,1,23.6,Credit Card,North Sarah
O004594,C0234,P0044,2025-08-07,2,2873.76,UPI,Macdonaldberg
O004595,C0191,P0043,2025-08-19,4,28.31,UPI,Wheelershire
O004596,C0202,P0052,2025-12-31,3,39.14,PayPal,Ronaldland
O004597,C0300,P0048,2025-12-19,3,2308.8,Credit Card,North Sarah
O004598,C0089,P0030,2025-06-10,2,1526.6,Credit Card,Taylorburgh
O004599,C0123,P0043,2025-05-25,4,32.1,Credit Card,East Tonyshire
O004600,C0029,P0071,2026-03-04,1,2103.62,UPI,Michaelview
O004601,C0259,P0039,2026-01-16,4,2826.03,Debit Card,North Markstad
O004602,C0298,P0054,2026-03-31,3,1675.4,UPI,East Tammie
O004603,C0170,P0001,2025-09-21,4,86.9,UPI,Cartershire
O004604,C0045,P0010,2025-11-14,5,734.09,Debit Card,East Marcia
O004605,C0077,P0050,2025-10-17,3,1254.63,PayPal,Harringtontown
O004606,C0148,P0003,2025-10-02,3,1278.41,Credit Card,Lake Megan
O004607,C0166,P0080,2026-05-03,3,893.94,UPI,Brittanyberg
O004608,C0116,P0054,2025-07-03,4,1388.71,UPI,New Amandamouth
O004609,C0295,P0034,2025-12-05,3,959.78,Credit Card,Darrylport
O004610,C0032,P0034,2025-12-26,1,1065.58,Credit Card,West Michelleside
O004611,C0151,P0002,2025-08-31,2,42.75,Debit Card,West Zacharyview
O004612,C0065,P0047,2025-07-17,1,519.03,Credit Card,East Dawnfurt
O004613,C0036,P0035,2025-07-13,4,1870.26,PayPal,West Bryan
O004614,C0014,P0022,2026-03-29,5,2152.88,PayPal,Lake Robert
O004615,C0109,P0022,2025-11-26,2,417.09,Debit Card,Hurleyfort
O004616,C0118,P0053,2025-08-25,3,775.31,Credit Card,Tinaside
O004617,C0080,P0028,2025-06-25,2,803.64,UPI,West Katherinebury
O004618,C0169,P0047,2025-06-17,1,1956.04,UPI,Edwardsview
O004619,C0019,P0030,2026-02-07,5,1463.3,Credit Card,Bakerfurt
O004620,C0123,P0037,2025-10-03,4,906.11,Debit Card,East Tonyshire
O004621,C0255,P0044,2025-12-27,2,2084.07,Debit Card,Schmidtmouth
O004622,C0158,P0022,2025-08-18,5,312.97,UPI,Alecborough
O004623,C0146,P0013,2026-03-22,2,1472.77,PayPal,Velazquezstad
O004624,C0230,P0063,2025-06-07,5,2656.24,Credit Card,South Rachelton
O004625,C0125,P0028,2026-04-17,5,394.79,PayPal,Leonardton
O004626,C0194,P0068,2025-10-26,5,1831.01,Credit Card,Gabrielmouth
O004627,C0149,P0004,2025-10-11,2,1261.48,Debit Card,New Allison
O004628,C0160,P0034,2025-10-29,5,1264.2,PayPal,Kimberlyton
O004629,C0035,P0024,2025-08-18,4,2539.14,PayPal,Theresaberg
O004630,C0260,P0024,2026-01-16,2,735.93,PayPal,Port Anthonystad
O004631,C0283,P0003,2025-11-10,1,2014.99,Debit Card,New Craigborough
O004632,C0299,P0076,2025-07-07,4,2563.57,PayPal,Marieland
O004633,C0194,P0027,2026-01-18,5,20.42,Debit Card,Gabrielmouth
O004634,C0013,P0071,2025-11-16,5,1203.39,Credit Card,New Matthew
O004635,C0067,P0042,2026-04-03,4,557.73,UPI,Smithfurt
O004636,C0169,P0011,2025-07-08,3,2208.56,PayPal,Edwardsview
O004637,C0270,P0072,2025-09-11,4,1886.8,Debit Card,Younghaven
O004638,C0086,P0014,2025-12-12,1,376.9,PayPal,Melissachester
O004639,C0190,P0053,2025-11-23,1,863.39,UPI,New Jennifer
O004640,C0120,P0075,2026-02-11,2,1785.41,Debit Card,Williamsbury
O004641,C0280,P0033,2025-10-28,3,381.74,Debit Card,East Timothychester
O004642,C0265,P0052,2025-07-23,4,988.5,UPI,West Brenda
O004643,C0040,P0040,2026-01-25,2,438.42,UPI,North Jacqueline
O004644,C0098,P0013,2025-08-04,5,935.4,PayPal,Chungport
O004645,C0124,P0064,2025-11-01,5,26.37,UPI,New Nathan
O004646,C0266,P0043,2025-06-12,4,2246.37,PayPal,Hebertmouth
O004647,C0062,P0077,2025-11-29,3,1447.3,UPI,Carlland
O004648,C0259,P0020,2025-05-13,4,1891.47,Credit Card,North Markstad
O004649,C0242,P0024,2025-10-05,3,2494.86,PayPal,South Garrettborough
O004650,C0126,P0055,2026-01-20,3,2378.24,UPI,Singletonfurt
O004651,C0300,P0064,2025-07-15,3,538.43,UPI,North Sarah
O004652,C0068,P0050,2025-10-10,3,682.6,PayPal,West Cory
O004653,C0115,P0059,2025-11-11,4,1415.59,Credit Card,Allisonport
O004654,C0046,P0072,2026-05-06,2,26.35,Credit Card,Lake Matthew
O004655,C0234,P0080,2025-09-01,4,1946.02,Debit Card,Macdonaldberg
O004656,C0176,P0069,2025-11-23,4,1917.95,PayPal,New Marco
O004657,C0089,P0039,2026-02-24,2,403.16,PayPal,Taylorburgh
O004658,C0098,P0067,2025-07-02,3,277.68,Debit Card,Chungport
O004659,C0209,P0044,2025-07-27,1,1820.43,Debit Card,West Judy
O004660,C0137,P0004,2026-03-15,5,2920.67,Credit Card,Wilsonfurt
O004661,C0263,P0037,2026-04-08,2,727.31,UPI,South Davidfort
O004662,C0108,P0026,2026-05-01,1,2722.58,Debit Card,Molinaburgh
O004663,C0127,P0067,2025-09-27,3,1496.47,Credit Card,Deannachester
O004664,C0137,P0036,2026-01-02,5,1084.51,Debit Card,Wilsonfurt
O004665,C0209,P0044,2025-12-14,5,1458.49,PayPal,West Judy
O004666,C0102,P0009,2025-10-04,5,1757.49,Debit Card,Allenville
O004667,C0238,P0034,2026-03-18,3,2853.34,Debit Card,South Susanborough
O004668,C0220,P0073,2025-08-23,5,2078.33,Debit Card,Riveraport
O004669,C0250,P0077,2026-03-20,2,1150.28,Debit Card,Kristenton
O004670,C0085,P0035,2025-10-17,5,906.67,UPI,Delgadofurt
O004671,C0002,P0002,2026-02-12,4,2683.86,PayPal,Thompsonstad
O004672,C0259,P0005,2025-09-04,3,485.98,Debit Card,North Markstad
O004673,C0230,P0053,2025-12-19,3,748.49,Debit Card,South Rachelton
O004674,C0104,P0073,2025-07-26,5,1641.81,PayPal,Port Connieview
O004675,C0215,P0006,2025-05-22,2,2749.86,Credit Card,Graymouth
O004676,C0092,P0057,2026-01-03,4,277.47,UPI,Ramirezville
O004677,C0099,P0074,2026-01-27,4,2990.42,UPI,Robertsonland
O004678,C0286,P0001,2026-01-30,3,280.48,Debit Card,Martinezberg
O004679,C0205,P0063,2025-11-19,5,1559.64,Debit Card,Spencetown
O004680,C0028,P0037,2026-03-02,3,484.95,PayPal,East Kristen
O004681,C0133,P0018,2026-05-01,1,281.29,PayPal,Wellsfort
O004682,C0243,P0028,2025-06-25,1,2791.68,PayPal,New Randystad
O004683,C0147,P0077,2026-04-08,4,485.08,UPI,North Alexander
O004684,C0094,P0032,2025-06-07,1,632.45,PayPal,Morganmouth
O004685,C0194,P0013,2025-09-15,4,1792.03,UPI,Gabrielmouth
O004686,C0043,P0037,2025-09-28,1,2922.32,PayPal,Scottburgh
O004687,C0090,P0031,2025-12-03,5,550.13,Debit Card,New Nathan
O004688,C0285,P0042,2025-12-26,3,2571.16,Debit Card,Campbellmouth
O004689,C0193,P0011,2026-02-22,4,192.39,Credit Card,Johnathanstad
O004690,C0199,P0054,2025-10-07,5,882.07,PayPal,New Glendahaven
O004691,C0082,P0058,2026-03-09,2,2402.87,PayPal,South Eric
O004692,C0027,P0042,2026-01-18,5,2743.93,PayPal,New Andre
O004693,C0154,P0046,2026-04-29,5,2647.35,PayPal,South Susanmouth
O004694,C0070,P0012,2025-07-21,3,2761.35,Debit Card,East Mary
O004695,C0161,P0066,2025-11-30,2,2994.46,Credit Card,North Karen
O004696,C0235,P0004,2026-04-08,5,2460.17,UPI,North Theresa
O004697,C0223,P0035,2025-10-19,5,467.95,Credit Card,New Kayla
O004698,C0076,P0031,2026-03-28,5,655.32,Debit Card,Hessville
O004699,C0001,P0055,2025-10-06,2,734.1,PayPal,East Denise
O004700,C0116,P0068,2025-06-07,2,925.24,UPI,New Amandamouth
O004701,C0168,P0078,2025-05-29,1,2764.57,UPI,South Janicefurt
O004702,C0251,P0059,2025-06-25,5,1354.94,PayPal,Lake Bruce
O004703,C0092,P0016,2025-06-20,1,25.9,PayPal,Ramirezville
O004704,C0282,P0023,2025-10-13,3,832.95,Debit Card,North Jeremy
O004705,C0130,P0060,2025-05-11,3,1762.13,Debit Card,North Phillip
O004706,C0071,P0055,2025-05-16,5,1119.37,Credit Card,Jennifershire
O004707,C0123,P0052,2026-02-13,1,2135.26,Debit Card,East Tonyshire
O004708,C0029,P0003,2025-06-11,4,1605.42,Credit Card,Michaelview
O004709,C0151,P0043,2026-03-01,2,1120.22,Debit Card,West Zacharyview
O004710,C0237,P0009,2025-12-04,3,2239.59,PayPal,West Amanda
O004711,C0145,P0076,2025-11-27,5,504.58,UPI,Jennifertown
O004712,C0107,P0042,2026-04-12,5,1772.68,UPI,Cannonville
O004713,C0209,P0028,2025-12-25,5,919.22,UPI,West Judy
O004714,C0142,P0075,2025-05-19,5,2401.62,Credit Card,South Rebeccamouth
O004715,C0093,P0055,2025-08-21,1,539.38,PayPal,Rachelhaven
O004716,C0119,P0053,2026-02-01,4,73.28,UPI,Grayfort
O004717,C0253,P0064,2025-08-15,3,2443.3,Credit Card,Lake Alicialand
O004718,C0105,P0022,2026-01-24,2,2295.64,Debit Card,South Brianastad
O004719,C0204,P0004,2026-03-12,3,1005.06,PayPal,Port Elizabethshire
O004720,C0239,P0009,2025-10-11,1,2869.98,PayPal,Philipbury
O004721,C0064,P0001,2025-07-22,3,548.08,Debit Card,Stephenchester
O004722,C0198,P0068,2025-06-08,4,2561.26,Debit Card,West Kristen
O004723,C0254,P0013,2025-07-19,1,1292.61,Debit Card,Hillshire
O004724,C0167,P0006,2025-10-02,5,516.33,UPI,Geraldbury
O004725,C0221,P0059,2025-12-31,5,253.56,Credit Card,North Rebeccamouth
O004726,C0232,P0060,2025-05-16,5,1913.76,UPI,East Gary
O004727,C0102,P0040,2025-05-10,3,311.0,Debit Card,Allenville
O004728,C0140,P0041,2025-06-16,5,730.09,Credit Card,New Matthew
O004729,C0233,P0026,2026-02-18,2,2139.09,Debit Card,South Jose
O004730,C0174,P0069,2025-07-07,3,2265.88,Credit Card,Romanport
O004731,C0089,P0039,2026-04-30,2,997.39,Credit Card,Taylorburgh
O004732,C0086,P0065,2025-08-27,3,1742.9,PayPal,Melissachester
O004733,C0230,P0046,2025-05-07,2,2052.71,UPI,South Rachelton
O004734,C0282,P0063,2025-10-06,2,1413.11,Credit Card,North Jeremy
O004735,C0126,P0058,2026-04-22,4,1810.66,UPI,Singletonfurt
O004736,C0293,P0022,2025-08-30,4,2068.45,Credit Card,New Aaronfort
O004737,C0218,P0051,2025-07-19,2,533.37,Credit Card,North Crystal
O004738,C0179,P0022,2025-09-21,5,2726.27,Credit Card,Amandahaven
O004739,C0083,P0059,2025-10-27,1,1107.24,Debit Card,East Juliaport
O004740,C0050,P0066,2026-04-17,1,2806.46,Debit Card,Patriciaton
O004741,C0157,P0022,2025-11-22,5,1685.56,PayPal,Port Donald
O004742,C0219,P0015,2025-06-23,4,2035.57,Credit Card,Holmesbury
O004743,C0126,P0033,2026-02-04,4,2874.57,UPI,Singletonfurt
O004744,C0087,P0080,2025-11-15,3,2752.33,UPI,Rojasberg
O004745,C0236,P0061,2025-10-27,4,1715.51,Credit Card,Robinport
O004746,C0199,P0051,2026-05-06,3,2167.21,PayPal,New Glendahaven
O004747,C0212,P0076,2025-07-25,3,719.5,Debit Card,Ortegaton
O004748,C0009,P0063,2025-06-04,3,2331.51,UPI,Cynthiachester
O004749,C0253,P0027,2026-02-23,2,2910.69,Debit Card,Lake Alicialand
O004750,C0077,P0068,2025-12-06,4,189.24,UPI,Harringtontown
O004751,C0297,P0019,2026-01-29,5,561.69,UPI,West Paul
O004752,C0170,P0003,2026-04-22,2,557.62,Credit Card,Cartershire
O004753,C0298,P0013,2025-05-13,3,1971.34,Debit Card,East Tammie
O004754,C0069,P0038,2025-06-17,2,1123.51,PayPal,West Kevinstad
O004755,C0032,P0044,2025-12-30,3,1775.27,UPI,West Michelleside
O004756,C0110,P0053,2025-08-03,5,1319.59,Credit Card,Allisonview
O004757,C0154,P0014,2025-07-11,5,308.94,UPI,South Susanmouth
O004758,C0287,P0020,2025-12-29,3,99.38,Credit Card,Kevinland
O004759,C0144,P0042,2025-11-17,1,76.94,Debit Card,South Michelleberg
O004760,C0201,P0009,2026-04-21,1,382.77,PayPal,East Crystal
O004761,C0241,P0049,2025-07-07,1,2227.94,PayPal,South Jake
O004762,C0204,P0018,2025-05-07,5,2233.93,PayPal,Port Elizabethshire
O004763,C0107,P0053,2025-09-11,3,1908.77,Credit Card,Cannonville
O004764,C0010,P0042,2026-03-10,4,960.63,Debit Card,Housemouth
O004765,C0127,P0050,2025-10-04,1,1003.98,UPI,Deannachester
O004766,C0065,P0029,2025-05-09,2,2961.9,Debit Card,East Dawnfurt
O004767,C0050,P0061,2026-01-14,1,2393.19,UPI,Patriciaton
O004768,C0143,P0012,2025-08-09,1,24.64,Credit Card,Collinsborough
O004769,C0287,P0072,2025-07-24,4,210.67,Debit Card,Kevinland
O004770,C0130,P0041,2026-01-10,2,1976.46,Debit Card,North Phillip
O004771,C0225,P0071,2025-09-22,4,2825.85,Credit Card,Port Heatherview
O004772,C0060,P0002,2025-10-10,5,335.16,Credit Card,Nguyentown
O004773,C0081,P0015,2026-01-19,5,542.35,UPI,North Brucestad
O004774,C0062,P0040,2025-06-18,5,2170.92,PayPal,Carlland
O004775,C0192,P0027,2025-09-21,4,2036.44,PayPal,Phillipsport
O004776,C0142,P0058,2026-03-31,2,381.56,PayPal,South Rebeccamouth
O004777,C0097,P0076,2025-11-13,5,253.17,UPI,Brianstad
O004778,C0201,P0018,2025-10-11,2,181.91,Debit Card,East Crystal
O004779,C0024,P0079,2026-04-24,5,861.82,Debit Card,New Ashley
O004780,C0046,P0022,2025-09-29,3,1074.83,PayPal,Lake Matthew
O004781,C0098,P0073,2026-04-11,3,2076.71,Debit Card,Chungport
O004782,C0171,P0022,2026-01-05,5,2505.06,Debit Card,West Kimberly
O004783,C0043,P0013,2025-08-16,4,2563.06,UPI,Scottburgh
O004784,C0041,P0021,2026-03-01,1,2978.67,UPI,Lake Alishaland
O004785,C0292,P0022,2025-10-03,5,2381.37,PayPal,Port Wesleyshire
O004786,C0257,P0056,2025-09-20,4,938.65,Debit Card,Erinview
O004787,C0206,P0024,2025-10-15,1,116.3,Credit Card,Christopherberg
O004788,C0258,P0079,2025-07-08,2,107.18,Debit Card,South Elizabeth
O004789,C0128,P0045,2025-12-26,2,1303.23,Debit Card,East Angelaport
O004790,C0217,P0024,2026-04-26,2,2266.24,UPI,Bryceside
O004791,C0082,P0017,2025-11-29,2,1097.95,Debit Card,South Eric
O004792,C0087,P0035,2025-06-09,3,2020.22,UPI,Rojasberg
O004793,C0120,P0003,2025-06-08,1,1436.47,Credit Card,Williamsbury
O004794,C0272,P0015,2026-03-19,5,2553.11,PayPal,Port Crystalhaven
O004795,C0096,P0029,2025-10-06,5,529.69,UPI,East Kimberlytown
O004796,C0193,P0030,2026-03-12,4,1796.04,PayPal,Johnathanstad
O004797,C0191,P0022,2025-08-02,1,1510.37,Debit Card,Wheelershire
O004798,C0064,P0038,2025-08-11,5,1239.45,PayPal,Stephenchester
O004799,C0088,P0065,2026-03-11,5,1075.7,Debit Card,North Michaelview
O004800,C0022,P0023,2026-01-14,1,2737.62,Credit Card,South Andrea
O004801,C0144,P0041,2025-11-03,5,516.31,UPI,South Michelleberg
O004802,C0220,P0076,2026-01-22,1,1097.17,Credit Card,Riveraport
O004803,C0221,P0071,2025-05-21,5,591.01,Credit Card,North Rebeccamouth
O004804,C0098,P0066,2026-01-11,4,1053.08,Credit Card,Chungport
O004805,C0174,P0060,2026-04-29,4,1389.9,Debit Card,Romanport
O004806,C0218,P0027,2025-11-11,2,665.53,Credit Card,North Crystal
O004807,C0127,P0053,2026-02-07,3,1902.33,PayPal,Deannachester
O004808,C0173,P0003,2026-04-06,2,1305.55,Debit Card,Torresberg
O004809,C0018,P0044,2026-01-08,5,565.79,Debit Card,West Troyhaven
O004810,C0194,P0002,2025-06-01,4,1787.82,PayPal,Gabrielmouth
O004811,C0023,P0039,2025-12-11,1,1593.23,Debit Card,Hallview
O004812,C0129,P0072,2026-04-16,2,2949.44,UPI,East Julia
O004813,C0041,P0047,2025-09-08,2,2631.58,Debit Card,Lake Alishaland
O004814,C0161,P0015,2025-07-31,2,1089.8,Credit Card,North Karen
O004815,C0181,P0014,2025-07-27,2,2691.52,UPI,Lake Ryan
O004816,C0059,P0074,2025-12-06,1,857.81,UPI,Lake Stacey
O004817,C0052,P0025,2025-07-13,4,2661.47,Debit Card,Racheltown
O004818,C0074,P0016,2025-12-01,4,230.57,Credit Card,Port Clayton
O004819,C0289,P0002,2025-09-14,2,2862.53,Credit Card,Port Juanside
O004820,C0209,P0061,2026-05-05,1,1938.68,Credit Card,West Judy
O004821,C0117,P0041,2025-08-07,4,1114.04,Credit Card,East Judithfurt
O004822,C0181,P0018,2025-07-20,1,1641.42,PayPal,Lake Ryan
O004823,C0083,P0019,2026-02-15,2,1680.85,Credit Card,East Juliaport
O004824,C0220,P0025,2026-03-30,5,239.74,Credit Card,Riveraport
O004825,C0009,P0023,2026-04-21,2,1438.48,Credit Card,Cynthiachester
O004826,C0167,P0034,2025-09-11,4,425.74,PayPal,Geraldbury
O004827,C0295,P0055,2025-10-03,1,1321.37,UPI,Darrylport
O004828,C0270,P0080,2025-12-04,4,1619.5,Debit Card,Younghaven
O004829,C0198,P0055,2025-12-27,1,269.03,Debit Card,West Kristen
O004830,C0172,P0033,2025-10-07,3,817.81,UPI,Williamstad
O004831,C0208,P0002,2025-10-26,1,1892.76,PayPal,Zacharyberg
O004832,C0009,P0071,2026-03-23,4,263.1,Credit Card,Cynthiachester
O004833,C0230,P0010,2025-05-15,1,521.91,Debit Card,South Rachelton
O004834,C0131,P0039,2025-05-24,4,2325.94,PayPal,Spencerland
O004835,C0004,P0001,2025-08-20,1,1371.97,PayPal,East Hunterberg
O004836,C0011,P0039,2025-05-16,1,2683.55,PayPal,Parsonschester
O004837,C0063,P0073,2025-10-10,2,2537.99,UPI,East Troy
O004838,C0027,P0067,2026-03-16,4,2946.28,Debit Card,New Andre
O004839,C0008,P0024,2025-09-02,3,1963.28,Debit Card,West Ryantown
O004840,C0272,P0023,2026-03-07,5,2765.41,PayPal,Port Crystalhaven
O004841,C0051,P0071,2025-10-19,5,1120.0,Credit Card,Brianport
O004842,C0117,P0016,2025-08-21,4,1197.25,PayPal,East Judithfurt
O004843,C0111,P0005,2025-11-15,2,503.14,Credit Card,Williamshire
O004844,C0140,P0055,2025-06-04,5,2707.54,PayPal,New Matthew
O004845,C0130,P0043,2026-04-07,2,2038.12,PayPal,North Phillip
O004846,C0032,P0037,2025-05-10,2,2232.78,Debit Card,West Michelleside
O004847,C0097,P0059,2026-01-08,1,1460.83,PayPal,Brianstad
O004848,C0089,P0052,2026-04-01,3,2204.65,UPI,Taylorburgh
O004849,C0223,P0001,2026-02-26,1,2652.09,Debit Card,New Kayla
O004850,C0153,P0068,2025-09-29,5,326.67,Credit Card,Lake Jesus
O004851,C0270,P0024,2025-09-30,5,1056.15,Debit Card,Younghaven
O004852,C0282,P0051,2025-07-11,2,2230.26,Credit Card,North Jeremy
O004853,C0134,P0047,2025-10-15,4,2049.54,Debit Card,East Sethmouth
O004854,C0224,P0012,2026-02-09,2,1949.9,Credit Card,West Michelleland
O004855,C0161,P0037,2026-03-22,1,1923.76,PayPal,North Karen
O004856,C0141,P0038,2025-07-03,1,1531.47,PayPal,Farmerburgh
O004857,C0255,P0044,2026-02-06,4,1273.82,Debit Card,Schmidtmouth
O004858,C0299,P0030,2025-12-12,2,1672.99,Debit Card,Marieland
O004859,C0110,P0077,2025-12-07,3,755.0,Credit Card,Allisonview
O004860,C0121,P0078,2025-06-03,1,432.81,Credit Card,Port Richardstad
O004861,C0111,P0027,2025-11-17,2,2773.6,Credit Card,Williamshire
O004862,C0206,P0016,2026-01-29,5,2193.39,UPI,Christopherberg
O004863,C0226,P0048,2026-04-14,1,1419.43,PayPal,Theresaview
O004864,C0235,P0052,2025-09-20,4,422.76,Credit Card,North Theresa
O004865,C0111,P0015,2025-07-15,3,814.68,Credit Card,Williamshire
O004866,C0058,P0070,2026-01-16,2,2959.92,Credit Card,Ruiztown
O004867,C0244,P0068,2025-09-18,3,2891.96,Credit Card,Port Laura
O004868,C0040,P0029,2025-08-17,5,1189.86,Debit Card,North Jacqueline
O004869,C0104,P0005,2025-09-06,1,2222.83,Debit Card,Port Connieview
O004870,C0166,P0064,2026-02-26,1,1413.99,PayPal,Brittanyberg
O004871,C0159,P0059,2025-11-24,2,2922.27,PayPal,Mullenburgh
O004872,C0252,P0023,2025-12-01,4,317.24,Debit Card,North Veronicaside
O004873,C0111,P0017,2025-05-09,2,2352.77,UPI,Williamshire
O004874,C0297,P0042,2025-07-06,1,2364.41,UPI,West Paul
O004875,C0068,P0064,2026-02-06,2,2610.31,Credit Card,West Cory
O004876,C0218,P0011,2026-04-17,2,537.72,UPI,North Crystal
O004877,C0148,P0042,2025-08-01,1,1641.08,UPI,Lake Megan
O004878,C0218,P0024,2025-12-05,4,2003.63,Credit Card,North Crystal
O004879,C0261,P0018,2025-09-10,2,2381.6,PayPal,Pattersonland
O004880,C0067,P0066,2025-07-20,5,1841.49,UPI,Smithfurt
O004881,C0011,P0064,2026-01-07,3,2124.25,Debit Card,Parsonschester
O004882,C0087,P0070,2026-03-04,5,1957.33,Debit Card,Rojasberg
O004883,C0286,P0075,2025-05-18,2,753.72,PayPal,Martinezberg
O004884,C0151,P0071,2025-07-01,2,1562.22,PayPal,West Zacharyview
O004885,C0022,P0051,2025-11-17,3,1740.41,Debit Card,South Andrea
O004886,C0065,P0029,2026-05-07,3,1912.53,Credit Card,East Dawnfurt
O004887,C0124,P0027,2025-06-21,4,1917.88,UPI,New Nathan
O004888,C0289,P0004,2025-11-11,2,2107.39,PayPal,Port Juanside
O004889,C0113,P0080,2025-11-29,2,1654.5,PayPal,North Pamela
O004890,C0049,P0003,2026-03-26,3,571.84,PayPal,West Jasonstad
O004891,C0201,P0062,2025-12-02,1,2536.6,Debit Card,East Crystal
O004892,C0278,P0014,2025-10-06,4,48.98,UPI,North Emilyville
O004893,C0129,P0001,2026-03-12,1,2565.82,Debit Card,East Julia
O004894,C0283,P0063,2025-06-01,4,2923.33,Credit Card,New Craigborough
O004895,C0015,P0079,2026-03-01,4,427.91,Credit Card,East Brandon
O004896,C0201,P0034,2025-06-29,1,2120.24,UPI,East Crystal
O004897,C0039,P0028,2025-05-12,4,2981.41,UPI,Port Tracyside
O004898,C0203,P0064,2025-06-05,5,2046.47,UPI,Pierceside
O004899,C0006,P0071,2026-05-07,2,2243.52,Credit Card,Port Vickie
O004900,C0022,P0045,2025-11-09,1,2200.82,Credit Card,South Andrea
O004901,C0145,P0060,2025-07-29,3,2872.34,Credit Card,Jennifertown
O004902,C0167,P0077,2025-08-23,4,2441.53,Debit Card,Geraldbury
O004903,C0141,P0077,2025-05-27,5,582.42,Debit Card,Farmerburgh
O004904,C0220,P0007,2025-10-13,1,995.11,UPI,Riveraport
O004905,C0167,P0009,2026-03-16,4,65.45,Credit Card,Geraldbury
O004906,C0010,P0073,2025-07-21,5,1774.14,Credit Card,Housemouth
O004907,C0276,P0058,2025-07-31,5,415.72,Credit Card,Lake Jimmy
O004908,C0138,P0008,2026-03-16,1,2442.17,Debit Card,South Steve
O004909,C0161,P0022,2025-07-15,4,1989.57,Debit Card,North Karen
O004910,C0108,P0075,2025-11-19,3,504.55,Credit Card,Molinaburgh
O004911,C0170,P0022,2026-02-20,3,1485.41,UPI,Cartershire
O004912,C0126,P0047,2026-04-04,4,2882.69,Credit Card,Singletonfurt
O004913,C0159,P0046,2026-02-16,3,2400.28,Debit Card,Mullenburgh
O004914,C0139,P0024,2025-05-23,4,1674.42,Credit Card,Chapmanberg
O004915,C0241,P0036,2025-05-16,5,2336.3,Debit Card,South Jake
O004916,C0189,P0031,2025-07-12,2,591.43,PayPal,Lake Georgefurt
O004917,C0300,P0052,2025-07-22,2,1624.21,Debit Card,North Sarah
O004918,C0218,P0063,2025-11-21,4,401.65,UPI,North Crystal
O004919,C0041,P0069,2025-07-14,2,909.74,Debit Card,Lake Alishaland
O004920,C0257,P0060,2025-07-30,5,1736.98,UPI,Erinview
O004921,C0042,P0024,2025-10-13,1,1202.22,PayPal,Lewischester
O004922,C0207,P0046,2025-12-06,3,1443.22,Debit Card,Castillofurt
O004923,C0124,P0074,2025-06-07,2,1656.87,Credit Card,New Nathan
O004924,C0103,P0012,2026-01-11,1,1758.31,Debit Card,Hubbardberg
O004925,C0265,P0077,2026-02-05,1,670.78,Debit Card,West Brenda
O004926,C0150,P0073,2026-03-15,5,1586.9,PayPal,North Paulside
O004927,C0010,P0064,2026-04-04,3,2100.3,UPI,Housemouth
O004928,C0278,P0016,2025-08-21,4,883.64,PayPal,North Emilyville
O004929,C0174,P0055,2026-01-11,2,125.47,UPI,Romanport
O004930,C0172,P0071,2025-08-15,2,2654.26,Credit Card,Williamstad
O004931,C0148,P0036,2026-01-20,5,1476.77,PayPal,Lake Megan
O004932,C0080,P0034,2025-10-19,1,1157.38,UPI,West Katherinebury
O004933,C0233,P0074,2025-12-08,4,2555.07,PayPal,South Jose
O004934,C0131,P0074,2025-08-07,3,2587.76,PayPal,Spencerland
O004935,C0137,P0021,2025-12-30,3,1423.66,UPI,Wilsonfurt
O004936,C0029,P0066,2025-09-19,1,2320.2,Debit Card,Michaelview
O004937,C0231,P0050,2025-11-24,5,1875.28,PayPal,Matthewport
O004938,C0122,P0072,2026-03-17,4,2161.35,UPI,Eugeneport
O004939,C0245,P0026,2025-12-12,2,1365.52,Debit Card,Adamsmouth
O004940,C0195,P0047,2026-04-20,1,2347.48,Credit Card,Port Patrickville
O004941,C0101,P0026,2025-08-01,3,904.01,Credit Card,Kristenfort
O004942,C0047,P0046,2025-05-13,1,114.98,Credit Card,Lake Danielville
O004943,C0227,P0049,2025-07-20,1,1536.58,Credit Card,Isaacview
O004944,C0085,P0056,2026-02-18,5,2726.77,UPI,Delgadofurt
O004945,C0050,P0074,2025-08-05,2,68.34,Credit Card,Patriciaton
O004946,C0029,P0070,2025-10-07,4,250.74,UPI,Michaelview
O004947,C0050,P0016,2026-02-15,1,119.03,Debit Card,Patriciaton
O004948,C0159,P0079,2025-05-16,3,510.4,Debit Card,Mullenburgh
O004949,C0220,P0038,2025-11-02,3,454.51,Credit Card,Riveraport
O004950,C0292,P0068,2025-09-06,3,2185.39,PayPal,Port Wesleyshire
O004951,C0148,P0012,2025-11-01,2,2742.03,Credit Card,Lake Megan
O004952,C0068,P0023,2025-08-30,2,1630.93,PayPal,West Cory
O004953,C0021,P0025,2025-05-27,2,156.27,PayPal,Cherylmouth
O004954,C0016,P0011,2025-07-25,5,2548.19,Credit Card,New Anthony
O004955,C0033,P0006,2026-03-31,4,1302.44,Credit Card,New Christianshire
O004956,C0084,P0034,2025-11-17,5,409.21,PayPal,New Kyle
O004957,C0185,P0061,2025-09-05,4,2073.38,UPI,Vanessaburgh
O004958,C0197,P0080,2025-10-28,2,109.81,Debit Card,Jamesborough
O004959,C0119,P0076,2025-11-26,2,60.24,UPI,Grayfort
O004960,C0064,P0021,2026-03-13,4,2098.32,UPI,Stephenchester
O004961,C0091,P0039,2026-04-27,1,99.15,PayPal,East Charles
O004962,C0213,P0065,2025-10-08,2,124.63,PayPal,Millerhaven
O004963,C0265,P0068,2025-08-07,3,1382.06,PayPal,West Brenda
O004964,C0006,P0012,2026-01-20,5,126.95,UPI,Port Vickie
O004965,C0025,P0066,2025-05-08,2,2168.15,Debit Card,Port Anthonychester
O004966,C0268,P0037,2025-12-06,3,422.4,PayPal,Maldonadoview
O004967,C0169,P0064,2025-07-01,3,652.11,UPI,Edwardsview
O004968,C0050,P0022,2025-08-19,2,2191.28,PayPal,Patriciaton
O004969,C0247,P0025,2026-03-23,3,1686.57,Credit Card,Lake Jenniferland
O004970,C0229,P0074,2026-02-18,2,615.46,UPI,Smithview
O004971,C0254,P0001,2025-12-31,3,422.42,Debit Card,Hillshire
O004972,C0230,P0027,2025-09-10,1,2143.46,Credit Card,South Rachelton
O004973,C0107,P0007,2025-09-16,2,2695.74,UPI,Cannonville
O004974,C0199,P0033,2025-06-26,5,1092.18,UPI,New Glendahaven
O004975,C0091,P0044,2025-05-08,1,1631.41,PayPal,East Charles
O004976,C0085,P0067,2025-12-15,1,714.63,Credit Card,Delgadofurt
O004977,C0117,P0014,2026-03-12,2,379.14,Debit Card,East Judithfurt
O004978,C0037,P0054,2025-12-11,1,2418.55,Debit Card,Lake Jeanetteview
O004979,C0117,P0011,2026-01-22,2,2588.54,PayPal,East Judithfurt
O004980,C0207,P0058,2025-07-09,2,1876.12,PayPal,Castillofurt
O004981,C0074,P0044,2025-05-15,4,1505.79,PayPal,Port Clayton
O004982,C0252,P0077,2025-12-23,5,645.67,Debit Card,North Veronicaside
O004983,C0005,P0024,2026-01-30,3,396.83,Debit Card,Laneside
O004984,C0299,P0049,2025-09-20,2,2996.51,Debit Card,Marieland
O004985,C0194,P0036,2026-02-18,5,2603.1,Debit Card,Gabrielmouth
O004986,C0031,P0028,2025-06-06,5,793.36,Credit Card,East Deannahaven
O004987,C0216,P0022,2025-05-27,3,393.8,Debit Card,North Mariastad
O004988,C0217,P0047,2025-12-20,4,1677.06,UPI,Bryceside
O004989,C0254,P0053,2026-03-21,5,2001.77,Debit Card,Hillshire
O004990,C0058,P0029,2026-05-05,5,1937.35,UPI,Ruiztown
O004991,C0292,P0054,2025-10-15,5,1584.8,UPI,Port Wesleyshire
O004992,C0134,P0080,2026-04-24,1,185.8,Credit Card,East Sethmouth
O004993,C0042,P0058,2025-10-07,5,1438.08,UPI,Lewischester
O004994,C0123,P0014,2026-02-19,2,2741.98,UPI,East Tonyshire
O004995,C0102,P0054,2025-07-03,3,2453.81,Debit Card,Allenville
O004996,C0207,P0022,2025-10-18,1,1032.66,PayPal,Castillofurt
O004997,C0076,P0032,2025-09-09,4,305.29,UPI,Hessville
O004998,C0220,P0016,2026-04-14,3,107.05,UPI,Riveraport
O004999,C0205,P0021,2026-03-25,1,2804.46,PayPal,Spencetown
O005000,C0148,P0003,2025-10-31,3,2351.3,PayPal,Lake Megan
O999991,C1001,P0001,2026-05-01,-2,500,Credit Card,Chicago
O999992,,P0002,2026-05-01,2,100,UPI,Dallas
O999993,C1003,P0003,2026-05-01,1,-50,Debit Card,New York